t,x_real,y_real,z_real,x_sim_1_step,y_sim_1_step,z_sim_1_step,x_gp_1_step,y_gp_1_step,z_gp_1_step,x_sim_2_step,y_sim_2_step,z_sim_2_step,x_gp_2_step,y_gp_2_step,z_gp_2_step,x_sim_3_step,y_sim_3_step,z_sim_3_step,x_gp_3_step,y_gp_3_step,z_gp_3_step,x_sim_4_step,y_sim_4_step,z_sim_4_step,x_gp_4_step,y_gp_4_step,z_gp_4_step,x_sim_5_step,y_sim_5_step,z_sim_5_step,x_gp_5_step,y_gp_5_step,z_gp_5_step,x_sim_6_step,y_sim_6_step,z_sim_6_step,x_gp_6_step,y_gp_6_step,z_gp_6_step,x_sim_7_step,y_sim_7_step,z_sim_7_step,x_gp_7_step,y_gp_7_step,z_gp_7_step,x_sim_8_step,y_sim_8_step,z_sim_8_step,x_gp_8_step,y_gp_8_step,z_gp_8_step,x_sim_9_step,y_sim_9_step,z_sim_9_step,x_gp_9_step,y_gp_9_step,z_gp_9_step,x_sim_10_step,y_sim_10_step,z_sim_10_step,x_gp_10_step,y_gp_10_step,z_gp_10_step,x_sim_11_step,y_sim_11_step,z_sim_11_step,x_gp_11_step,y_gp_11_step,z_gp_11_step,x_sim_12_step,y_sim_12_step,z_sim_12_step,x_gp_12_step,y_gp_12_step,z_gp_12_step
0.0,0.31105614249454866,-1.8753321710451156,1.1428586950582889,-0.7307678894480585,-2.767184719862068,-2.461597275291659,0.7960281582289392,-1.8044660563014248,-1.618458538408813,-0.3811236571661003,-2.5169978314400865,-2.5606136686455003,1.4337568477790807,-1.3817292355494946,-1.3861253100179733,0.03174506735178273,-2.450910309938412,-1.5659774660048864,1.5524340423411023,-1.2853899429965414,-0.3425710650106901,0.509301086220173,-2.239773011910451,-0.3781195626177136,1.7312882971054768,-0.9946079277968516,0.4545156785909005,1.0680877425478186,-1.9031033967255606,0.6153123926091653,1.978393198565489,-0.5883494547553485,0.8534131713873983,1.6137099344853079,-1.5392214410352478,1.3752299771319176,2.2924864619887,-0.283478240326664,0.9910440020880973,2.191894575071389,-1.2380776320616516,1.8971181131322012,2.5630664888347807,-0.2211270222539865,1.3205088286801963,2.7190509148541198,-0.9083899287044517,2.1779126156955733,2.881650290950501,-0.1238319103449862,1.5894586781567221,3.1799460088721565,-0.5518529173987963,2.2091853509855546,3.2402788862593366,0.06539847632990425,1.7444905442654117,3.656145371117152,-0.26964494417524243,2.0231872915373414,3.6695615131676975,0.18214409543433385,1.8065599372425718,3.9794429651952146,-0.056005562637793105,1.6516846901921538,3.975995851649602,0.17747084448332384,1.8635294689349151,4.068509595285012,0.10423287102351075,1.1511534800830325,4.058185709045795,0.255743652933784,1.9656027482051326
0.05,0.08915075221133444,-1.745690580072956,1.0134375074505877,-0.8075168336118743,-2.6155505348303087,-2.706162929515207,0.7131094895388728,-1.5982047436564262,-1.459803062743607,-0.5837027580527931,-2.511840721946328,-2.636763062243944,1.020933867957166,-1.5405467849160335,-1.4077422455049766,-0.18935830974149193,-2.600031639860778,-1.410225655779348,1.4101837973862703,-1.5533411674381805,-0.743750267020515,0.32573577179961344,-2.4282841733815097,-0.2345482744905314,1.4984014281279605,-1.314757437502027,-0.1514047746212256,0.8540962510593619,-2.0540935839981778,0.7363648579716886,1.7838468591993566,-0.836094272148586,0.2968577550457443,1.4205589267186092,-1.6584509231565958,1.4291713882752866,2.116514412449522,-0.37434960448338916,0.6629455124682018,1.9341246341869511,-1.292044204507956,1.8718483915780182,2.4729570180261295,-0.09616212090356369,1.1955922516936093,2.4465307222887933,-1.0110887523242695,2.095427573301074,2.7445104155666864,-0.06446895118520457,1.604837483574012,2.883196171276461,-0.69461569709377,2.1247633324277526,3.017584182519083,0.008954727685446695,1.787007267183619,3.2350568953976877,-0.36067753352558185,1.9534426528670372,3.290045236432978,0.1761052835737673,1.6895565812026967,3.568716634207847,-0.09012647134242435,1.6074155098559686,3.583114404435522,0.29011078284635994,1.5414621013210592,3.7432035592493995,0.12936391179195983,1.1364360134097218,3.739160200231137,0.3036030266594599,1.6171195993523388
0.1,-0.04071485692430722,-1.3494166207215128,0.46807580143249566,-0.802224519928616,-2.39349436036552,-2.870606900958601,0.6347724095529415,-1.2311081011921559,-1.5820875784900668,-0.6134074356110308,-2.3204097818523417,-2.746446775170813,0.9407863702478547,-1.4057691230643816,-1.2161604826047725,-0.3566711268965084,-2.494115291333192,-1.4153765713991406,0.9697729221237825,-1.6574423767444448,-0.950720367341881,0.13346169121163376,-2.493288389072128,-0.07786028725509597,1.378478796855552,-1.538494421703702,-0.5814363335852829,0.6958647019933406,-2.1664326883291407,0.8711233626194692,1.5130533550018543,-1.1042005049917296,-0.26994449388477504,1.2228984972461898,-1.708712103235337,1.5489570778910766,1.877094078693273,-0.5491335376252895,0.12622491541395164,1.7374806243714858,-1.331557674123225,1.9279255320119826,2.2645934637362855,-0.11910201706766843,0.7909416996926797,2.1560857549894985,-1.01883744601031,2.0875746896665968,2.6080105141434577,0.08974971587417246,1.4581996510230755,2.562459001030948,-0.7876233051973935,2.069300848263697,2.8270734595593154,0.07490507869604113,1.740090660889648,2.8839820765367508,-0.5036899868376565,1.9010907835316508,3.0135110123007274,0.1220525682064606,1.8154645125357762,3.0789734697244664,-0.20508385171814858,1.5834742320010835,3.1421155657091018,0.2583712971530751,1.5519889057894771,3.260881446352657,0.05218529693231222,1.1386448756371461,3.2808955885759694,0.3628118343110138,1.4300778385903934
0.15000000000000002,0.0019762698604876413,-0.7167638348203476,-0.273663724458435,-0.7199544371578459,-2.0732922211532756,-2.961725224810493,0.631009424238423,-1.1083978733857869,-1.6621120515291847,-0.5729121256633762,-2.0868797365173863,-2.8125276327337905,0.6989211705518554,-1.134350093769666,-1.1759340109869263,-0.3424495726613408,-2.2428211256442943,-1.470045759184041,0.8297279051552366,-1.5663491921237007,-0.8455308005791601,0.024330186873167126,-2.270218086270064,-0.03726621143891884,0.9287637856827393,-1.576512146046622,-0.6427324632957441,0.5616328603607412,-2.1334077676705165,1.0214091355610155,1.37906581593443,-1.26921354436939,-0.3894632696436091,1.1078173856192786,-1.7311609445107745,1.670074327689941,1.6080895128197095,-0.7498823658798064,-0.12191400161931054,1.5720167381632222,-1.2771038168089621,2.0395354181158654,1.9995923575043975,-0.22041284383853554,0.36982850790399335,1.9701561090961839,-0.9784573302707766,2.143132980718785,2.390637301440283,0.12898711196001256,1.0391753974964613,2.260962790075869,-0.7501042616347409,2.0774442088709657,2.6709433288976028,0.25157917393497153,1.51962874973607,2.5401151837641223,-0.5783590781527304,1.8725907656403167,2.803662536901841,0.198851769527003,1.8365969635067065,2.702119806448182,-0.3375629634318278,1.5601814058411028,2.851121625735843,0.2157903968256638,1.7630190145928095,2.7394636574001496,-0.0769726897555012,1.1493068521512566,2.825593977038932,0.316125036612578,1.4967926397129168
0.2,0.20371212008324766,-0.17417435316673868,-0.599120615963085,-0.4795795075775988,-1.6474195376266154,-2.8657909330897136,0.5427806388588565,-0.7938138683327408,-1.3707800218502006,-0.4460582987963857,-1.7654825128710083,-2.822491608986558,0.6492773264212479,-0.9474742824988495,-0.9765198709744354,-0.2630627232913185,-1.9816540520009918,-1.515910510305366,0.527400464685341,-1.3897317595778558,-0.31981060392566807,0.09031409882287456,-1.9662390893826975,-0.0777352090348582,0.6944548082752255,-1.5284950094163725,-0.02909599777982602,0.5262352242907342,-1.7998721146223717,1.0789946398150163,0.9573206020407441,-1.2617480687921976,0.27210011484856444,1.0446691177006007,-1.60248119941663,1.8006644966780727,1.4236544038890613,-0.8625746485308181,0.2494752714599544,1.5066367987141027,-1.2110967873874223,2.1398615006139563,1.7325347594576055,-0.3628644609417153,0.3407686917742667,1.844694673482794,-0.8312745949445954,2.239686996920341,2.1234524375549166,0.09075505897213787,0.6372616819344212,2.0952996443581116,-0.639957301437506,2.130527976328369,2.4699552995897953,0.3437393081977791,1.0597036003267317,2.2451641702686964,-0.5019853010309117,1.8948198769465074,2.653129342330108,0.3911387937542816,1.6717674533080542,2.3575003205425658,-0.3898406024541723,1.5552212949023207,2.656908303080141,0.305464486869654,1.8820849112189824,2.3601087280056743,-0.19263489954417956,1.14857698775456,2.5550846312655358,0.29134860236498794,1.7205344209411462
0.25,0.4534785303864769,0.154793410104189,-0.7100359788880143,-0.18865584645466837,-1.3834843515878736,-2.706757794844308,0.5352957299217027,-0.4878835298326851,-1.2359517219572722,-0.1437889003931625,-1.3480937545790317,-2.676580397413878,0.5816491495390677,-0.5492171311222511,-0.7051827750148192,-0.08710864531927598,-1.6373728295619205,-1.5180029767781278,0.4799842877714844,-0.988430063084577,0.3167185340846361,0.2075586267572005,-1.7019924419355048,-0.13822926297636373,0.3793944533564422,-1.429681614145488,0.6368471261702126,0.6402448114326353,-1.4699201772064807,1.0250838404550011,0.625487468660439,-1.25417784406257,1.0380429629632557,1.0812794277013071,-1.185197537037812,1.8450428104587369,1.0647542537356234,-0.8180126880003056,1.370778947781181,1.5124529270865894,-1.0032610503255146,2.2380188660040035,1.5131319008634485,-0.42367487366483747,0.8786686204092182,1.8270312117693543,-0.6901371992347727,2.3136941912851583,1.8688424654798745,-0.0008439225465628475,0.6062370918208901,2.011133664641984,-0.42152211655831273,2.2082796829981777,2.216461547247052,0.3576866427176626,0.6419412809257972,2.1051401608690155,-0.33787599318196193,1.9449355110103017,2.4780427187705034,0.5255441305280905,1.257055618766456,2.083058745874302,-0.2838815386692195,1.5884715390726016,2.537148576816609,0.5073044790705012,1.8254554802995668,2.0312927626210175,-0.2221654053471056,1.1614504023238696,2.405084161929531,0.3934751342518602,1.881462200237107
0.30000000000000004,0.7481696353178428,0.20497104199159571,-0.6223326843030706,0.08855546221709254,-1.300524889125052,-2.5574944084937234,0.4718406141120117,-0.37246967674493736,-0.9339350290740136,0.184616210387758,-1.1442387844912583,-2.5061006199242506,0.6202328531150606,-0.1584647512358729,-0.768790593298804,0.27896512277213237,-1.191609497024424,-1.3951111135265115,0.46771859169664154,-0.4112179996713523,0.4538673771100199,0.41823510069232794,-1.3698961218011974,-0.16772575257733457,0.34211660207349714,-0.8789371608240012,0.835744932351363,0.7832182197574888,-1.236774379100547,0.9373383682268177,0.3711077651139343,-1.1951260452312444,1.1084261180602313,1.2283123662811346,-0.8609709502249441,1.7622833061663268,0.6967359813053464,-0.8169506521926033,1.9533099684830775,1.6062816277713998,-0.5417998781857847,2.2484125266155064,1.2204006032492225,-0.3302003607443904,2.0007708454817448,1.8899557453587446,-0.42816237474510466,2.3725464819750317,1.6448523614962278,-0.002966626261047711,1.083926643840754,2.0340186439946017,-0.22503376823985732,2.254977542445656,2.0086801134248304,0.3199284183470247,0.5931245702707837,2.0593936259243772,-0.07296760318684647,2.0040994819921756,2.2540259432442915,0.5845546632807761,0.7836009604550667,1.9717796669264687,-0.08341463320009179,1.6356867954431913,2.399457835480241,0.6753581858355543,1.5201442573999469,1.7861789141065025,-0.09641734829888282,1.2017348597570026,2.3363739971474136,0.5988498786770349,1.9091478682303387
0.35000000000000003,1.0102370769941438,0.002916896392436186,-0.06921412366448614,0.3716094093459521,-1.3751117571866134,-2.3975420185012575,0.7190932645053062,-0.2827600459705222,-0.3907271103560488,0.46188714101397244,-1.1654963292656761,-2.3417717426293927,0.5771652209469147,-0.09267293712921232,-0.640340819924833,0.642045528804911,-1.0219785676686266,-1.2705468257334895,0.6397196663493367,0.04384568378742415,0.2467603156634155,0.8018320982875715,-0.9411328981337075,-0.10391421019946279,0.44410059545849356,-0.19081685177902463,0.617287826557258,1.002080259268887,-0.9600013818392572,0.8711397230635609,0.38833427495683015,-0.6006959493192847,0.7677910111373644,1.3791614320329315,-0.6841074169146388,1.6490857296570427,0.5666611539368382,-0.766870900459206,1.6348428304759952,1.766157192846236,-0.25229951510797655,2.135821695397664,0.9098780955699581,-0.30124407605121695,2.4407846702974703,2.020686408150567,0.03549194950864809,2.342358798516669,1.4183810317908552,0.1450233076840104,2.1109267536511336,2.1380492700430596,0.06417343411345477,2.275680921178184,1.7874297958490877,0.37498290787002686,1.0286109162762598,2.113705596434322,0.15761481360244467,2.027152589784053,2.084922452901439,0.5926755905578449,0.5721068865216907,1.9604090859243595,0.20410452052655792,1.6790706696125928,2.215850490009407,0.7696240938105396,1.0339831147049101,1.7041499253882346,0.1240468018143881,1.2459526309118591,2.2486547210808534,0.7941438500181962,1.7360298128287739
0.4,1.1397536537682091,-0.3781262665999094,0.40165671268149633,0.6166972778075452,-1.651314725621864,-2.3699428970807643,0.9680158951370963,-0.3823682271494233,-0.6494940371761591,0.6965495129878962,-1.3457467003824108,-2.163408923544002,0.8444387798177859,-0.12458264928586749,-0.4902872879728608,0.9190922486426523,-1.1147586018357192,-1.1419661848534501,0.7342931913686159,0.07910189086588582,-0.02141142349215852,1.1473250107164645,-0.8272843302936694,-0.03565087120312449,0.7611531526646003,0.25417189597541,0.2133750992690856,1.3458615286566844,-0.603849896545543,0.8733755260922549,0.6426184015624932,0.09183983549077646,0.28063958317201176,1.5794120151427227,-0.4906247016863574,1.554005459886929,0.6745551928389948,-0.22837544815771366,1.033144469206767,1.9070281730086158,-0.14387580455734295,2.0087878505846115,0.8879665148984957,-0.24984468888297007,2.008770134157522,2.174813580457847,0.2698041385444405,2.2100747818925184,1.1841156616894364,0.19463877045838962,2.510947130020976,2.285807645771328,0.49445199378181925,2.210893029791048,1.6427486415326804,0.5610728552415818,1.9826565175986859,2.2431325673790314,0.45013705571912865,2.0173108691015975,1.8764971126117491,0.6911889667961912,0.8110764888076027,2.0382862004578133,0.44920178247741305,1.6849632003658983,2.0811471957301015,0.8118156371705638,0.6388342146204189,1.7222861377628067,0.4143375751709666,1.2772611752030034,2.116001466067429,0.9130851698442668,1.3428064238716564
0.45,1.1273456863709288,-0.6918768967897997,0.517906347633452,0.6909722377717886,-1.853935604527872,-2.403727247995522,1.0075318516236544,-0.507621721192153,-1.0928305108191545,0.8532274607104884,-1.6746052440356474,-2.100492235504093,1.0513451911302827,-0.28121926233192096,-0.6371891919262813,1.1131052677986042,-1.3472673953980685,-0.9928887569931433,1.0164199405913048,-0.030429471581175704,-0.32683502693237454,1.386437261761413,-0.9744896393701419,0.053154789025657845,0.9842227031382147,0.25548959404535965,-0.23025466053299598,1.620474789713049,-0.561277300443157,0.9002147918337189,1.035440329138604,0.4750709426481403,-0.17517512267484947,1.8398601835739548,-0.2430038577116811,1.513336097928677,1.0168979509334295,0.3788038277884802,0.4042607110316827,2.068025452577363,-0.043349786061481765,1.9022125079561991,1.070357602320817,0.15817135142445166,1.3353386521726422,2.2924944797029423,0.30999431088844176,2.084343852469683,1.2265455053516716,0.22682517870386332,2.0819272595065894,2.420559248079058,0.6635743413253792,2.0741186104078744,1.4393586527670474,0.5987083763657721,2.3990638514037,2.3921749724815378,0.8222227645070213,1.931162024153034,1.770648270718299,0.8759004017362144,1.6052376585238841,2.1812237494246554,0.7264344162219505,1.655446237234416,1.885335426628566,0.9328197529583733,0.6140363791169958,1.8172370984612678,0.6582194524601448,1.2728681404852427,2.0202191100092852,0.9777342517138071,0.8774234541874124
0.5,1.017280430744166,-0.9265196745576826,0.46323484671627113,0.7135792541009001,-1.9960938353732605,-2.473009833613478,0.977404715120454,-0.6447786413045076,-1.4486978235529855,0.8826753438557133,-1.86946055738487,-2.0829346301931393,1.0925750619794432,-0.3335410350508292,-0.8113625203738293,1.198016107634281,-1.6563064174035924,-0.9236276871088056,1.1973495741292677,-0.20958187512948268,-0.48219889868692445,1.5171580968735654,-1.2089245971177043,0.1719546464508792,1.241941131778355,0.11752817196443655,-0.45724548169082435,1.7881445589793787,-0.7379488816868651,0.9616168290710636,1.2844156265580677,0.45033044585169857,-0.45354735733056906,2.0102001225313413,-0.2710534426382871,1.5201989630864887,1.3750278651513894,0.6822280519072834,-0.055983650392549045,2.222140164502927,0.08317219491851269,1.8462287120729097,1.3943537967810218,0.6347198530335962,0.6571191505915328,2.403004119819164,0.3233114959038552,1.9848956052191575,1.4211955870933988,0.4916373237998425,1.4202672876710927,2.507534179991474,0.6442717882568694,1.9632112566155764,1.5208055806254475,0.5827897264224629,2.0499411634727505,2.4998880137663417,0.9252192468104603,1.8048148115865517,1.5742295277927754,0.8841495474487244,2.0879437613097003,2.3222906394494256,1.0268783891969058,1.5630518407650045,1.7813223217641632,1.0853627670454813,1.1419302962367923,1.9654910263150698,0.9078700587816169,1.2342874667889259,1.8409815166848829,1.1034774634604976,0.6372721427145199
0.55,0.8733241203359201,-0.9321356436696078,0.39851679600297674,0.6951694179285306,-2.0107096743641506,-2.5174713224816756,1.0319933712324083,-0.7681919135326318,-1.5874845119219465,0.8655456224283986,-1.9463220156802707,-2.082612448436703,1.0179870397867987,-0.6308684048859141,-0.9477159564525466,1.1917044881122685,-1.813249684746756,-0.8898484690327246,1.2081257915075825,-0.3150703483205546,-0.5486017069358134,1.5262745352712637,-1.419280739188764,0.2527277928739802,1.3728363820104348,-0.033268918064996544,-0.4942742681516823,1.8411248663498259,-0.9283310362947983,1.0597008455878576,1.4799341515037858,0.3213595395086921,-0.4331475681187211,2.0892838023592817,-0.4501171695839812,1.5667490872371304,1.5595081400404398,0.6452275033862831,-0.2438740368391572,2.2768817738729927,-0.002826133090145788,1.852724374892755,1.649320426609713,0.8602839417952843,0.21033276033984594,2.4475679612464667,0.3355904993296921,1.9385789722997595,1.6539305908021908,0.832895445879054,0.7660547068886925,2.564649718836811,0.5854612159843686,1.885004903093019,1.6620252940554214,0.7375438930180853,1.4773637805006392,2.5538306245200846,0.859292479009186,1.71818265564085,1.6435987832723917,0.8339934170445953,1.8887862253864025,2.401725757419574,1.0694001104441853,1.458497175622971,1.5787799271259746,1.0581964923244969,1.6948897180971543,2.094304523919142,1.1331794425835229,1.1480984039016089,1.7217151557242165,1.2093284872638979,0.8269708523466226
0.6000000000000001,0.7170029717175932,-0.6926762913986231,0.31670591969976286,0.6721769373477093,-1.8447418148621209,-2.5488847963829375,1.0667983989258132,-0.5941284599326433,-1.205588319023497,0.8273652906735429,-1.8796176501174156,-2.0529370301389305,1.033992641807416,-0.7426305625555139,-0.7780210367214091,1.1431710889728686,-1.8127982296748035,-0.8639518613315966,1.1020772782368982,-0.6367793296761772,-0.3675579117981829,1.4895332302188158,-1.504229349983044,0.29582982899391985,1.3416046201025704,-0.2100873348550445,-0.23151605523876395,1.7779717650493965,-0.9872509522452777,1.152085417767581,1.5388234093370896,0.2053267300968349,-0.14422824990596594,2.063588820163148,-0.5661293775490339,1.6500554886018481,1.672897224695486,0.5389401345910181,-0.09552946947302288,2.266124976990721,-0.16086830839288524,1.8937970443683632,1.7418156627825512,0.8239887160670345,0.05930647276027834,2.393581619657222,0.21013685651824154,1.9574590279475428,1.7855336046028893,0.9965880746148512,0.3678516571314847,2.509929452454105,0.5020598039201385,1.8640255443644507,1.778175943589389,0.9601866771828024,0.9186495339931743,2.560627661162441,0.74686884884823,1.6690670163437542,1.7171322029714315,0.8985775280844943,1.440615704136928,2.425262122521604,0.9707359972085872,1.400894985131635,1.5938268116437369,0.991492506822782,1.7325883456076694,2.1479843229261077,1.1245591217522666,1.0712374338620245,1.521401094149018,1.1501769552763312,1.3525751147888787
0.65,0.6295545442624514,-0.31378299120234604,0.1906158357771261,0.7090898578436866,-1.5110199035445326,-2.5177690975355804,1.0523202078857425,-0.5157430189262027,-0.5581144776400389,0.8083305497969717,-1.613760394992041,-2.0093614221701883,0.9871826916117787,-0.6025938009796157,-0.22348448751775107,1.0890503687603326,-1.660666224640801,-0.8151106692360732,1.034173072711657,-0.7968981091527034,0.03775373023546025,1.4186465648168582,-1.416133910991082,0.328538221324598,1.2052602236009344,-0.5028183540951794,0.18145649027582933,1.7184277096337923,-0.98180069525581,1.1950949207974315,1.473672274672537,-0.04886243741996732,0.4033146565585013,1.939398513702708,-0.45900934685287886,1.7430809701780048,1.6607777831333619,0.44028436674963634,0.4343059576492425,2.1716208197282447,-0.18987071400556665,1.9645793132442047,1.7766909309346826,0.7434172711250628,0.25608402377943773,2.3038208109385776,0.08964186385006734,1.9982001407441892,1.7899568499292318,0.9721682031878531,0.2487514428213493,2.3648445499921706,0.3559499918031417,1.9000474898377522,1.7894382586192648,1.0852820312172424,0.5490184620126859,2.423847403008239,0.5906981482459406,1.6792138458304577,1.7351361029372139,1.0310797016232445,1.001581856619783,2.389376787736006,0.8228881565646207,1.3828148228510584,1.600587271787297,0.9861762527357457,1.4660936893180674,2.1460611642507943,1.0057509896350636,1.0426626593387478,1.4467475430966368,1.0820709490700882,1.6426588039923768
0.7000000000000001,0.622963822537464,0.10012318268289896,-0.008278121538591445,0.7846186894284746,-1.224933649394493,-2.4237921516235006,0.9864094616410426,-0.3456080219936535,-0.6507474681659393,0.8724859491079184,-1.1954876566114692,-1.935583328014208,0.9339448309589189,-0.4672476930374345,0.022485958275601625,1.0669910131937665,-1.2993526511895581,-0.7626277307184759,0.8958498149431684,-0.7023537116114758,0.33404834990460275,1.3571540111744818,-1.1898912410890983,0.3676921460882454,1.0606455293076178,-0.7185286869750653,0.4142853479760956,1.636107611830605,-0.8128616158919755,1.2183925720143107,1.3084825199756889,-0.32182468059426217,0.737035589413688,1.865295750421686,-0.36440375116802315,1.7723306056683052,1.5750024311756496,0.13923394713462156,1.034374243022933,2.0027627490913984,0.06600091098542649,2.044470285789498,1.7149894293433614,0.6705568384268141,0.8556561336344621,2.1571567115406185,0.1454595716974172,2.056557417675204,1.7685921060939886,0.9216362534383779,0.44174669367778874,2.2132810728800343,0.2818686609567589,1.9420198899908216,1.7078438058077092,1.0814986222236946,0.36186716420385157,2.2096321176505254,0.43966211052883786,1.7312361001022825,1.6631266464026038,1.1349566354103473,0.6831553028914563,2.190825260478736,0.6165228796535294,1.4219510284749237,1.5455696514990507,1.0541876764545721,1.1657706769359868,2.076646521952493,0.8379976194623273,1.0524363786754487,1.392348546326498,1.0224342512949374,1.6072555798793329
0.75,0.7066988176991753,0.5664613144528506,-0.06841802338205316,0.9289443359775196,-0.8735193707979461,-2.283673809990551,0.9662350466018124,-0.14181252800720756,-0.8492330760103028,0.972705078862518,-0.8834075094191052,-1.8453018877751104,0.8932014259007099,-0.23708645046635746,-0.253046929212174,1.1387568835996176,-0.8121887925106996,-0.7150122947861681,0.8081342598856198,-0.4102440691519311,0.32530338741558795,1.3310026098898209,-0.7713637349373315,0.3923924434555137,0.8664839770506358,-0.6286375786234708,0.45001325414843774,1.5766462410223459,-0.539609290000973,1.229938002490104,1.1202159562283838,-0.5325380341020778,0.7655144522437746,1.7812644100656267,-0.13520603823858224,1.772832730341929,1.3912888808577197,-0.1125337647912743,1.2395443183679788,1.9226925686814251,0.23355202973785794,2.0496146448223054,1.6197311096293345,0.4047945485646032,1.4069790706650722,1.9623748336199887,0.5133628107199595,2.1131807304135397,1.6851187883943215,0.8981865036775534,0.9907057285818444,2.0331972063702466,0.4105818067446876,1.987675854731748,1.6603524473137843,1.0644767104387167,0.44989725157527016,2.0152600260974425,0.4141809184085865,1.7740114033643672,1.5284163067565595,1.155387277148058,0.47207424405123355,1.9303060505607528,0.4719437002674276,1.4850384746620808,1.4274426559065359,1.1509340453307304,0.8908988110321209,1.8357011245244803,0.6009649568935371,1.1127988288271895,1.280617329036452,1.0435487804623431,1.458488548719317
0.8,0.9074587237792755,0.8979163917047356,0.15746903485169086,1.1655986875446505,-0.521149903002307,-2.147636403118485,1.0004626290720495,0.3419345105273216,-0.7834864572564446,1.1421601074144476,-0.5397030645815803,-1.7293924494721358,0.8893799016290074,0.09637166057258417,-0.3736776937004562,1.247122855745585,-0.4973884169540188,-0.675028069635697,0.809933391726573,-0.08091593966920496,0.20289811578240136,1.3927215361146628,-0.2779334286892343,0.3851935995031974,0.7588053110578112,-0.1734244450214808,0.3755153657459123,1.5476786327091079,-0.11634627538540165,1.211213425912513,0.9074903025637664,-0.3457431432844422,0.7114630922340278,1.730790746118062,0.15293023537563677,1.7491309252453706,1.1896726833137994,-0.21390912602980272,1.1598253038250848,1.8450710555399612,0.49571324594179345,2.021651356164581,1.4339866292335812,0.18873050969295546,1.5259138073048781,1.884942061972364,0.7303015988238037,2.0909319357011005,1.594911180554841,0.7157089549556321,1.4785765105114868,1.8303943694090463,0.847211818417728,2.017293218898027,1.5765744579043068,1.0955456405141413,0.8779560447562988,1.8193315303776214,0.5990310593439485,1.8074651048780128,1.4802908073347738,1.1708411207111802,0.488645533713743,1.7117158325183972,0.4924015105905388,1.5269071456083032,1.272071355923474,1.1953192961910437,0.6517399206623705,1.5492159908675596,0.4698379449309309,1.1797449218591705,1.1404460058529704,1.1412566788200964,1.2153857388086595
0.8500000000000001,1.0987161892330066,0.9748080728607873,0.3171960122964498,1.4154396254042212,-0.3680935888417247,-2.150028921437162,1.3316020604991847,0.5629347139974564,-0.49627825406742243,1.395938745053638,-0.2476234028983404,-1.6232407529356145,0.9737222673159334,0.564681154385664,-0.2931385942354907,1.4170353127028845,-0.18053635623634268,-0.6166746160207226,0.82643590669349,0.33588863922097856,0.1559219472457969,1.4916663096522176,-0.011966022876706006,0.3704811456619006,0.7854234020206974,0.20869736769008995,0.26621975534938325,1.5871178978465212,0.3171977902104395,1.1503240086723403,0.7855919036183296,0.2276512412588414,0.5682547821524322,1.7009958590637435,0.5344654541733806,1.688559502615356,0.977409159296061,0.11609613432261079,1.0582414944090297,1.8080298549133367,0.7694519194443838,1.965668363214446,1.2363833272736817,0.22365092470596148,1.3815556017819048,1.8202849182218566,0.9987437911488506,2.0368683682286925,1.422906668352822,0.5428375563349386,1.5614740302481789,1.763018957397381,1.0895258171251676,1.9712299068378747,1.5123381214047815,0.9830697655321525,1.3027606560472833,1.6235069157904691,1.063472137803565,1.812118981481024,1.418901341497199,1.2423208772073644,0.7721614630979068,1.5152958211149585,0.7154096416100897,1.5491466527008129,1.2404416462395116,1.2384111156911144,0.6115715158039693,1.3222271149469382,0.5302917363479187,1.2179288659311527,0.984777616418944,1.2061149323465743,0.9223594727879836
0.9,1.190980052253559,0.879623098854594,0.4220876914183959,1.5292315790009852,-0.39207156175330216,-2.1602598050100927,1.323712807772432,0.6487422752535261,-0.19216005220937893,1.6235977410322704,-0.2152212136863385,-1.6099242274968262,1.2957687862829332,0.7302689157314888,-0.0846786686203751,1.651635631670813,0.05059236630277297,-0.5601555888000131,0.9974872252136596,0.7754594269115888,0.1546265255446554,1.6343938742788688,0.2331277860358183,0.37579722301567253,0.8199197658096541,0.616617930558663,0.1882651737472204,1.6636802231139003,0.4949443970171874,1.0977991609752669,0.812708434229857,0.5843644108520631,0.35444161151099607,1.7130693214896688,0.8631077941670995,1.5921623562753207,0.8430148804131463,0.6942831655175677,0.8465408876325122,1.7798328291876202,1.0772930508382839,1.8765288827052102,1.0273236165973878,0.6329783397754332,1.2387540381337243,1.7992060097964437,1.2368006364843698,1.9585368961485723,1.2416612981428374,0.6590336863671835,1.393061049881914,1.7157996495761652,1.3429159006770597,1.8989469188902701,1.362775461545945,0.8440412528623309,1.3961017998935565,1.5716969501756584,1.3107387174169993,1.7501709257722138,1.3865869480052393,1.1863570672950634,1.1192494324310212,1.3383342163769933,1.1735298402623506,1.5340428210051331,1.2170382724445958,1.3263154109116686,0.7546055396147602,1.1369946595667224,0.7745725008020221,1.2297997100248519,0.9712411713345377,1.2708828623713768,0.8188544396613833
0.9500000000000001,1.1593226015698341,0.6560278800160932,0.43433979607802226,1.5600011685483441,-0.497683339190198,-2.2106232517089635,1.343994982388466,0.5472361180873266,-0.22351956520892924,1.6920964503070195,-0.3197307506854985,-1.5891283424876517,1.338272962175231,0.7460024142136201,0.06330921372660203,1.8295360688292808,0.005424627426600104,-0.5508462840181877,1.2765965571953861,0.8965329258900661,0.15934813738353049,1.810228276278103,0.38162503907778866,0.39453849026690135,1.0214657983345385,0.9954198982951876,0.12309540039431349,1.7600228916618603,0.6388713162205617,1.0700482083709444,0.8433123344060371,0.9100201157112235,0.21145086993781703,1.7608506111157165,0.937636766263954,1.5235290376585169,0.85661067783197,0.9592782659000005,0.5616826765774606,1.7655869315189858,1.2812802262215728,1.7684030264615826,0.8810094313190167,1.1020619743146007,1.000089418386732,1.7751919758492367,1.4555923353902411,1.8580272881610664,1.0409324021184785,1.050606336631628,1.234642287652635,1.7113932676855892,1.5332421432684562,1.8106585337815555,1.2127770433794782,0.9821544016584924,1.2685567702701692,1.5442850020066268,1.5345850423853102,1.6697489327222461,1.2676339702434196,1.0429083608701974,1.250815113493289,1.3061881612785908,1.410265516864988,1.4654037032085843,1.2188677898208313,1.3073664191603314,1.0008927378636552,0.9867390425364642,1.2009549132743214,1.200833538051899,0.987036016367525,1.3545558036988345,0.8472429011478899
1.0,0.9598456762911894,0.38679057846477854,0.2511745952460188,1.4707213075938186,-0.6602697039921956,-2.3412860433254887,1.2323967129316848,0.5161187450609819,-0.7740221094584847,1.6593081440284003,-0.4772340683387233,-1.596049124860049,1.335075174109664,0.5853446980616503,0.04350307258926844,1.8499413658171622,-0.14925072276827933,-0.5295558310646609,1.3878471391773215,0.8542122402588423,0.13915440296116421,1.9095814969662686,0.28976149530151485,0.4025440143433895,1.2355781282246316,1.0714552897732972,0.09593565082648653,1.852477609090925,0.6961970462161338,1.0695941383512313,1.0053990254589367,1.2064351705075729,0.14975090518603262,1.8031284025838057,0.9748057713873326,1.483151747719415,0.8610503620619401,1.1702510622290077,0.3727013910072714,1.78396942508897,1.258048053222458,1.7019834417427082,0.8758406699605303,1.2578812849856,0.7214247235188457,1.7396768462240568,1.5362408990516618,1.758345953410716,0.8866238955796271,1.371160577120074,1.020371368378651,1.6934544090752413,1.6612078444206002,1.7139938746980032,1.0422929723637042,1.2952607658925945,1.147200286445719,1.5558514946780755,1.6728726986822284,1.5829656194592863,1.1537793817373343,1.1605702672687555,1.1874895055994363,1.2998412203138443,1.5963573855611513,1.3863203600952,1.1374983960018474,1.1309002261714536,1.172555961025731,0.9762374573108512,1.416582847793868,1.1334728718126135,1.0209192493948192,1.3594374100045767,0.9658061916457961
1.05,0.7787134625356881,0.3185613894965221,0.13969088813456276,1.3633764281698257,-0.7330149961918142,-2.3899695606208935,1.0657254205621702,0.4976552926692397,-1.1730202412374706,1.5145226958030333,-0.6319211311168615,-1.6662468342084882,1.1884828628509652,0.5374745343689962,-0.10104003785443716,1.7653281931578146,-0.32584644364283655,-0.5283812809924809,1.3602999303289263,0.6702459162057057,0.17928172173560086,1.8832360711290552,0.11617347480153306,0.4174043091978663,1.3660023270824042,0.9899969913655942,0.18079504546028688,1.8607100340231542,0.5867211381640836,1.0787804424366314,1.140078816703288,1.2480956498825155,0.21644515806451903,1.8060798111721865,0.9483555887650708,1.4774712783019628,0.9451755659195529,1.381848358899529,0.31712935899770267,1.7740968499051712,1.2007620885051518,1.6643007670131396,0.843346277300068,1.3553825596464892,0.5430911956802178,1.732185676096888,1.4331043411133582,1.7053353258629302,0.8607173381728395,1.4339515895912027,0.8065204797284656,1.6429354906090776,1.6328474215172184,1.6351745671057472,0.8901669748531045,1.487411188036266,1.0012977307817144,1.544932201709186,1.7169269694224054,1.500754800376421,1.0115315737318338,1.3938696868553009,1.1173772904696242,1.3264288877174946,1.683822622168063,1.3096975239476898,1.0640135249575684,1.2125100276912262,1.1841924615536439,0.9906725100145086,1.5616866411586061,1.0627864697534173,0.9795008689939637,1.1369646225770675,1.1378192143459198
1.1,0.5813868116885053,0.22469775389169805,0.21984259981323823,1.2515247140361774,-0.7579287040794247,-2.3885483721827825,0.9582689138769784,0.4241077889060447,-1.2440249155733265,1.3869592345703907,-0.6717944815331123,-1.6678181763803304,1.008053458435348,0.510375030543476,-0.18142906887315458,1.5772057526984828,-0.44354760626703627,-0.570262382479198,1.183203489344845,0.6195889404315011,0.2624524215214046,1.7644895265435068,-0.045149130380561786,0.4146316914768994,1.3222583415823448,0.8017936378969176,0.35556199599554367,1.796648068984188,0.4236572410799777,1.084403509820614,1.255489342714169,1.1412636447575184,0.4099380252582906,1.727538008866607,0.8441687095700834,1.4859576344787928,1.000838534773338,1.4064955653389137,0.43968574872354815,1.6958800990211853,1.1079242869567718,1.6615694494357454,0.8540739643207784,1.4993309397997965,0.5057159217539191,1.678406928425431,1.3031829690475183,1.6786890832467587,0.7902049752529964,1.4434662530315037,0.6777336440951898,1.6148795185773768,1.4720957080679353,1.5998465827160915,0.8379598190688218,1.4809170333494592,0.8750100489591179,1.4852580177560004,1.599503061371017,1.4477326353191273,0.8627440489701916,1.4779905824715203,1.0398878314921602,1.3232964994229346,1.655567683612258,1.247540253213636,0.9449200081034506,1.384778758475266,1.173431112693037,1.0307191920729042,1.6028847249260192,1.0013616856003242,0.9483837537782767,1.184537438400368,1.2142472627999414
1.1500000000000001,0.36730833911640365,0.25297916817452243,0.39112997645616293,1.1098419431695083,-0.7245701877480393,-2.4048155102630147,0.6482948276065492,0.3404067963514117,-1.0077895496452869,1.2666219720423888,-0.6724572089470682,-1.6348549588934058,0.8234638716416354,0.41294462454359726,-0.17507774928879316,1.4391046468305047,-0.4450639431311876,-0.5602894725456492,0.990852309050503,0.5706776590666092,0.30895802270492434,1.5559842083198283,-0.09845475947837468,0.3852003988471697,1.1314569571538073,0.7474650396070488,0.4460939317071796,1.664619628048184,0.30436382726410915,1.072012356807656,1.2103573962611516,0.9510840645365495,0.606502261735427,1.6387552491287372,0.7133630632143806,1.4797255327735181,1.0919305997183764,1.2890320158736939,0.6555340816954685,1.546760781361547,1.024204604976684,1.6665822472958924,0.8372572825508877,1.5228028418053006,0.6374830995391436,1.5360121561881068,1.1650084727850762,1.6819789854112344,0.7420539995924733,1.5452440155780154,0.6616971462429437,1.5279573541141755,1.2934713880406123,1.5865858827465718,0.7353720526751193,1.4385851155398766,0.7855653881502225,1.4422224054580823,1.4025409329266303,1.4297379653017108,0.7843901146583416,1.4348381258307736,0.98635329544834,1.2598910977225397,1.4700808151027678,1.2196654868810468,0.7991330786976525,1.3824328170218845,1.1477263640280508,1.0354738042570721,1.5156691126303024,0.9604040877176939,0.8506987920402505,1.3193286493826533,1.2710262440448872
1.2000000000000002,0.23610966239004208,0.421053807984026,0.40656121632965275,0.9886588150513326,-0.5922556557331493,-2.470925902269212,0.46331139924268816,0.37138378927780424,-0.7237405449836833,1.1373322022676946,-0.6007038685232713,-1.6214714246182007,0.5405567141440315,0.31783325935420303,-0.014308230201431682,1.3252574253932647,-0.42732170944115744,-0.5328414642845847,0.7521767067244818,0.4396540814342247,0.32693803077979455,1.427280911605765,-0.058995922483662255,0.39082034015134715,0.9444366557005786,0.6616432501365748,0.42769849568899276,1.4603789447536375,0.3272556122651604,1.0436458439537544,1.0298516374079791,0.8776466034486576,0.6495580527848391,1.511620761804252,0.6505397914721334,1.4546353810692503,1.0583065680820207,1.0973759936308154,0.8255522783816431,1.4471782233579866,0.9385365883838226,1.647724222064384,0.9116609165008873,1.4150602748400498,0.832472553708741,1.338275502420998,1.10977449534448,1.6818318576514906,0.6678443169945638,1.58096925196538,0.7682363862517931,1.3411329663056581,1.1298184645177534,1.5954995204417068,0.6175898072506629,1.5214159728742187,0.7607305149679672,1.332955896137854,1.196691483484127,1.428584728080207,0.6544708065949075,1.3627865449773473,0.9339936191632108,1.2075851519351732,1.2550255093421114,1.2161348370440184,0.6967334890658827,1.328244974101725,1.1339124122993656,0.972547566553662,1.281628362095204,0.9533850567046964,0.7079767119391098,1.246682729772428,1.2854732635294899
1.25,0.21264454168860455,0.6123923387937972,0.27166045369202163,0.9848772958432767,-0.42135961315173276,-2.5016909635974605,0.40514276464849885,0.3286455515664599,-0.5707596289704859,1.0634657788658624,-0.42154946632803725,-1.6548156768063922,0.3753557419410434,0.3444103002440846,0.06713011633191557,1.2215265664944641,-0.33077631960055864,-0.5255136683046957,0.5013688349690573,0.3290354799760482,0.30548553156227,1.3418285667861862,-0.029724332924665475,0.4006670966337139,0.6936783804829727,0.5090060319092164,0.3403202820676235,1.358942921064824,0.4028098619928544,1.0376985983872327,0.8683547531725198,0.7479503233227245,0.565241625230877,1.331173888169529,0.7454714551802955,1.4196417341143803,0.9072151590150137,1.0031766465184333,0.8397593691162769,1.3385084094889566,0.9356268718194372,1.610027097893183,0.8952144391868526,1.2270693294437829,0.9690523315231614,1.2405224173557305,1.0742521296124163,1.6519044353828582,0.7310078244733471,1.4989488169817062,0.9218332719071236,1.1169578223869947,1.105398677909517,1.5901373357316453,0.5172454514365776,1.579942961522646,0.812722313570552,1.1204393010389002,1.0236514751247716,1.4411765802159382,0.4936047256359566,1.4483281054913393,0.9056344740382176,1.0861332051434625,1.039135964960396,1.2239745593235545,0.5404850709931106,1.2405673830206623,1.102105228204453,0.9158977024832482,1.0624658069397963,0.9601617592154593,0.5841065380273072,1.1959184404066996,1.2825849342949998
1.3,0.3414438947582788,0.9118573266377584,0.1270347804815052,1.0779290865434692,-0.20133320508399333,-2.505153897452304,0.47146321367430033,0.42454698035615546,-0.8652197549104512,1.1258763763234407,-0.22389239064757316,-1.6710116972836446,0.34098733662613046,0.37266003802582426,-0.051622347407898506,1.1932636698521248,-0.12910777708471155,-0.562039487156733,0.3567538879124188,0.3476707144565985,0.18964956106643116,1.2814738743963783,0.07511745646537005,0.3904716421753851,0.48498590688141163,0.39902492916542265,0.21673547271397178,1.3170694155082174,0.4370215710320213,1.0295197869873989,0.6387483293377905,0.5979648357049152,0.41120103633724214,1.2674803885623787,0.8472825529781902,1.4003184410174367,0.7847080940601702,0.844005043435538,0.7242186186551809,1.1948857656967116,1.0880756977410178,1.5659260335814833,0.7840216999914467,1.125684763114976,0.9598147599766966,1.1590419450334588,1.126875466391537,1.6044255063541526,0.7333916762936733,1.3237838011029501,1.0266877965436945,1.0307586210551856,1.1190576530554042,1.5526533764772348,0.5568881344814804,1.5287510518038343,0.9138934848107533,0.8890319482971831,1.028369169432466,1.4319155951500173,0.37167395110976353,1.5312959610229966,0.9121284941604464,0.8643728265643591,0.8683182558265123,1.2376746475742721,0.3597264880066261,1.3423866273981306,1.0679253908737028,0.7907399776238488,0.8490428261000105,0.9730211317952492,0.4012758372900711,1.0976699888448262,1.2551862669954341
1.35,0.5550326707297084,1.1070348239431373,-0.05241876400085462,1.2469835223726833,-0.004640004731588654,-2.528145597709852,0.5590102931574138,0.6289357580477212,-1.123911123739933,1.285215861932874,0.01011627652719671,-1.6769051271274618,0.4955879106035056,0.5017626537569437,-0.24037874608472376,1.30292971678735,0.06233702870712676,-0.594793426863566,0.3369598170914482,0.4495291362813276,0.09677107317569744,1.2995666195910116,0.2694588789899832,0.33985760061711334,0.3682698014530672,0.43210091654856053,0.13773152853953172,1.3089510964203932,0.536001438502427,1.002530418769541,0.47640288173620216,0.519874232157707,0.3029252163003834,1.2738220927087007,0.8819529672903714,1.3784808955950212,0.5927735499267177,0.717686772945668,0.5635739471873944,1.1723182358665352,1.2048132687830648,1.5358860842357132,0.7049269134009473,0.9570629581845616,0.8252029728805041,1.0591409916565064,1.318057260991452,1.5532122647699214,0.665777839933509,1.227384245687004,0.9983235888388702,0.9806809299558705,1.2183337571973807,1.5000458570256499,0.5812062524936054,1.3748143641909616,0.9981032686604624,0.8208284261624166,1.0862660926344514,1.3914585195886453,0.3945852890207317,1.516588281354473,0.9607427630347173,0.6412079108725388,0.8980006258720818,1.2261627779293842,0.2150585064817115,1.4486017925665076,1.0406736452296355,0.5727622294619894,0.6878375106535017,0.9850007645306558,0.2128177964718806,1.2201682337611814,1.2161761036718581
1.4000000000000001,0.8635753317637442,1.150520902073816,-0.11874297516614797,1.4802720236952294,0.07044320950799321,-2.5516570377473906,0.8400792315233084,0.7459551719833302,-1.2446220362801708,1.5053513258405504,0.1662773223287095,-1.70195941618547,0.6641435684027704,0.6965704110279132,-0.25589221057570755,1.497841985673899,0.26857021311105456,-0.6251774270817686,0.5655252197297689,0.593447214514438,0.1406276201411918,1.4360269105869083,0.42082673310368524,0.2875402135233557,0.36834540950367245,0.5797084363115448,0.15958569538495643,1.367597299645874,0.6995500789401499,0.9403023385282622,0.38858440908681857,0.5958550381519443,0.3119346528598975,1.3160656958534478,0.9664353728477071,1.3403952638532886,0.4742337528504603,0.6897509608867662,0.5021275451272142,1.2232413457165614,1.2378480048758345,1.5065838404569076,0.5517221155108605,0.8589493580847902,0.6664686562310813,1.075920010417979,1.4395059582647551,1.517600743068744,0.6286549887864469,1.0599793477015065,0.8553586862871758,0.9262306371880968,1.4296414469843244,1.4464563264717158,0.5561017925564224,1.2866516143286655,0.9734065036389228,0.8028591101135252,1.221358153456742,1.339026483251774,0.43489869751487836,1.3824278986584606,1.0211420104501607,0.5949482517788152,0.9928761881666004,1.187222567530013,0.2278114715469327,1.4715999739432957,1.040593143730009,0.36893445682208315,0.736840429387593,0.9723794690920728,0.044727315909881105,1.346413481257815,1.1743605292822
1.4500000000000002,1.2206570437996085,1.0093654073492744,-0.03739364264923586,1.7899810437902208,-0.02737531920816938,-2.609826970500501,1.1052648174623738,0.7238804336412454,-1.4005008221432327,1.7737168105735757,0.1473089605600686,-1.7149820340425075,0.9928080683319929,0.8067256579236532,-0.21895882256349242,1.7305361077592807,0.3595455535238079,-0.6623077067851315,0.7997196833183668,0.7749678842372484,0.25949365385096235,1.6332827870294275,0.5615635756741577,0.2375424367289647,0.627825743239844,0.7180499967896803,0.26016034062810367,1.5095675469415748,0.7911838366844082,0.8780081279636626,0.40034635259895746,0.7532679205160413,0.3589055570485925,1.4041692555564267,1.0869227481121735,1.2742451065927363,0.4096457631421997,0.8096620570345006,0.5615516252608616,1.306829104622833,1.3044671098209282,1.4646123091166419,0.46800973949507685,0.8718235861339294,0.6251529493300092,1.1631570667282443,1.470641453942454,1.4867951697069306,0.5094855437905688,0.9843717571652797,0.6999912614716325,0.9773533638970755,1.5477860822846967,1.4110285164332197,0.5559703806585112,1.122778337056955,0.8506065652047091,0.7919145557765206,1.4366564907750368,1.288583163381174,0.4476321850058718,1.2971962792870915,0.9990380768591928,0.6078086494885215,1.152593421974606,1.1397723924883474,0.2768711156904108,1.3548148220772152,1.0756325713567347,0.34609415211708683,0.8601150300300553,0.938410956913801,0.04974020679974467,1.4053179824583462,1.1356388317565564
1.5,1.5024717251039355,0.6818881719789198,0.05171856606416427,2.002013382739863,-0.2327554369439877,-2.7094906089829185,1.4602981100791868,0.6162161255424168,-1.4670093997329088,2.08645602673595,-0.0658780899451683,-1.7514868102469756,1.399879360699095,0.7139668611857881,-0.2567615843905027,1.9871167484541308,0.2598639465918362,-0.6721377363770167,1.1355618600841684,0.8641194857948724,0.3006671295478337,1.8393833744184496,0.5720487694438736,0.19808899859353857,0.872496697663754,0.8764371311282615,0.3405791610095535,1.680926282644819,0.8492784224273153,0.8227660905087647,0.6457038586036488,0.8661794747378506,0.3950263860532208,1.5337422849349147,1.1155891030570153,1.2138256337168092,0.41560271684849615,0.9430763591780689,0.5995804506745316,1.4115512167813615,1.3794081898821497,1.4031596161627586,0.41667810110720815,1.014028797174122,0.6981094506321137,1.2761037890074167,1.5198114231551108,1.4473767663263577,0.4498684693700742,1.0186748045867413,0.6593905739085553,1.0909006044618508,1.5776293845512157,1.3835218337821134,0.46881561791006754,1.0643373102181024,0.7332982472063203,0.8708956204901996,1.545724523991554,1.2583556863920997,0.47837382238851023,1.1328458163716186,0.8918798923274033,0.6365180795529946,1.359026304226223,1.0972405829284237,0.3221149561601862,1.2681368530381198,1.0598252902494356,0.3868347036884656,1.0337150807006834,0.8994297616913216,0.10050187610868833,1.305515202594876,1.1432442430883214
1.55,1.5947097398180428,0.36179321486268173,0.004501371056882918,2.094604173976061,-0.45945438922549986,-2.8144301889812917,1.547358512715029,0.5455905857231791,-1.4662312822238055,2.2575598734231237,-0.3436511348916049,-1.8109107104260949,1.6940411707948613,0.5524206355212109,-0.27280504229272506,2.2457460123554585,-0.01706005381506781,-0.6871111262037005,1.5841444345775286,0.7450606467841878,0.2541490437591385,2.040099274278926,0.4145265127126274,0.19892601836446755,1.1685712028301456,0.9432942811002529,0.31153058012256496,1.8319076160286563,0.7833459582970903,0.7930408415162943,0.8492560381022793,0.9941764733364372,0.39828268328339944,1.6606936164830843,1.0942205613771616,1.1666526235425807,0.6164708224545103,1.0144483532053463,0.5754214294899213,1.5163301704409449,1.353493619994306,1.3542526950870575,0.40099278651321946,1.1060216276928396,0.7364642602438586,1.3857412824553061,1.5532472150801624,1.39741141691649,0.4019655777080027,1.1591695040697751,0.7271443414168395,1.2211197569400745,1.6116689417442087,1.3513682298391265,0.42473573130703657,1.1074212835313224,0.713131426394943,1.0009896401418317,1.5749947951847831,1.2375376321434572,0.41467198024425955,1.084423939599825,0.7960048512823319,0.7369302213127815,1.4552521885695446,1.0757610305072578,0.37965485295387413,1.102131666484132,0.9697358201568199,0.4498975582473652,1.2216804489885291,0.8679054360752403,0.17190566982605748,1.218076009652043,1.13721363840905
1.6,1.4652133096902056,0.11200683465208343,-0.095085979525846,2.0177854170000264,-0.6515111371828519,-2.9036949523586824,1.4468845349238126,0.43137386638239006,-1.4771027728848956,2.271432885891654,-0.5855592102390705,-1.8546669290100382,1.8102597086372605,0.4530097168432925,-0.2867424726548997,2.3456090083113557,-0.31874574252383603,-0.7072505595526762,1.839042010396079,0.5634643904613017,0.16473528317832675,2.196739204352711,0.13113480653089926,0.21514002109393138,1.5425882229541454,0.8363401088277168,0.22909398594454086,1.9492204902658905,0.5987523113070026,0.8100749210671648,1.068244356292109,1.0492349204982871,0.3294360377623258,1.7422971211722338,0.9701727437391217,1.1537098098474092,0.7500276381450834,1.1116256398629103,0.5253624691916473,1.5903172205579752,1.2686902162030478,1.3238300912610335,0.5440660379333919,1.1333252663191997,0.7015716210593219,1.4591639773599074,1.4868338595366115,1.3654938041535494,0.3557752003962076,1.2091569085225593,0.7770975288982174,1.326341050391897,1.6106534000565587,1.3168125787721023,0.3736004487858128,1.2300497367116496,0.7692621684848723,1.137956225994321,1.5967160296749094,1.21550816329966,0.3756842894068244,1.123895184064936,0.7716268080629274,0.8754185279667892,1.484520514365899,1.0636686993255866,0.3335722912273862,1.059570721339853,0.8908017212205843,0.565580245448476,1.3027967136924357,0.8568322024840336,0.2533895386612999,1.0549915332812483,1.0705358278788384
1.6500000000000001,1.1810959285143077,-0.008237841918868309,-0.11433342894892388,1.835100820761324,-0.7513331104892274,-2.892290567347949,1.3239731055507031,0.32563081374579106,-1.594980508575791,2.0810387063638536,-0.7394215503048374,-1.8596788089639065,1.587515671350267,0.30798728056045377,-0.4498912430706776,2.2758216853715374,-0.5420253358430305,-0.7052403530291756,1.9258689709200059,0.45630774233914484,0.017296959263441103,2.205563860455162,-0.14013032829650385,0.23766995010767733,1.7494291385499432,0.6734779280614234,0.15541508481195726,1.9811478710346542,0.3581457817014799,0.8583069167916851,1.3111711324805686,0.977315500871817,0.27705852546909426,1.7673913354851023,0.7887583444278246,1.1864192184795785,0.8752064938688697,1.1692553979110745,0.4356466099659223,1.6007036519935713,1.1109137972640237,1.3295183478964405,0.603102578492717,1.2125547126959164,0.6380435419111288,1.479749099306087,1.359680668406229,1.3550424614422343,0.4382664098190947,1.202010607873185,0.7655478321635998,1.3664283537901323,1.518622870792088,1.3032542157172329,0.29666553854947386,1.24455321289722,0.8210698275026072,1.2321392479411286,1.5688287671114631,1.1975952903228138,0.315258102168551,1.2260312541247649,0.797742281562034,1.0111755620795027,1.4966271086817517,1.0530099872743142,0.292144489668152,1.08756585793545,0.8556312756204071,0.7058859307039445,1.3322135077325248,0.8540623193427754,0.22367881097171638,1.018350694394171,1.018862828643757
1.7000000000000002,0.8362673747705219,0.004193190758887061,-0.017425061988889684,1.5794005251720877,-0.7848350781868163,-2.815403805423389,1.065871788603992,-0.02190205663862166,-1.6192738233908726,1.8119704293684769,-0.7961247981953967,-1.7932118879151377,1.3745898534083982,0.18351583381652148,-0.6220235331009847,1.9922893205792125,-0.6407240656402147,-0.6641909260323159,1.6337307297752273,0.311071856470726,-0.11531507806220587,2.0596944869725964,-0.30672513896190967,0.2752020393518384,1.773137577509452,0.5783925200659077,0.11401465221543267,1.8975018630427654,0.160187718972975,0.9158862347884594,1.4572338576323176,0.8514847898926448,0.33011087971751074,1.6765028335007504,0.6232530641723022,1.2576787629680841,0.9831524490634798,1.1409302641044219,0.4232592913669686,1.5394498076681518,0.9571570939488305,1.3736849963530284,0.6391698884281347,1.283804299743371,0.5411565973277453,1.4258364707841698,1.1920176916052316,1.3772187440227301,0.430465034068813,1.2786215023353331,0.7097575787445974,1.3383440732706786,1.3694751293711516,1.3115255108294044,0.3178578023122658,1.2162455066129692,0.8255736753879548,1.2400851787739864,1.4640664341027865,1.2008373513841735,0.20955785247879222,1.215441028839917,0.8448431884629726,1.0905810009095185,1.4488773223209472,1.0508915714244904,0.21955028015901967,1.170248524298412,0.8443649645661297,0.8347447670469577,1.3368983836077408,0.8544520856531124,0.17612157168760478,1.0305671380287154,0.9869493266684257
1.75,0.49119587137279835,0.05613283927560275,0.2991370339648133,1.3384787278541954,-0.7540974127079414,-2.6980508611025367,0.723348037949636,-0.1619436557015328,-1.5912459053652515,1.4893341111429703,-0.7710533935999697,-1.6915083731430347,0.9738521533799557,-0.17240381360935286,-0.640489699684383,1.6683003470254332,-0.6439678014662897,-0.5876671323422467,1.315269646489062,0.1604208856062459,-0.15521461385561858,1.7212663096280445,-0.3330556373551552,0.3341354367854865,1.4622214678426804,0.4457608638537902,0.14058602075350585,1.6954980260729724,0.07655400426767045,0.9738359944380839,1.4213432631063498,0.7607705615671456,0.45994016460300446,1.5143262772839794,0.5224045883367046,1.3340506966818504,1.0629627512271234,1.0496954222371053,0.5780881969261813,1.3448997091433834,0.8817854588527041,1.4552723712968585,0.6361245542691425,1.3004907964439612,0.5502355804658661,1.2931942046966127,1.0823437223702248,1.4272815152531564,0.39359610647629273,1.374230504418006,0.6054320970220637,1.2316686884056915,1.2112584213230848,1.3457403111359174,0.25086248182546833,1.2971378262318785,0.7649752355671562,1.1708212972545695,1.3095639799503944,1.2239451706382898,0.17838451176716363,1.1815547272738625,0.8740629080333039,1.069983649817563,1.3413636124646233,1.0676193374466152,0.08822395124702653,1.1403451481080373,0.8770087348019702,0.8978025455436356,1.2751966909146084,0.8655734678151128,0.09223178722109404,1.0952551130873927,0.9443353880169575
1.8,0.12754716207960184,0.2990433473900669,0.5115004135063851,1.065424842141367,-0.6330800034639372,-2.6488888133623023,0.36981685206219916,-0.11092267350240603,-1.4480235934133605,1.2196890052226927,-0.6842097309411121,-1.5841039422214958,0.5618818482159313,-0.2567454508431868,-0.6407774426178814,1.3235991434433614,-0.5612404515396818,-0.5020467859312744,0.8296418183537522,-0.1632098782170628,-0.2001003935158756,1.3917384363672336,-0.27730913711117466,0.39600388651964635,1.0953170601620639,0.25714264500137585,0.09312332514475152,1.3467333424854089,0.12847050469801946,1.0292472516688518,1.1333979933268155,0.6238032279185313,0.5547193148263032,1.2821263455868182,0.531465637865014,1.3954605430524805,0.9876676564462927,0.9447607921369094,0.7972506718272274,1.1274380622520441,0.8838926684472659,1.533392193423508,0.6582141599926372,1.2381464532872928,0.7416609611278978,1.022911644827249,1.0981821277991033,1.5075284108642208,0.31255477499653295,1.4362126691957222,0.6033341630803384,1.0463057443382717,1.154057362725327,1.3964120281736196,0.15808586344707076,1.4289091986842721,0.6295566739093648,1.0245473518241033,1.1742315342888032,1.265089739696788,0.06983736792209805,1.280746753451533,0.8237027534148662,0.9685632726440163,1.193621530025566,1.1004988725367686,0.015366569086191495,1.1111735650173147,0.9293757567009968,0.8535725486214218,1.1718669541875482,0.8913785913258165,-0.0594879715484018,1.0440295745838073,0.949829772288261
1.85,-0.04762300944736398,0.6437395070681382,0.5171640150800195,0.8413980097860674,-0.3647087412881156,-2.7185932874688623,0.07552760906033729,0.1381082548844339,-1.3156525141748152,0.9774330411600607,-0.49981663057875547,-1.5478766792001315,0.19682309790970076,-0.10802462410053093,-0.5797782219455896,1.0732778852728941,-0.43328875906897046,-0.43313026777003494,0.4029533696627089,-0.20758022996746162,-0.265581699217569,1.0813085500718023,-0.14525114382302196,0.44868744422310813,0.6170130871558268,-0.001494827203074145,-0.03331537736174489,1.0582757399892762,0.23966704525417715,1.0663790694364546,0.7896556778758228,0.39963147413636335,0.45893498454929815,0.9623436285742315,0.6556341726142456,1.4342177361712982,0.7545709684790483,0.7885034239094888,0.8921903089822744,0.8914334352418463,0.9810956972709217,1.5849254072288461,0.5691159185779575,1.1236506843393914,0.9747963778502436,0.7763057743867563,1.1958108142272117,1.574635609448214,0.2898742753555221,1.4038392517396865,0.7709990352438659,0.7298185604292273,1.2527491741610053,1.467009259898803,0.02974962210583132,1.5354764595935966,0.5701870583225499,0.8052546292645535,1.1711843887697038,1.3122814166337793,-0.05829724041295392,1.4478476163170055,0.6741857532929287,0.7960521140438681,1.0889201635065104,1.1436850040526219,-0.11815777527670357,1.2363854861342498,0.899217773902218,0.729341064152853,1.0386119131897154,0.9285749204070481,-0.16487181313914379,1.0228167292612238,1.0126932923576493
1.9000000000000001,-0.014603108375925733,0.932381151062699,0.235539383689222,0.8212548092513439,-0.14770866893151435,-2.7835252387853076,0.10815816696678549,0.3726087682785526,-1.0670980149417666,0.8531872654507877,-0.17251143196037155,-1.6102323342249225,-0.016155120300186288,0.20905903374871193,-0.5028324443987233,0.8942124807800167,-0.21419224979253304,-0.42841462996039803,0.07101175635930668,-0.00981639842083415,-0.2592623169601239,0.8982313275702869,0.004563840228191118,0.47518457456694196,0.24019036133253313,-0.0027746125273151456,-0.13695958363674143,0.8261337960526749,0.4071962986149069,1.08559765307869,0.38968565060001675,0.2526323512202797,0.2993672621845813,0.7471822850312915,0.811805180698042,1.4464094192462877,0.4860924314334535,0.5741516908313553,0.7702759604367782,0.6294097008655819,1.163263891212516,1.6023785315379007,0.411029185849219,0.9547593005820882,1.0431824764774624,0.5590824513063719,1.3672062208772706,1.6089414424157755,0.21013465487745964,1.3004875263862017,0.9713691674906826,0.478084720809524,1.4306282444131613,1.5163085658302144,-0.030824258766081636,1.5361068632972634,0.6670839862585045,0.4693633292381527,1.3390286429741716,1.3687420360557567,-0.21149891724841718,1.5931328701038305,0.5710662947235551,0.5601316168091275,1.136640379241265,1.1845232373416836,-0.2659216068346364,1.4331976796276993,0.7512260719185908,0.5429671404355374,0.9673176110640513,0.9694193057172396,-0.3114004230947167,1.175417800873122,1.010375364369084
1.9500000000000002,0.20035251893512035,1.091329226289057,-0.10201522260208411,0.9062788816878098,-0.02052906102759877,-2.817756358617594,0.21654235815588718,0.5481579002177892,-0.8547073300120069,0.9251608973082281,0.04849052668252973,-1.6669172819898719,0.0478308446448138,0.4788138655345149,-0.3015278704401858,0.8628131257607663,0.12662959225653303,-0.5024773325180117,-0.07567358460104479,0.34190437694823683,-0.1624115114267613,0.8082664466708489,0.2278133931985682,0.4482426389155969,-0.020633103424181898,0.21483873819173427,-0.1004043539534708,0.7388278778596735,0.5615235140377939,1.0792658252548366,0.1027102793882877,0.32302938329672237,0.19147005715708953,0.6163214642403503,0.999470098077615,1.439834779027992,0.1993054407184527,0.5800203423177797,0.6174274105808969,0.5034905077575758,1.3503155904833397,1.594919016808481,0.24212003095000706,0.8147766400276657,0.9086737533054651,0.3716524905838181,1.589370576234197,1.60668749962802,0.1337245534030327,1.1424894433137567,1.0083406283186471,0.29607776810785413,1.6578554428868353,1.5317891733459712,-0.08464370530264254,1.4557416443134248,0.813804526075003,0.23178669376125782,1.5785164908789406,1.3987463119743337,-0.29128680359884385,1.625735447347171,0.5943595256550973,0.22721506851469453,1.3575438668395634,1.2252468415620392,-0.4285077582092788,1.608274842176945,0.6209237231665774,0.3051471235415981,1.058680820556921,1.001907665466617,-0.4693668599552224,1.3922224780116246,0.8817416101438555
2.0,0.5491985675046069,1.0889448509141844,-0.1972661391666294,1.1498754565887914,-0.004838055700004951,-2.6334255295321216,0.39172046567295515,0.6090758930325048,-0.8444681173959148,1.0944616416804398,0.126369023458488,-1.6875098765379253,0.2296571944921334,0.6473346591107431,-0.07451891176724512,1.006815629112252,0.32469266711470546,-0.5642203587875655,0.024964720000770546,0.6225644626100275,0.05790915409129693,0.8576154968672123,0.5372331109190664,0.3588809441052207,-0.11532684551789596,0.5711876160330573,0.049832757070732814,0.7450480845028928,0.7653091457971728,1.0302365336332537,-0.07524150897063708,0.555555227617593,0.2692427413048446,0.6311098214829713,1.1460123112792298,1.4138444464682682,0.013532299428714811,0.7423475439171763,0.5436706089957147,0.4779187154561382,1.5438060329437908,1.5724520214205369,0.07175824745628634,0.9595190578632553,0.7719170144134562,0.33725154428878135,1.7925999837446627,1.5865844263908002,0.06921320324446123,1.100512469180189,0.8724706211866635,0.18943148191219894,1.9018426417421663,1.5149653184751193,-0.08349990725696921,1.3275530294235467,0.8361402665034292,0.09494654878318798,1.842500469219197,1.3978907352504188,-0.3101997948612185,1.5764999926535992,0.6761247322774121,0.017815263237479506,1.6395700177090866,1.237895140617139,-0.513649152694589,1.6671546273358746,0.5789847868526079,-0.007597901895466386,1.3158223883906972,1.0270483298329869,-0.6332292767765874,1.5859271446490864,0.7428879583439254
2.0500000000000003,0.9731281602972294,1.0465637821245144,0.028154895542552873,1.4471470156581234,-0.055544604833048794,-2.4877789286053695,0.6013372375717019,0.6361331114749991,-1.1752005433444426,1.440148022961345,0.07627878673624355,-1.5341759653991942,0.5579311360324353,0.6883160572354794,0.03040034796228719,1.2268860145263538,0.3613641759850905,-0.584058124914672,0.25589983720702736,0.7901744166240061,0.30855859760304927,1.0459668952606038,0.6898763434266897,0.2922996160494429,0.01683135536052549,0.841548266076276,0.2827524584145298,0.8546692874586825,1.0125845002012879,0.9319757773929246,-0.1323447581550079,0.8910705102319338,0.3959608799801001,0.7238458241729284,1.3164978462658228,1.3543715400495042,-0.089288469982022,0.9832656165458435,0.6687044772316328,0.5846378779777717,1.6751161550023452,1.5380805774562551,-0.023642097282728813,1.1959309832609288,0.7383043179961118,0.4077143496980029,1.9799663938955225,1.556819472076148,0.0031923628728985354,1.3354170248615396,0.755532132871595,0.23939433441363178,2.1078598704074114,1.4888271037681438,-0.04777427184382488,1.3608796616986125,0.7302833402993677,0.06728889123415627,2.0921181403932554,1.3728230016528946,-0.2389185062536454,1.4650967101131673,0.6823030076593866,-0.06939981169946652,1.9227136306888681,1.2252077535792372,-0.49534009395360346,1.6465117166892114,0.5930661433231645,-0.18008239763986467,1.622281552578535,1.0258949106910031,-0.7166756480169378,1.6632723675208483,0.6507390265983002
2.1,1.4381069106478515,0.9974891594272005,0.3112045329240489,1.756257833867787,-0.09523201043947438,-2.417160031673708,1.0027543080010426,0.6848642347195617,-1.1474600951090876,1.7839807943183028,-0.002006735583628405,-1.4313897453199678,0.9076309304960639,0.7223834180225146,-0.0883784830946226,1.6367434681170634,0.2836556390298739,-0.4703659840270982,0.7076877218183231,0.8332263524440024,0.43056162243447754,1.2792380119199764,0.6961817848791707,0.27319017848268484,0.26585064864160834,1.0018944758742803,0.44645862631377603,1.0573146033931913,1.1100462493164898,0.8667899223792626,0.015547563313359491,1.133371577835275,0.5248971160903213,0.8698966696320687,1.4877340445491427,1.2574712321721393,-0.12287214123586798,1.2684473631338669,0.7645120271545323,0.7442564911645388,1.8066620319856197,1.4780014821615353,-0.06950986719815488,1.428211213502086,0.8994999067522743,0.5871020921755954,2.092184828849617,1.5214979564875148,-0.020596613013040943,1.606372773005068,0.7601613280367028,0.38932071932421763,2.2798574122512916,1.4579845707014232,-0.023736214295814517,1.642320526823914,0.6587890763174319,0.18912976331361353,2.289819404778024,1.345944656042688,-0.11684010104796094,1.5427809457993296,0.600126000172337,-0.02500700680329704,2.1648047376798485,1.197791491017951,-0.36365590777697565,1.5308263481205402,0.5810488097597606,-0.21789049682569228,1.9092999435501712,1.0062886656645986,-0.6650087287193287,1.666704562317603,0.5991800003015809
2.15,1.784366338699171,1.0350656289780782,0.4533202451454136,1.9809470120230022,-0.07459130748579401,-2.4280926979256257,1.4563155648377553,0.7594754840721281,-0.8445833716651916,2.0860566611078624,-0.023264656744927947,-1.3952895856178515,1.4089025407526696,0.7703196643946537,-0.09624828258893148,1.9693347642008208,0.2100793218549013,-0.4057105044196031,1.112496273217169,0.8711246160955877,0.3380915219015934,1.7059044922318667,0.6276306002425835,0.3553104644442315,0.7796370273165677,1.0532563332423257,0.41231434565555014,1.270723628742556,1.099240621419626,0.8516974580230436,0.2512079697915899,1.277290016771082,0.5076388500355283,1.0606381800900477,1.5317110598562822,1.2005732632100392,0.022148128831882108,1.4667562963218277,0.7969251315718079,0.9042658648052582,1.9012240587521,1.3924704211073606,-0.09390033739319359,1.6398721712052555,0.9873962099019824,0.7905085554975644,2.1846940968699613,1.4674100944601491,-0.029502215444153324,1.81073183239196,0.9506450015060228,0.619045200731354,2.371327111014181,1.425765656335009,0.007716973255248005,1.914934725602401,0.7184605415101735,0.3992594467568944,2.439833571509178,1.3180371750544777,-0.024060692667936756,1.8233033634499627,0.5541676855614251,0.15406806443226007,2.345852643367463,1.1739929513630898,-0.17014576713014845,1.6253352283984133,0.5152186072647887,-0.111836730449828,2.1338700389277188,0.9812036474456798,-0.4847071298400867,1.52761296508832,0.5667827603276778
2.2,1.8450870727079463,1.1730899138710351,0.28536118037411956,2.0484900891654023,0.027165315398536283,-2.547395381376714,1.5854968093681978,0.8670685320126159,-0.6377173986335634,2.2457829852112687,0.04296630685129976,-1.4102544710224907,1.8912858911477883,0.8269254941166402,-0.05380284337443242,2.2151252516210707,0.21752359180790215,-0.38863602621401094,1.645741589129281,0.9081666603826735,0.1471385763729932,1.9776884548350715,0.5853926572408374,0.39932940213697793,1.1545509227138937,1.0795369636005938,0.17223834553619077,1.6696203923064523,1.0669850829706906,0.9118462239424571,0.7662933113843007,1.3320387581588777,0.317156224892581,1.230626959752401,1.5160466867919586,1.191652548800991,0.2209153022227901,1.5897824299481111,0.642936161608853,1.0639296545175525,1.9004287092507788,1.3491020182797155,0.031082286499411582,1.7886532470388392,0.9778290002996892,0.946254741071173,2.210256289001753,1.400359040740955,-0.05644847045497925,1.9420538226549278,1.0560743681918452,0.8441208205800432,2.4276775911909243,1.3812859262983124,0.02046243061898001,2.0789960004464665,0.9432224733058252,0.657845325333839,2.5102170312558347,1.2908189168907058,0.04197195739674853,2.080441301097495,0.6354606843075583,0.40550171429194926,2.4698658400617224,1.1514490302821923,-0.02656935314275588,1.874157683445693,0.4770876227512535,0.10918684753259633,2.2926045364240455,0.9629409930620392,-0.23445177213234536,1.624498687938222,0.5161728151726412
2.25,1.6610936436742216,1.3090283469181978,-0.04874998137358626,1.9487251812999373,0.16212528528247505,-2.6063054837654502,1.6764579157514587,0.9834078561777089,-0.42224964271341925,2.197180777813612,0.19465290035088456,-1.4883276507083765,1.9674113032149991,0.9072434954009436,-0.17457379981670496,2.2887687368244025,0.3183473210320198,-0.40175494205965095,2.0705114269782907,0.9274180678501771,-0.07571993733340254,2.1315599041213185,0.6265293066377531,0.4142252331135679,1.657869833104785,1.0860672580538728,-0.07486998794759853,1.8484090679407394,1.0716026887913,0.9479393775807878,1.0609145149125647,1.3319514596924833,0.042828815769664574,1.567119676667592,1.5340733323068712,1.2352418742724216,0.6927244344310894,1.647309982089277,0.3655916772721435,1.1772832532534538,1.8891110481044504,1.346941672640926,0.1807525148235456,1.8960403570909499,0.7608254906871751,1.0634741749595777,2.1761428069286293,1.3730719393681146,0.03559062525642753,2.046452139116799,1.0480547558439601,0.9824880838460359,2.3956034442354346,1.336062652333399,-0.01710309111248609,2.1370250749874535,1.082358773980307,0.8858750908837631,2.5345516008708713,1.257455888386736,0.06069750679785679,2.207122406163794,0.8664547733486158,0.6745466796623001,2.5198941236516004,1.130108233465189,0.058309577358221176,2.109135865645071,0.5507207081063052,0.38458337181911606,2.3889073642926806,0.9470488618158857,-0.05288202369981371,1.8198729846213535,0.4786174303224414
2.3000000000000003,1.3618988865841737,1.5162899649524355,-0.25461712919915125,1.7400170126580417,0.32115097696540973,-2.5722726146535413,1.4080539865205384,1.0559195588724957,-0.7898415355630302,1.9899167013811159,0.36199527200570625,-1.5064100518916796,1.9345042353578705,1.007602471516019,-0.17141516920580546,2.13054702943007,0.49309522911266557,-0.45249427562132616,2.1058523274875505,0.9761913719607587,-0.16736423121503402,2.1104241316455274,0.7483415733429966,0.40644555090512546,1.988002030910478,1.0636468423125325,-0.11684488169172547,1.8935936492920913,1.1452091011872834,0.9674673046654411,1.5012594947762046,1.296719348982088,-0.016717547559678136,1.6389665542985377,1.5894800568388878,1.2676151630690762,0.8909421675014215,1.626680889761839,0.1356676150879752,1.4289370847669414,1.959638952056919,1.3761576904290658,0.5811310628882129,1.9648486170962958,0.4415511893918209,1.1160599245691083,2.1747086526191683,1.3770894771854254,0.13297731709957572,2.1468963115234727,0.8158358480896917,1.0526124367847833,2.339242907366881,1.324784729774191,0.03509366707295647,2.2075247461706713,1.0979700242467292,0.9986096320845483,2.4568031124978806,1.2341021184882772,0.00527469955122728,2.2079661947227347,1.035239162470842,0.891344834889134,2.516907524155476,1.1081137449917933,0.07224662742533705,2.2046802332584337,0.7638075808354124,0.6492921381695993,2.4201355449955453,0.9319080248950418,0.04140172537281761,2.0293322327782137,0.5221514156730737
2.35,0.9688885009856055,1.7163223078920815,-0.2229772735981204,1.5033242400611213,0.4721876127650515,-2.4565814912531945,1.1911958699782843,1.2283749094403935,-1.3212693738108892,1.6774160294224005,0.5410720556004689,-1.452653219764321,1.4672903314392838,1.1178661132125498,-0.1938095215282385,1.8457105174372002,0.6641297534031709,-0.46139756097651674,1.9628307312649738,1.0654720828367292,0.02403199048256488,1.8613081580615098,0.9199873899706357,0.3689124874346474,1.991000517906782,1.0923076199676287,0.07369666707725209,1.7825595451691267,1.2742489686348923,0.9627115111622121,1.7266187862049032,1.2451437718043272,0.23716172123813084,1.5758706538948353,1.689281674294294,1.289857303015648,1.254199058339402,1.5622980278063805,0.25116323808754104,1.395032273316903,2.0607719196487606,1.4038835834948962,0.6914369423231759,1.9467331690417953,0.2490759940167684,1.272308805945368,2.291605307857383,1.3930691494125835,0.44823687808015134,2.2366597643482735,0.47322038047114,1.0468947283771701,2.349841665137782,1.3337740451802682,0.08151831399231202,2.3073994598869016,0.8718012207209225,1.0220511924127784,2.387272091778123,1.236890398213526,0.014233272367325078,2.2601043770735583,1.0859392567879502,0.9745661940623895,2.4046735660094876,1.1043014756880876,-0.004982815028012233,2.164556381548183,0.9534785140534039,0.8450340045517102,2.39466334811284,0.9205979202937808,0.046279687748877585,2.098995381707683,0.6939517800998346
2.4000000000000004,0.5051770896751973,1.95923786938918,0.2717634142395511,1.0660456517691363,0.6733688900091139,-2.3608692365208648,0.6998013396357661,1.3246245675157429,-1.5242926142361397,1.3693553920425616,0.699265048645803,-1.3535548384890728,1.0863859070198492,1.3377423712112266,-0.34853775905010886,1.4785709776998646,0.8326213902376511,-0.4207482385635543,1.3714168353328047,1.202733015756487,0.1319881348976814,1.5383606619435053,1.068923048582715,0.34970168864761436,1.7647165631348254,1.1930497767781532,0.27611469173147135,1.4706237608186434,1.4223723455506665,0.9270312429757427,1.700061344622143,1.2739764399729703,0.5370193676866823,1.3900871828890926,1.8135045698752061,1.2832858512915117,1.3738599715514765,1.5004486634351053,0.6483923121672521,1.2368585529188092,2.1774213405539022,1.4237618625266717,0.9704635285334118,1.8764887943338235,0.4436817092540477,1.1445089477928194,2.427946182325129,1.4137699655087126,0.48910525901727375,2.237989887288676,0.28682193673085865,1.106740181464616,2.5022874701286035,1.338021205542056,0.309226144051308,2.4210543373759696,0.511285472452316,0.9646858696982186,2.409434150743066,1.2494945152908388,0.017590833922550342,2.3662476262735024,0.8909540363956612,0.9555003886479474,2.328636702952813,1.1181290217405604,-0.03762916800693583,2.211391668877823,1.0455269676941075,0.8982332245279645,2.2578523329966327,0.9323707811731285,-0.05356754612212211,2.0312003707209962,0.8859235636357412
2.45,0.1692917492437676,2.035079745886046,0.5512049427051507,0.6973753021371776,0.7007042614869752,-2.465504652778873,0.19903117580450858,1.4571766355798543,-1.356425360380909,0.8740496960155042,0.873636640993436,-1.2798434855938907,0.4742205561064182,1.4551484625842952,-0.48521225037830384,1.1598768465205822,0.9685000130741583,-0.35820288420481583,0.9056276973794533,1.4451778276433682,0.05142405295833419,1.1714170460970896,1.2018223575222842,0.36221243664267905,1.1274232851052244,1.3471424522805155,0.26805862852612405,1.148812828919783,1.5322151480064394,0.8911569566582003,1.4198218843011468,1.4017964789015596,0.5766363320131502,1.0466902265865796,1.9253194985717959,1.2436569464982676,1.3165876146111626,1.5354798526547102,0.9248983257888144,0.9975314595116291,2.2874055456584452,1.411797524579342,0.9956172245626198,1.8135149676505669,0.8738859586425851,0.9119835211899519,2.5511842724747136,1.4269350383516932,0.682319625945556,2.1747838045367844,0.483800392182533,0.9027488376813286,2.6611161863866295,1.350051317150377,0.2972318106447398,2.4427036836165765,0.296430246885399,0.9339251853044894,2.5848438066217305,1.2442801412230853,0.16071782419647396,2.4976156854188574,0.535373602808145,0.855732315953941,2.360122614185858,1.1329770298622466,-0.06745032193674483,2.3273494618360693,0.9057805289400199,0.843236944312804,2.1797333014536777,0.9535544517585548,-0.121157209846249,2.0817780889268267,1.0162903473290756
2.5,0.09455689864816537,1.8370802338888506,0.5786044453186467,0.5784984575945851,0.5612517429966923,-2.6368904884382953,0.12461962657216252,1.4679685576532706,-0.9879760608390571,0.5838069720463945,0.7974984177560462,-1.3548445708501595,0.03540322940328344,1.5295224029999894,-0.4171499463051206,0.6870415841640654,1.0835489574672175,-0.3172570360609187,0.27128780606741754,1.5587774481311794,-0.06731653658379838,0.8977984536738592,1.294992606849339,0.3863354787833901,0.6636100999800141,1.5845604554625017,0.09960605431589553,0.8276932337340615,1.6157593657406188,0.8768185788512395,0.8104998523004571,1.5582559742941002,0.37912374920668485,0.7576730089522554,1.988902601690652,1.1947419171392035,1.0196080386880757,1.6798598962312004,0.821970928155136,0.6523910177415981,2.3572291788915245,1.3680394736026364,0.9126539699854042,1.8400625266311366,1.1099184980162338,0.6420458118675887,2.6404920792040176,1.4085477487985414,0.6329151301731883,2.107020440762721,0.8943016403145446,0.619095204952318,2.7814497301612606,1.3544256885496198,0.4101254204329017,2.384481846783922,0.43254396440128573,0.6735204959358665,2.7535753758027326,1.2474199609930958,0.11552885854328743,2.5312906019490313,0.29706957058412464,0.7448714505449372,2.5459980083375844,1.1209037351433748,-0.0013343920574928614,2.4667681842890588,0.5886715801439769,0.711532022547976,2.2172007024941975,0.9690817585383316,-0.17465419660952097,2.2080159743868046,0.9540766317518389
2.5500000000000003,0.2073095423212419,1.4565771558667178,0.27359167897385916,0.5813284041099065,0.38568947920565644,-2.7694525091170306,0.19183121127841007,1.399759969955254,-0.9685437418809031,0.5843264003234472,0.5710720004999992,-1.4682143419599614,0.02365843277935198,1.4642790361967852,-0.24395717625348112,0.4887503833509266,0.9327092543885729,-0.3696956277733011,-0.09421190262291212,1.598305639481541,-0.09768406478260744,0.5145981102420105,1.3332690365516942,0.39751675512177076,0.09567749419324545,1.6824027034387394,-0.02143988825144344,0.6359392490622495,1.658271246041163,0.8733508283462756,0.4143887882505821,1.7669209177087197,0.11276078086016184,0.5118557417197245,2.020252024315452,1.1642147995225693,0.49668334168918893,1.817383312558742,0.4821222949686763,0.4175260464167696,2.3752356029858213,1.3145566471475871,0.64137714255178,1.9751214318486665,0.9371390991189011,0.31970923756967196,2.668124415310944,1.3638168703930513,0.5385845096952955,2.1081982049850034,1.1055019983892738,0.33968345059356864,2.8464130992363024,1.3307596826031136,0.3064727316843898,2.303373461454945,0.78234148595735,0.3609997454265468,2.863239803694062,1.2431230062536858,0.15212929466017622,2.468514751270485,0.3617687500259429,0.44774306211393,2.713482313023301,1.1159288318981964,-0.06427487643806451,2.5019016903929443,0.3451493756334739,0.5341282375716716,2.402068318368332,0.9521794870888933,-0.17629950328144117,2.345385617621623,0.7170215728154468
2.6,0.424150036954915,1.0437871039267577,-0.22425821948835323,0.6814696544100673,0.07537645840309026,-2.977148954361457,0.35220656678005413,1.217277028597686,-1.594996283235405,0.6713891210558387,0.34984199314406883,-1.560943700619946,0.1366529583568057,1.3778653766855342,-0.19280615392951828,0.5774093299502292,0.6686024563207815,-0.44689827725585735,-0.07528296743708329,1.5095632872265932,-0.034120107990747994,0.4127857792506262,1.1404437348214413,0.3644164035384743,-0.1899382358797923,1.7052429478939495,-0.03554786115702413,0.3815478271663597,1.619221319855858,0.8673265569733576,-0.03413689216808069,1.8383692165188696,-0.01440009007373988,0.4174373664724351,2.014432739559294,1.1480142795133248,0.2026491207163042,1.9814465703096211,0.16020747652703426,0.2605102408626969,2.3592558338219627,1.2804933745955875,0.23535733913567947,2.0761067606386296,0.5319985510370053,0.1502399901407614,2.6460879901788847,1.314288522673951,0.32509511140779956,2.215967799065874,0.9231312212606304,0.05787177352615913,2.8350884535139587,1.2891346577188294,0.21811279579637066,2.272151059925976,0.9771818972517291,0.08956586605401107,2.902425564319043,1.2164832846885432,0.022399427050205922,2.36812276169118,0.6433605205476474,0.12604146580463382,2.8067659975050896,1.104288185988177,-0.10015336709109857,2.4256056599622675,0.336786863381459,0.21852423631371742,2.559072468472846,0.9401101144952884,-0.2484449011676899,2.3748662168888055,0.49906270129898306
2.6500000000000004,0.6560492334416151,0.7541191071223295,-0.5456968102996842,0.781657378980749,-0.08511358318004758,-3.0121943170060037,0.24604660902958697,1.2041038534983177,-2.1791611839826928,0.8370392519692471,0.013152094866564212,-1.7186469403197384,0.3358492147329588,1.181468479984403,-0.33911419100301954,0.7246510551283025,0.4488093268349813,-0.5154849985862522,0.06782771879502669,1.4323080801499297,0.10115215910480302,0.5555727226357421,0.8856772619895781,0.3128996676905717,-0.15398132799297037,1.6337598417498884,0.10067039210440726,0.36797968715351015,1.4149985367266305,0.8508087632222963,-0.24504338588278718,1.8548516847825511,0.06963866729660084,0.30338868781116357,1.909513027069264,1.1388179133958833,-0.10837449454589021,2.015217266756174,0.04800353384688427,0.2620107567924723,2.313612237648995,1.2639445132350435,0.05018393876349733,2.1932278338883266,0.20254532751612997,0.08294378712061068,2.5915848177900433,1.2863138388241313,0.04185855418120932,2.2769706452423586,0.5155662124011275,-0.04318917942742306,2.7805347461561336,1.2495407926417268,0.07693035434062745,2.350366571247836,0.8284847066235709,-0.1406767672699072,2.8570533176849997,1.1813421292542914,-0.04682606399148748,2.305515843080888,0.8364146094282141,-0.12401206788482444,2.820387908135492,1.077027131239614,-0.23391009459725431,2.305480793325928,0.5384363485091859,-0.09604610855768136,2.632220247164861,0.9226945195820402,-0.3548380803716169,2.281247252492917,0.42336771400677103
2.7,0.9221473189805212,0.6159780833512147,-0.42500052154113915,0.9528980681841004,-0.24109330077386193,-2.9723383299553356,0.43692079714524623,0.9949980477032297,-2.260940103184934,0.9678610626498685,-0.13137855850755664,-1.7297258905678696,0.33918179649342717,1.1614741655977154,-0.49180186007478843,0.9046172424312537,0.14111560542240498,-0.6288082209326579,0.27897181304252094,1.25634965962089,0.293835164079816,0.7343104225938379,0.70800045072409,0.2654548032015089,0.006131319622417308,1.5775131646741531,0.36371364708123977,0.5325585819342482,1.2042380068036307,0.8181817664973364,-0.20328355008640253,1.8169467261273475,0.32622223828084224,0.3614999237954608,1.7177004513097538,1.1344425676741658,-0.25773755422788347,2.0301519069738037,0.24997511101032244,0.2795791765566369,2.160218020347733,1.2613489535508742,-0.13079156695468203,2.1837800997953813,0.12606009909295968,0.1682969523675215,2.516922469620467,1.2764111543595784,-0.04461549106457571,2.355117288349991,0.21203560189237414,-0.028098778309950667,2.6971729265631037,1.2326367518943753,-0.09079023494529426,2.3800276185890286,0.46595060448673387,-0.176039281938003,2.7775603515372094,1.1545105116299825,-0.10803783053673888,2.3609330559310804,0.7507026100523762,-0.29712192402505,2.7464345554931295,1.0502439809413666,-0.2781783276446941,2.218072675095562,0.7299048592923107,-0.3153921756593414,2.6216770646441256,0.8965524768740507,-0.4791942512648366,2.1486824003044687,0.5241952051226862
2.75,1.271479980330507,0.5921292691740303,-0.027646487430896004,1.0952939195129652,-0.26925921928593277,-2.9007352802229125,0.5468250534374666,0.8656878440677517,-1.7657266711917325,1.152255194942735,-0.22289300106942855,-1.6732611755616034,0.6482602280264564,0.9765509157292986,-0.5298996992065235,1.0436404188384119,0.049861332390210844,-0.6136638361764551,0.3930757403858447,1.263765615841291,0.4343251700597951,0.8852999439174258,0.4737231980860812,0.19810591037412925,0.2121336333308509,1.4238522519428025,0.5464385880904542,0.7154160239309437,1.0936047928327142,0.7895179851279497,-0.0397842808964568,1.7703508833260702,0.6147719275528587,0.5215576687916457,1.5704651418243847,1.1139111980262433,-0.22340571344148885,2.023938531873532,0.6022264948821151,0.38965842038669596,1.9966860763723409,1.2634222072007213,-0.23590827803298076,2.202920307329493,0.40758867611735705,0.2968722896690723,2.3333794609971292,1.2840085818430618,-0.11511572714782664,2.310766968982165,0.17774780883421837,0.12394655261208865,2.6038612033924777,1.2313194020294682,-0.09553924639949166,2.4314242753666835,0.217907615517813,-0.09030535644042548,2.674075977921843,1.149620981689209,-0.17731078810672452,2.371473722856594,0.46224047198042617,-0.2729242390918163,2.6487573908812365,1.0363671316216772,-0.2586577399719636,2.260800894609827,0.7227909529021739,-0.43041293794253477,2.5246663460290475,0.8785203293520671,-0.5005400438966547,2.0460102617998737,0.691923901614457
2.8000000000000003,1.4502846130157059,0.8112349497829391,0.10630022947855716,1.213384465972589,-0.15796386693567366,-2.942514154073889,0.7537296493006724,0.7712852140256835,-1.0309000491574096,1.299217546669258,-0.1721939446167564,-1.5909699474372425,0.8601937070596055,0.7944944783259489,-0.16667734892415753,1.1968641795440416,0.04046525515499777,-0.5340937309633474,0.7564597493370671,1.0855600130545096,0.23110392942477442,1.0110028867537313,0.45874566105784664,0.24112151316341132,0.3955564559253353,1.4403468905164645,0.41794069959359437,0.809129989529791,0.9563710161107764,0.763335204889512,0.14529995305766086,1.5984380943720289,0.6001071345005407,0.6864125658914988,1.5355585296943812,1.0985234905032457,-0.07111107162517949,1.9709886014501627,0.85987370137381,0.5264897420366532,1.9194187786426475,1.2484679842843756,-0.2219871534961514,2.22462208460076,0.8046768927614624,0.43980656637477633,2.206705887938889,1.2869856454787576,-0.19178030774451105,2.3427262862655738,0.48874272028270516,0.33800207680859007,2.4062692375727677,1.2477912557955622,-0.07659055455890418,2.3711239301598623,0.2311270584443299,0.11010802814016785,2.5707227473769603,1.1555807062313583,-0.11745348220969301,2.41221581495449,0.2650482937780533,-0.1299559885940882,2.5323899138896557,1.0418874774110976,-0.24608982777852595,2.263463038804198,0.5259869449089979,-0.3550681904232267,2.4145694091076924,0.8761289426472874,-0.40317366033474045,2.0856924065509483,0.7625489022673322
2.85,1.398597803573291,1.0640416461776117,-0.16811269725372213,1.1746162472999444,0.026883478337478284,-2.960126144863853,1.045206616412781,0.6323561555980532,-0.8611754849725894,1.3412411822525527,0.05240536285131547,-1.5951218198807633,1.116190034114049,0.7086660876039415,-0.10375795922062081,1.3188340236212603,0.16854105425725074,-0.44246421027136007,1.0975594458763314,0.805370290425212,-0.14816239834763506,1.0999205288745673,0.5328175853479133,0.34212896859383585,0.7527956529751285,1.212490091049185,-0.12803101926759397,0.9051432429244288,1.0225699884365036,0.8266749098369732,0.3536578966868922,1.5570492969399035,0.22515873814449794,0.7100226386474029,1.498998993090283,1.1015380469338267,0.07899816953591421,1.747680782384797,0.7151318976424424,0.6579565615387795,1.9563203143327101,1.2394965737772872,-0.0938684775887706,2.166729867224616,1.0271134337960102,0.5421587131698047,2.196349702458735,1.2726840496613194,-0.2076653734266427,2.3933882815531407,0.8918128427869889,0.4973411156287977,2.319278961055046,1.2476460137100147,-0.13573012240294535,2.4241370978844508,0.533220021685201,0.3839319036074018,2.371700294710297,1.1771197499313757,-0.03262076073404385,2.351678056133818,0.2886936904065759,0.10167344086513541,2.425629031569171,1.0525362910302916,-0.1347289963885333,2.3073670288258983,0.3706852363720571,-0.16876574828877278,2.291150603682489,0.8893847960786028,-0.3222160826063145,2.0866677795044803,0.6662537716605508
2.9000000000000004,1.1687875943117416,1.3668105479518395,-0.4196031207935349,1.0225689577455288,0.2603221578029391,-2.8822630793800412,1.0591771675091044,0.769694715524774,-1.4703768535963289,1.2083954325786195,0.3109015954307831,-1.5761603526639278,1.2683258746053663,0.6606591619794392,-0.6423341711393579,1.2570794431540566,0.4579810575556764,-0.4224069344424035,1.3243040110840258,0.6797107934278115,-0.6458562251246627,1.174853616613114,0.7221807818870235,0.4358623615597613,1.173626996973002,0.8393973081168503,-0.5328563767420696,0.913133677609852,1.166486229935506,0.9373139475531422,0.6680417566218217,1.2570924253731803,-0.2200760098576684,0.7668796603744266,1.635960686837034,1.1718309754245848,0.28390928471203214,1.6107035598395412,0.29001803679924065,0.6112693556304416,2.0092632394963705,1.2579170370835853,0.013962420753370397,1.9102360320920706,0.8341951114865416,0.6315844974788165,2.293218593254215,1.2645809786097177,-0.11292586967608265,2.343932727258765,1.0895647151587067,0.5601441019585751,2.367003679946584,1.2315287872271907,-0.18621992191959058,2.505562232390059,0.9167806778687346,0.5467452233947467,2.3231939207601053,1.172019048249241,-0.08464413494012146,2.4304852336386418,0.5362113764632385,0.41202953633165507,2.2344141755444618,1.0751064586088777,-0.002747876233609614,2.2579769521093294,0.3701711726634872,0.07885939669643349,2.185876660005992,0.9022109124695454,-0.16717515933812843,2.1433425406082574,0.5512357464060119
2.95,0.8136673464435182,1.7545994367892677,-0.2493321085996739,0.769030577456582,0.5440295623549487,-2.711920179937384,0.8940421597628163,0.9923908798644376,-1.909524263171932,0.9420003411139755,0.5990550361597038,-1.4888070731904546,1.1489470989339237,0.867340024343008,-0.9433762781376526,1.0435066169426,0.7429525425399571,-0.39646576437134734,1.2856908311087856,0.7465103864666224,-0.7384136894765765,1.0023578616994522,1.0234315050717482,0.4624852420508921,1.3063235891294278,0.735157189122728,-0.4547461084397247,0.9303867706951907,1.3914877942308794,1.021635033553081,1.0968222184080467,0.9195646879892467,-0.15280422458986775,0.6931644712960638,1.8262125103681892,1.2774986020446115,0.5408870138967607,1.3087241315302889,0.057053550490611116,0.6263318469369583,2.1967935321727774,1.3228641225469806,0.20195018123998842,1.7101490916502113,0.412009035181221,0.5230868737373928,2.415989758002291,1.2875341352246483,-0.04817144491112668,2.0938440014640074,0.882272523757616,0.604501877557273,2.5084503604024975,1.2215219984959251,-0.1302680420853779,2.47400659294798,1.0972031983554165,0.5695850469227892,2.417451036747451,1.154046665502152,-0.16922613547284082,2.5411074979073685,0.8771024948038637,0.5690900094864126,2.2205940891212266,1.0653699086427737,-0.05419044312395527,2.36259686046158,0.5295308589043096,0.40578698522859113,2.0088562239913825,0.9229159028690526,-5.39975825766259e-05,2.1083742581697624,0.5090540184142249
3.0,0.4220219941785959,2.0311363783117926,0.2536011245442709,0.3729681019666131,0.7847470945234444,-2.625190557182376,0.4865811147496224,1.2381591814493391,-1.822701595796154,0.5799012302989626,0.9152216255407636,-1.3484462489032927,0.8031560075986652,1.1870226821855525,-0.8178852962844928,0.7072523814587495,1.0296075759625083,-0.3312977870271129,1.0617703346544034,1.0191110989001764,-0.4717603726253866,0.7359856375633678,1.2867931878636996,0.4745828324978718,1.1148476957899476,0.9396083622063405,-0.1347971709008695,0.6608897607357633,1.6584744584051765,1.04128490224264,1.10803826129372,0.9572824943291887,0.3283786867357906,0.6533908633016638,2.057969415244144,1.3430964973238668,0.9237906255173209,1.163681527690195,0.3747587010034089,0.4820786472632044,2.406272337747567,1.4134342326583895,0.4020033801786207,1.4926305593997986,0.2687153689134629,0.49912531846422414,2.6303937189050095,1.340128800246169,0.11826852721145698,1.88277763795355,0.4498856180954566,0.4473104914288406,2.6786235072634246,1.242981935613059,-0.10620874043141937,2.249756583256214,0.8886328770737022,0.570053018888812,2.587762190201163,1.142106833965052,-0.15255587357559985,2.5299059425631687,1.0514459725226433,0.5549900276934405,2.349130929910338,1.0471806668150818,-0.16786844828607572,2.49753546486294,0.8071354937193312,0.5510416503952564,2.0242459891911544,0.9103473958591612,-0.053454463065033875,2.2341739814102874,0.5609228614022935
3.0500000000000003,0.07918957715557277,2.106687441326796,0.6100976272432411,0.0468089252096382,0.8163912951635638,-2.656123247789993,0.056993741001999,1.4442571306997753,-1.5732811184748887,0.10758078898430501,1.0830993989202582,-1.2821211079568617,0.23256456936459774,1.4261582470977647,-0.6713225898236634,0.30617848425914307,1.3118233105164419,-0.2399827828844929,0.5960269712555993,1.3858312805768525,-0.33361256753273566,0.3845126125425624,1.5221110550335775,0.5040298919148711,0.8332680393331966,1.2727098742880432,-0.04274572644564523,0.3758871816462994,1.8631648317959504,1.0322060182861164,0.829886701042297,1.2753931688020024,0.6034397907663664,0.3148871918201701,2.2581413751201667,1.3512462426082235,0.821239384875402,1.3605740807909588,0.909183680396485,0.39433083599110574,2.6186326632461587,1.4574604033650935,0.7161235337114413,1.5605905887845073,0.6271465552579047,0.30222735732525763,2.8342289420061655,1.4123855999022898,0.270652989528418,1.7585152443707002,0.29153181709881926,0.3903719309832443,2.897836085006811,1.281984590181563,0.03849622547049458,2.048595901070353,0.4333875394800689,0.3788005640678094,2.7841884486129995,1.1603804297892695,-0.16147276237884167,2.3308485426480865,0.8670632271504588,0.5158077214535872,2.534102828083092,1.0350079378459154,-0.18739205205511222,2.5050618133534,0.9840479048595133,0.5053211346693853,2.1750967272848696,0.8941223218085703,-0.18724348372708388,2.387139576666493,0.7500480950112278
3.1,-0.10653368169039269,1.9100898542662161,0.5631289550281627,-0.14796855434399347,0.7156839121197389,-2.799214672902056,-0.21007715531262366,1.4738201313082564,-1.261531887164799,-0.20336458915322098,1.0090163418535758,-1.2975348886918985,-0.24949772999490566,1.5808137395587272,-0.5643363653547204,-0.16012641641628633,1.3796511800299431,-0.1982756954622543,-0.03667890373235824,1.5954647422376833,-0.2897777184077769,0.013541182574576816,1.720718508398621,0.5481606150872337,0.332322880837666,1.6291841877464814,-0.14103084112279063,0.05796238579421242,2.0154387349286154,1.0303901520229224,0.544122041964701,1.62025393636494,0.37838747432485,0.04342393520653243,2.3831915275456517,1.325509323010311,0.5184445893155547,1.7047363123486954,1.058249611757242,0.02071826794898257,2.734968053388719,1.457663487871515,0.5319218023433039,1.8161450865861257,1.1207142527541774,0.17988619958925423,3.007961040923728,1.4380287648992351,0.5126609593276126,1.9439745215221103,0.6032831043673144,0.1605755329049341,3.0770299974045634,1.338083162892864,0.15602208980188115,1.96727595746311,0.19934860558479062,0.29633607698690057,2.990659144252184,1.1884376321565804,-0.03762130533804542,2.125912916120515,0.40612820964857055,0.3048272168283761,2.738956266573671,1.0509423400560325,-0.22067678992014228,2.321936141562207,0.8582051241774146,0.4327637919556526,2.362680572751208,0.8837798256092733,-0.23759289542404227,2.4141829169461033,0.9235594747468872
3.1500000000000004,-0.12991065308482294,1.6279854326977523,0.31974528082587783,-0.2331864920012494,0.562718748594796,-2.954136660108236,-0.26545166039414125,1.4541017773540346,-1.2358287222449984,-0.3242720695748025,0.8269156455041404,-1.3954190683404681,-0.4391484438693352,1.5657850852831943,-0.4762909968044816,-0.4091830341551539,1.2291004856638077,-0.20515122008544973,-0.4991908167833796,1.6994450593712782,-0.26379799974783025,-0.3770655355193897,1.6831748726781364,0.5732583061272251,-0.26066327462090827,1.7798969301423548,-0.17356740403448845,-0.2323666185118034,2.106338066487985,1.0439323573908903,0.09015971646241716,1.9066135683112122,0.06697452183990305,-0.20693006384169266,2.4408392482207164,1.3070375210398648,0.2782199348095753,1.991395584238096,0.6504414862749479,-0.21234483916981794,2.7749523839302146,1.425737475198199,0.2507006570392656,2.1022398346374866,1.19757296153427,-0.19640992586117623,3.0372866345032423,1.4372484455123336,0.2886528592993196,2.160886060267191,1.0537152734566215,0.017695081967366022,3.2011433155841904,1.3515642693723995,0.32773726499085765,2.1710257342844175,0.4226124000065754,0.051997334306754794,3.133117406627408,1.2329094421980646,0.056756196720781915,2.0368167745185404,0.08900702431210017,0.20458777339177114,2.92044649039773,1.0720766338365417,-0.11656564581024975,2.0944292950986902,0.432366082241189,0.2150210006021247,2.561969753229576,0.89888561800467,-0.2881502024280851,2.2456659275561393,0.8938005310222071
3.2,-0.04943654888520498,1.3366029020060715,-0.1985159349563209,-0.24318575880753368,0.43951523526367,-3.0273383009386827,-0.27145824663298695,1.4628557119377967,-1.389306691834467,-0.3436111115738516,0.6306324633839377,-1.5022934776342685,-0.4436552458134442,1.5093354751576504,-0.45403984756843907,-0.45225852621064266,1.0050001249256535,-0.27215769641011783,-0.6035038824632547,1.6618175414021457,-0.1855780966822845,-0.534188965695872,1.4914222315569914,0.5735988684191142,-0.6522206975008161,1.8373423888392089,-0.10856157318947457,-0.5045390763603885,1.9762242142351438,1.0647707472211871,-0.39381592978908586,1.9780193445398162,-0.013328432261851875,-0.3900455799151725,2.422907569675661,1.3102261494288818,-0.07295555529636955,2.169302226063367,0.2230509895367534,-0.3775841427105586,2.742441004589152,1.406106951895142,0.09088441998430374,2.2908081596410397,0.7296147904079106,-0.3754685895757337,2.9983514508630815,1.4092241744097767,0.062048307453461904,2.356134020882916,1.113457549711148,-0.3348309167433339,3.150047037214554,1.3557818614248718,0.1026514507428653,2.309523119729727,0.8305052815925423,-0.09890197930423561,3.2038686083601684,1.240440486841199,0.16710150779309663,2.201174236137595,0.2062383076164973,-0.03875264932490907,3.020241324931705,1.1091784224232815,-0.0376259791968141,1.9664917743947563,0.05252914733311553,0.10438300465120065,2.7111085440109184,0.9164808210899533,-0.20413793924935808,1.9882220076089596,0.5677675960864992
3.25,0.12769027502520774,1.048179081792308,-0.5612958023513984,-0.21041853111536835,0.2777065325829309,-3.058584452453138,-0.22901014679518195,1.4222180401545095,-1.6814402971601283,-0.29920375227836526,0.50252942371389,-1.5438717631086913,-0.3569516438342081,1.5253278336475904,-0.27383690361072976,-0.41206617452037353,0.7991966107367265,-0.34659180590853295,-0.5566364151041514,1.5985140553637105,0.017782631352539213,-0.506897837602005,1.2636520131194995,0.5282986344506363,-0.6798206768962392,1.789491502459544,0.0856842296183069,-0.5602819871868592,1.7748422145127307,1.0708200674904251,-0.6941710522387229,1.9981556811566534,0.12969736414748656,-0.528207958876683,2.223082852102223,1.335944604568845,-0.4184569767952844,2.16216793197478,0.1429855520071739,-0.44781709260643954,2.629943096556806,1.414000373792757,-0.13542475666641185,2.358406820920647,0.2803432887444337,-0.4518389414623236,2.8898127165260523,1.3986401089820404,-0.0033890617463097072,2.4510818295631447,0.672024519616425,-0.45276316535180605,3.0448272687029796,1.337771482181942,-0.044695810478930564,2.420863148709768,0.9117510913987772,-0.40859755940258147,3.0842866393507995,1.2524484429813798,-0.030981950936252334,2.261115951044711,0.5698376091146323,-0.18741824942766439,3.0391639459249586,1.115086446420569,0.016513530650971386,2.0671049335562133,0.051714473350630064,-0.12570977497577296,2.7671260283226085,0.9487395666157095,-0.13895694269654735,1.816090514091881,0.17642926614288246
3.3000000000000003,0.24981621847153374,0.9391757646801705,-0.5618881192692455,-0.16549364224485164,0.20667761955245334,-2.9489898555412277,-0.06697395005813411,1.3855083619952238,-1.4481177901714097,-0.23150245903182487,0.3398657244017489,-1.5415631520454025,-0.2450825734830815,1.4285303377670813,-0.09586976624813315,-0.3175823973292724,0.6940922401870475,-0.3671875620606428,-0.3938853393903752,1.6033019439488208,0.36243902802550826,-0.421894111939638,1.0779005603385017,0.47687045586721116,-0.5920133519930845,1.72857467162999,0.41289480768803016,-0.47795583750520176,1.5717864842656415,1.0387703940802133,-0.6625764886090485,1.943201472399981,0.42758885488658593,-0.4893948024878281,2.03538468134999,1.3436463510834806,-0.6305264095202964,2.160910849109398,0.3623131978853642,-0.45694014040539965,2.3861528626799133,1.4471428264618893,-0.34277754053301523,2.2935125884301777,0.23837872365840718,-0.41791118362074275,2.7043221999522538,1.4175139806097996,-0.10688736067562676,2.4332758144716595,0.2701763521057241,-0.4458460242511597,2.8781429234623057,1.3395775196802717,-0.01933120901979901,2.4516377836676457,0.5695505844978079,-0.46464464483524814,2.9276994561358682,1.245965280648299,-0.0908271513950969,2.3100634853366455,0.7016719638208886,-0.4420616037969527,2.865077510498768,1.1342679094430308,-0.13784192863427314,2.063265970571901,0.34534416357830744,-0.2643141426357065,2.739221236692644,0.9548894887639825,-0.14174998170458197,1.850708884492799,0.055122767645325754
3.35,0.4017369751697487,0.8918538000367561,-0.19393915123157848,-0.12614448345712237,0.18151389143422403,-2.767147192039695,-0.025477973099792273,1.2810238975336685,-0.7500468677843095,-0.1713742503748117,0.2928410349498156,-1.426201935201905,-0.0038073001482470392,1.3255636866282994,0.1447003796355757,-0.23983315067176214,0.5422894661954802,-0.3468671736077685,-0.23402197917601542,1.4975591453638268,0.568081925205514,-0.29082245983507615,1.013742189048077,0.46998552145864153,-0.3788234305557352,1.6974208910410127,0.6495903451172171,-0.366066503770619,1.4247982882143995,1.0020818397292695,-0.5501598533514056,1.8732009293106748,0.7235651652221069,-0.3705464161216687,1.8735683112006862,1.316399811081831,-0.5597463119832025,2.102810017671263,0.7358801493638643,-0.3402616432366079,2.2268225863608526,1.450797287713157,-0.4814136442917269,2.291400458511569,0.5056429119922632,-0.31547268507214454,2.4403293764301504,1.4546672219809968,-0.19280856274531002,2.3416814118248115,0.28059937833605786,-0.3242816530975423,2.642414120607668,1.3680759733131798,-0.013579807036410263,2.3831344800786725,0.26414587873549134,-0.38516942201300086,2.7205879502889885,1.2581623732904446,0.01714650341491719,2.3082013741336533,0.5076378521567768,-0.4396262097218173,2.6717908527143464,1.1373756225115705,-0.10948142403075156,2.068954929053402,0.5303307036311109,-0.45765230935321366,2.5248923154762792,0.9782722517376696,-0.24559670991803895,1.7980335451574163,0.22203956295135874
3.4000000000000004,0.5644709448614404,0.9126185174620339,0.23682018766950072,-0.07268394037374115,0.1939509643446602,-2.6098097669599767,0.10144330976172866,1.1037948912873232,-0.24011687787845526,-0.12658440103052726,0.30316607480041613,-1.2582000572741914,0.10578233885110988,1.220511235249889,0.2624235868186662,-0.17724359872426376,0.5266765166358844,-0.23613083502561014,0.04446090429700167,1.2960074881016013,0.42113315490497494,-0.22544116139429526,0.880342000030605,0.4996574133802881,-0.1992393925933087,1.5983924811845305,0.5449340505187765,-0.21585760491582118,1.4069812323964803,1.0013366055629374,-0.31290046034768826,1.7860802304609291,0.7745637091638109,-0.249016826596149,1.773072429235325,1.2866718803506527,-0.4404241845975781,2.012102860785112,0.9757858652627692,-0.20309375860039225,2.1128485545013675,1.4213932308106307,-0.3909775426484483,2.2405452666567527,0.9201066214010009,-0.14174816206900864,2.316889742518844,1.4489675573077532,-0.2755624960988758,2.3578607690232385,0.559463894807677,-0.13340750986922778,2.3776038778195496,1.402808120057103,-0.0007085319204893636,2.295931987335059,0.3276158886817868,-0.1953535224527414,2.4551720369455565,1.2905941775825946,0.11266803510452994,2.2234517135192915,0.312257804777486,-0.30050430187188226,2.440007520995826,1.1552073243866168,0.07080405390381417,2.0598150943252422,0.5039354070683827,-0.4030407756997967,2.3083013312389555,0.987307812138305,-0.13324141889491803,1.7664205801326964,0.4205276507507335
3.45,0.6607914526688058,1.0022277301491114,0.39400710787479015,-0.033891615212380266,0.25687117783983027,-2.554822386124207,0.3067556627213489,0.959708294038546,-0.29651831345837065,-0.06499859878221326,0.3516136630577815,-1.122980513851627,0.2644689044736148,1.0241617549232076,-0.004005999343069222,-0.13417080879198462,0.5690285855072608,-0.09134992545045753,0.20066188559257392,1.2134602303722648,-0.00600885368348103,-0.17127955487175495,0.8944627130796623,0.5994969523580441,0.08520271044912864,1.2943867152302464,0.06666252280903295,-0.17774523313723645,1.2947399988289798,1.0346194599482275,-0.14068014514488225,1.6769908317379079,0.4408630328659333,-0.09709025012695882,1.797130206748132,1.285052672011068,-0.2026609233665002,1.8718781250246188,0.914972959232061,-0.08634197671841815,2.058380732378353,1.3927026665822988,-0.2810570492726895,2.13249158145896,1.1266680099014148,-0.0019199686003457117,2.2504668416635476,1.4132909615239024,-0.18218396303488293,2.327134031419365,0.9858730004123972,0.07652276445468953,2.292441911489711,1.384564599542506,-0.042303045130479444,2.3438840394871185,0.5867198140537006,0.059888972118491424,2.204057456288908,1.316511817972359,0.20229675313283252,2.1636473459372674,0.39638384443369923,-0.061713189659355905,2.162121696633914,1.184876960851412,0.23660391910445866,1.9857298710141913,0.41487253050671646,-0.21801636105063693,2.0652480914408677,1.005596684647837,0.10998844594473356,1.759734358641901,0.5467083737026974
3.5,0.6975095243062281,1.113198925131751,0.37175124300267665,-0.050213056492869335,0.36524114359089976,-2.5316910273158064,0.364482249072133,0.8645892304082812,-0.7569388905407461,-0.05411407897378595,0.45009927371578495,-1.0850251926690435,0.40822722143508783,0.9001876291012454,-0.4977515302643307,-0.07857362898587628,0.6438867582225871,0.014169281127036776,0.3653054641139205,0.999190801624346,-0.47967862817481277,-0.13522560862397448,0.9575047906887191,0.7164496201816267,0.2643240970670693,1.2331199461370632,-0.36556957061424156,-0.13909674766400482,1.3307069469375565,1.1193261692359517,0.132623428426222,1.309725230750939,-0.05908694749240739,-0.0930644864188368,1.7054156676348198,1.3181423208173888,-0.05782301645171062,1.730228817870568,0.49076358650137586,0.05241562390614796,2.114302039097795,1.385794282483002,-0.06173478712241909,1.961766018557776,1.0173661877600557,0.09943472117814878,2.236675848854317,1.3825467915521976,-0.09460323524715994,2.216260091613317,1.181494359562618,0.20693083250720168,2.2692650375100043,1.3417418066017528,0.04150535776437836,2.343437322618919,1.0047618174987023,0.2875999914769789,2.156229746093432,1.285370509667566,0.18967725210834652,2.2516692317451237,0.6021776078676028,0.23553086436395532,1.934872463223103,1.1977368780980524,0.3846589768456693,1.9652712005045219,0.4899678532391126,0.051736493156298025,1.788817877713802,1.0271392239884414,0.3281701486410866,1.7098986189126535,0.5580617172553037
3.5500000000000003,0.5913207948145787,1.32665497821698,0.4053195728402933,-0.132743431803668,0.5328628373659505,-2.5152849423802817,0.39743058779806606,0.9162546601148831,-1.087148527252239,-0.11076884597408743,0.5972307758799955,-1.0775150779548797,0.41771230801720083,0.8547783561155768,-0.7113319818900911,-0.10506053328313669,0.7480834022945193,0.027929168180019642,0.44204430143587936,0.8935161246078862,-0.6346142995647083,-0.09577679049302734,1.043330638269997,0.7895884416486082,0.41820381993059563,1.0275057543060728,-0.4576897262848517,-0.11331415076913043,1.4002347719219532,1.2072874958400406,0.31702482268015775,1.2647403809223245,-0.26377023217190865,-0.07333485762948122,1.752858911691817,1.3858128049786118,0.19628983078760376,1.3619906153755599,0.052975131971645606,0.02209798060463619,2.0408168519889403,1.416773663814127,0.04493118888239844,1.7825048835266024,0.5686086834656745,0.21400711621661017,2.3128258729139994,1.3693011974153535,0.09237762954569784,2.0376039176607517,1.060473205245612,0.28610261829080663,2.2886903803457193,1.308650671702346,0.09830370162545385,2.245618276561027,1.1998202489561378,0.40029976247835997,2.1701040606236077,1.237246571285432,0.2537412824377166,2.287351214264278,0.9858471168227128,0.46615435195796806,1.9213428733938542,1.156018765279575,0.3931267603741272,2.0960900818214423,0.6223259088255163,0.3712149278957222,1.591949513160693,1.0257397636640708,0.5215355302734956,1.7262147504812186,0.6135297583723656
3.6,0.44189552320354447,1.5099713401580512,0.396828604707764,-0.28613792024466456,0.7211660845103274,-2.590447091684104,0.27984117210215975,1.059084100244313,-1.1984740676755878,-0.24540963525560677,0.8019153170427096,-1.0832143848161775,0.363596443521192,0.9899784231505055,-0.5548541678672976,-0.18903133504573955,0.8939472503890977,0.013247667587405754,0.41110544727780085,0.88245971119016,-0.4288692281146991,-0.15974034730592113,1.1264262222727006,0.7786034939441877,0.4392137913246372,0.9582417953670301,-0.22918740631279966,-0.0953196936585643,1.481110026343373,1.2492018612647426,0.45296086659735046,1.110934193358431,-0.04910916075438854,-0.059456699279061276,1.8159164230756497,1.4467822951483238,0.3748353820854773,1.3303028114169124,-0.02064605285911769,0.022361160222121867,2.0899391252406163,1.4681219305034277,0.2762754371627556,1.455397684062981,0.15977224947448776,0.15350822732050684,2.254868840217672,1.3977038548845544,0.15728602821071735,1.833120246149175,0.613799096022318,0.36959020835437784,2.3744340466366243,1.29075985539284,0.24351587213793768,2.073147966761015,1.0899191823428567,0.453894962437138,2.2149819410340665,1.2035355554905236,0.2758442704404032,2.2141336697087777,1.1858562434890787,0.556453278676643,1.965413584693101,1.1061560773774848,0.43104119223976284,2.1700524556621357,0.9501310177425804,0.5934976837378914,1.6082225265068129,0.9776460551668675,0.5482351027883939,1.8969247873556092,0.6675371374069431
3.6500000000000004,0.2936605306815811,1.520299166525933,0.26322792386477656,-0.4220611211347558,0.7895817783214265,-2.668924275064258,0.21135671114684518,1.1611207633182734,-0.9816134845787197,-0.4475495374514393,0.9706619936963268,-1.1665919772669402,0.19374859101145991,1.1518292203939715,-0.2767402621511931,-0.3442971663291017,1.0805667273934905,-0.016463337086496804,0.30976819007979506,1.0723494893724779,-0.10569300376239843,-0.255090563706144,1.2382461252421217,0.7425571952822615,0.3852015224298656,0.9783325764068185,0.06863003615157526,-0.1901941620638592,1.5253794934358789,1.2180682580470417,0.43561790035186043,1.092205847527438,0.2999439487938681,-0.06419190430209998,1.8792285765607142,1.461870060836577,0.49205303612464146,1.2503395707658944,0.2874705423532409,0.023903760900840787,2.1372448520400944,1.5065260474841968,0.44308493618630984,1.4290292350743234,0.10953610929542457,0.13571616933334418,2.2982339418336806,1.4353204016409653,0.36503713968180396,1.5497008519950284,0.19988789023940856,0.2854036950079264,2.3295856865869524,1.3169154319367027,0.2675050615028072,1.8612320192607283,0.6622888510056488,0.5031244493693166,2.3018759939154565,1.1841432424199927,0.3752203823992689,2.060192945881745,1.1099958917113903,0.5839487980632407,2.0285387852854386,1.0745330754056426,0.4194699249136085,2.129952954581631,1.1558964379215662,0.659715210033438,1.6754427719765896,0.9301794938362684,0.5573314219096035,2.0077122654327475,0.9167828621592593
3.7,0.175749375644472,1.3772508091290017,0.17712698109946176,-0.539909265756755,0.7266940571468394,-2.7344998156322724,0.0610997729777476,1.1711319068333017,-0.7381178523601144,-0.5955587663657536,0.9706020473628096,-1.2318615539015847,0.0656926909154053,1.2359069598248955,0.03250370222590404,-0.5579143065298631,1.1794299579314305,-0.10264064180522059,0.11507855025010172,1.2201568512786738,0.14323692691379616,-0.40205612055596696,1.366240639760845,0.6942767750085557,0.2760739485586221,1.1863616977431304,0.26009773051073154,-0.2831545144498948,1.583874106288854,1.1669094624165433,0.37735866918299354,1.1352711432021123,0.5052969707507929,-0.1801667197360679,1.8773001509932197,1.4179596405715216,0.45476565485992926,1.2701760065086067,0.6295327794638884,-0.002047102884099594,2.175448833552873,1.5012416794644605,0.5440892251954097,1.4074787978362626,0.40599962057266503,0.12540407672309684,2.324883257264647,1.4565728701100238,0.5168915862426435,1.517529639619951,0.11989831191111056,0.2520933111566759,2.362626243466952,1.3441209964760348,0.4525590409841995,1.600883734374558,0.23361561174986,0.40256415854219796,2.2682135461409425,1.2086158928023383,0.36443920917706407,1.85388612511704,0.7236039006594124,0.5989286121656878,2.1104897579351345,1.056956787640091,0.4725983397518828,2.010266420888082,1.1370650920733052,0.6628084947180612,1.7503408768821682,0.9033367209628873,0.517655766781076,2.0063349968467987,1.1151934874175613
3.75,0.11758720373295413,1.082905811879207,0.044194719879427316,-0.6077669200920388,0.6030705270717007,-2.7609710020597,0.018779480408982252,1.1552499626503037,-0.6579055585667439,-0.7060784182610025,0.8161910666767147,-1.2749620941933533,-0.11316912140057944,1.2022223073546252,0.24918185019206684,-0.6891647743692264,1.1119109870637711,-0.1561071205848405,-0.02626905633830967,1.2810341667438696,0.32247877487789167,-0.5952950899655551,1.3691039118434167,0.6130474463974835,0.09155834844440636,1.297449621704696,0.3701712121233455,-0.40213202597304765,1.6332579958605575,1.1097902029965707,0.2888884741111647,1.323529286915505,0.5355586733536346,-0.2613238955421515,1.8766144311880972,1.3600953775605433,0.4075361716107446,1.3146434404941907,0.7467192285439286,-0.12874749879606018,2.1286302892056064,1.4520998779842054,0.5027651994916714,1.4382680742504301,0.7215096923353975,0.08140549394695551,2.335465419001954,1.4377203665365095,0.6050863255559913,1.521365803243131,0.366798537041934,0.23104203461773665,2.3675042936976576,1.3533219928497975,0.5867784060291585,1.5545189792759824,0.1064872036281741,0.3568321559754528,2.2888804233007587,1.2285209382664397,0.5278367660210046,1.6012973617158481,0.28927835230514,0.4893205531931155,2.0865054295967234,1.080165215046085,0.4349792573294251,1.8203494623368512,0.8199433745347824,0.6460791799302346,1.8232341564308285,0.890088036332698,0.5260691071030081,1.9411662807222556,1.1711605239747187
3.8000000000000003,0.09485228690272947,0.7389465303706984,-0.1463597523852504,-0.6553464070161619,0.38432946108696076,-2.8265155366177868,-0.07267014917697012,1.0685446723303182,-0.8074792813800307,-0.744807128417313,0.639059346503581,-1.2915156419043017,-0.14196327792822294,1.1515033835516395,0.3566191203375304,-0.7717417050767361,0.9060114744028436,-0.1860999541535635,-0.19504289611302794,1.225689261297799,0.44076392322754354,-0.6898836460230173,1.2468277206951583,0.5704274992872366,-0.03045793275060482,1.3345995472561036,0.4436809714208274,-0.5546270125585462,1.5380251944883927,1.0410697206018151,0.14101088812965168,1.383726362688489,0.5372692247788103,-0.3427737637974504,1.8454973203362401,1.304037471680826,0.35473634428020573,1.4550810761646829,0.6928340403800364,-0.19308466344742037,2.073047807753774,1.3950594759065482,0.47617504860467974,1.4626629590130849,0.8044898408858545,-0.04674461257629048,2.250723296967645,1.389091237101061,0.5721830816325809,1.541546867817935,0.6605418948366053,0.17288774317568034,2.3517870962844567,1.3267437163421802,0.6650414296750938,1.5543838890616692,0.28641891782894513,0.3266127771278615,2.2735077314813568,1.2297394626851288,0.6442440836069552,1.5333528158485148,0.11537401556298654,0.43458796021138113,2.0945805623911307,1.0951308879030641,0.5783131523758651,1.5726551463400957,0.40379045507912636,0.5342457612159546,1.807609810126234,0.9121194450981274,0.4690604574683297,1.777897879976567,0.9604069593670046
3.85,0.1229572931464391,0.44988973108292024,-0.2811168204802162,-0.6730135851917751,0.19594624365391944,-2.8756575117210996,-0.07571728472096251,1.0374276643349798,-1.0088078781301097,-0.764899016557794,0.3810281844468699,-1.336885494137601,-0.2152564898892857,1.0310142246695204,0.4160920009104452,-0.7669996897831455,0.7272881076956317,-0.19669059531122884,-0.19592062100233154,1.1702422701783084,0.4993173689922113,-0.7336073765705375,1.0293305757487525,0.5485099189252931,-0.16526223842119525,1.275460721553288,0.4917721358966258,-0.6040224996139276,1.3792328254750696,1.008015608936797,0.05669056831339114,1.4012570745878152,0.5473040215316001,-0.4456353678352043,1.6669321551331029,1.2526265989873664,0.2560548157295133,1.4612646016772997,0.6510587464309512,-0.23548555307562502,1.971735197429676,1.3470478978171307,0.4631335285405547,1.5457952047155747,0.7421548325757353,-0.09264664257619071,2.1504193784389702,1.337729183344356,0.5705803054161006,1.5356293683079527,0.7518027016102246,0.050684022470202095,2.2386766951155446,1.2819080681501072,0.6499764734523978,1.554720033684754,0.5541406568493645,0.25835799273133286,2.235124421658643,1.199751958322125,0.7150093344427013,1.5096354376725505,0.22015538446551774,0.3972044232867189,2.0619847394674284,1.0912158682810502,0.6767068866019164,1.4791876565544686,0.19263176441593155,0.4740478442685303,1.8040366794777274,0.9235712321133227,0.5932820924229056,1.5496060425032976,0.6042651062257882
3.9000000000000004,0.1479805927091529,0.2802076627804401,-0.29237447249839066,-0.6920332749134106,0.09849734938504273,-2.87562318608358,-0.030189260447008204,0.8531156899843251,-0.9999650263052426,-0.7723274445736505,0.2007240989820236,-1.365790881317142,-0.18654580223481232,0.9542099861400444,0.3510868901829356,-0.763706086678777,0.4815002485546538,-0.22591323087716386,-0.23856066557495348,1.0443836633094707,0.5170269617010491,-0.6834228811234722,0.8877004003844213,0.5425692110962623,-0.1339388987588458,1.2342989560140887,0.4717600392074117,-0.6076085249513108,1.180299453860587,0.9907947423476648,-0.03819033207586964,1.350753536951932,0.5391618937022076,-0.45065061209162316,1.4905521328068305,1.2271574666921037,0.21589998676112132,1.4664481465218393,0.6369762116850001,-0.28847117005159184,1.7331500817363077,1.3137700912432786,0.41463714874200597,1.5073189436984644,0.7080696697338872,-0.09952672209022406,1.9952474715596535,1.3006681023599687,0.594273254822246,1.5706478141514288,0.7289983582102444,0.02263216617697683,2.105981552004841,1.2381884215660999,0.6738269069737268,1.5178619218120044,0.669855987517256,0.14755334854811508,2.1035214285241333,1.1598879712711996,0.7221135338268996,1.4872609388081601,0.45403015643544,0.3228875644862317,2.00560505059451,1.060605369164288,0.7415506081937924,1.419509461146798,0.2122308000822648,0.4318092506537363,1.7579232921224897,0.9162700439829818,0.6720143306373789,1.4286574434811863,0.37741910025302894
3.95,0.10246762729291153,0.2605183358416904,-0.06043246807432684,-0.7163013159095755,0.07739444847686627,-2.836745186871316,-0.020414880624263665,0.689658378331039,-0.7150946930257978,-0.7898222418606293,0.14649805446249609,-1.3496906916117029,-0.12457680177810637,0.7352760862933296,0.21634673812880023,-0.7637855965294893,0.3371949937858343,-0.23702348746084956,-0.19812318963976605,0.9159252058242378,0.38140458121609755,-0.664900975131566,0.6900524788309959,0.526761498706389,-0.14924557217214052,1.114782839248178,0.38128796363918266,-0.5195089190708391,1.0953974111421738,0.986937805511503,0.02253486129290405,1.330288768043089,0.4829812461964075,-0.4195986243248173,1.328660720455832,1.21162661671302,0.15567484520031116,1.4327195928997172,0.6017405131124389,-0.2557966864502337,1.5559084773540288,1.293436112126426,0.4159572813330259,1.509343498431741,0.6942842063316664,-0.10768244767329183,1.721713001133427,1.2827600566091468,0.5899701258323709,1.5054500169713223,0.7289197035766338,0.04527787839682329,1.9145511865001552,1.2115324596408672,0.7278863209099473,1.5240928163193814,0.7061542039842386,0.13561991075999646,1.9504452953858697,1.1236394530034455,0.7693898163498557,1.4241960574136812,0.5986400954599473,0.22733580820556654,1.8644457530609548,1.025538432468338,0.7729658556363149,1.3708121431141012,0.39072531816062217,0.3552883039163479,1.688435349757249,0.8865700262168696,0.7314022113912986,1.3263468520077732,0.3023619414159062
4.0,0.11447850749530612,0.34649523658146486,0.19106014623049183,-0.7372525632082283,0.16585916697050784,-2.864236906152076,-0.015107724086062868,0.5664438768132047,-0.4005294108938182,-0.806572538265784,0.18982404060036373,-1.2996927031119503,-0.08977834422380193,0.5308232140553883,0.15259199682109448,-0.7712157331485958,0.33650662430666944,-0.20741599467172786,-0.11100207480032931,0.7114754199431834,0.10279592105241467,-0.6618582814782092,0.5952425110607651,0.5305711361861976,-0.11113425328763038,0.9355262610218267,0.1753298163424004,-0.49463493736845443,0.9625302512086442,0.9800287396190251,0.023175360832497716,1.2140966307051397,0.3623683905037056,-0.30639247145634485,1.304119039053182,1.2061709192661523,0.238709082563638,1.4332982643190375,0.5510435331933331,-0.19913068640750708,1.439651802854951,1.2771288433708,0.3811629162192455,1.4983639212051318,0.6517389201700088,-0.04665697742469277,1.5567304240848534,1.2651267202346306,0.6252827017566414,1.513286933345876,0.7250309814505654,0.07439708675675227,1.628620548174613,1.2041725677762838,0.7587413895101243,1.45110501406951,0.7468620054350964,0.18113117999657646,1.7388345687229512,1.104828759519746,0.8475781204970773,1.4179342014984968,0.6956322669294583,0.2294120415685441,1.7014832762551224,0.9954504055251723,0.840552103515601,1.2836255155518863,0.5524004046974966,0.2774475827302325,1.5452355371067128,0.8555233310328225,0.7886101383480746,1.2439663468586073,0.3881217454193103
4.05,0.1402121921053808,0.5497052059584656,0.16313261509881932,-0.7203130700213789,0.3254472438605127,-2.912705937026546,-0.033207619226838125,0.4485326696137839,-0.8300735204936136,-0.825486893460905,0.3636287560275875,-1.3102517727240464,-0.07407776812069056,0.40182343173604185,-0.08093016439968648,-0.7635552483754049,0.44532569777341546,-0.14919029405062595,-0.04830808375126128,0.48368392360774237,-0.2024156796306803,-0.655117064832611,0.6433791095402119,0.5686503928306993,0.0002572824717697042,0.7578451531796624,-0.09629617215916264,-0.4925705098943034,0.9177787415789673,0.993809656792094,0.05030035606767835,0.9916000436077486,0.17970845572383087,-0.2830129300019024,1.2373002772185338,1.2028982614877715,0.24245270139599207,1.3165442739554476,0.4424361139085089,-0.07516674590438921,1.4688587721705293,1.2671196160265346,0.4767447745135891,1.519594851488906,0.6111097702756014,0.025739777447184586,1.4876510697280754,1.2466191054944264,0.6068434987227438,1.5291216194505317,0.6825680994140237,0.15407847596510926,1.485107250073594,1.1873522839093476,0.8198150226686012,1.4708759832083305,0.7550624795405645,0.2393582603220734,1.4586819351920477,1.1028304538902078,0.9055416563854548,1.3498756640386171,0.7731957372663698,0.2915087657392945,1.4831485466837613,0.9813105807830225,0.9380669761951046,1.2727134590976168,0.7018516125790594,0.2913111478816255,1.381035619326716,0.8299806393998921,0.8729718170596728,1.1296585068306835,0.5350249867637926
4.1000000000000005,0.20695050425577569,0.7723785852228023,0.12347709987363803,-0.6871846852004726,0.5227085069090887,-2.9322761573069034,0.03968540836980061,0.47720336932412544,-1.3619007924319808,-0.7892127273136618,0.5890157310651345,-1.346159949428837,-0.07805415040766173,0.40803940098796376,-0.44334755385660096,-0.7815853536686701,0.646352902820686,-0.1600549189593474,-0.039282648308294754,0.3349014255162239,-0.4479719349733221,-0.6155337380155723,0.8017393285440821,0.6274947309624601,0.08848499359800566,0.5336987405637976,-0.288924641305642,-0.4721881628649216,1.000627402071541,1.0339500664909411,0.17794652542789025,0.8390066904515958,0.018751519604517375,-0.2853106904297098,1.2348017075439177,1.2213730860775145,0.254159791422636,1.0683452642719065,0.2966470184015443,-0.059299459635950846,1.4599052507923416,1.2635618049792967,0.47380474215263,1.4053951045042772,0.5103579670346877,0.14727795864503346,1.5590975791540984,1.2310905789049909,0.7055146716545938,1.5705705047902487,0.6438105218161131,0.23316666221349536,1.4603958795929728,1.1665271724049386,0.8105743565837416,1.5150024671973907,0.7157567263363354,0.32898247598879493,1.342307906685103,1.085813525576954,0.9837012080455958,1.3833091036715364,0.7919748074963183,0.37114280709535485,1.222332985048964,0.980375303685348,1.0165918177286717,1.2132161896640268,0.8130883201005701,0.3643919097626602,1.1667008469983209,0.8177144798353819,0.9872745757687966,1.109415976879155,0.71963866149273
4.15,0.2831686758358293,0.9867007405862105,0.12171988853954015,-0.6526505400781657,0.7018395288471657,-2.910380852354007,0.09336285849525705,0.6417871010420712,-1.5416346959190428,-0.7369399306088642,0.8305905972467187,-1.3640848007054096,-0.009103759225506214,0.5642359886065311,-0.6874080269707495,-0.7316566099338973,0.8831263835452852,-0.19287268382818412,-0.03456787437560216,0.44124404583150945,-0.5428445641504884,-0.6356405606509252,0.976342129126353,0.6095717360254816,0.08090570737589531,0.3876828290353189,-0.3077758938159013,-0.4028335753082457,1.1837932898392367,1.0851857680182315,0.28329460689141606,0.6542706019408566,-0.008207595679710966,-0.2551850263053268,1.3348146688206697,1.2584976711908273,0.38646318250490164,0.9375206740395203,0.2106600078076537,-0.06835636571320691,1.4881575767990984,1.2830308723642192,0.4691736532137961,1.152193275658151,0.3767034490705583,0.1517292320216468,1.5956553628082037,1.2256775103448514,0.6896070413225373,1.4658860900475448,0.5392134690588128,0.3417345443317066,1.5614966756538973,1.1466226225511478,0.9053666732720516,1.5757259545710913,0.6756883778105496,0.4074329047072256,1.356835037967814,1.0637309496475467,0.97902380015231,1.4547851440910118,0.756627231660238,0.46361130086471913,1.1358383270374572,0.9631026432219902,1.105828842900929,1.257447376524417,0.8457711336954874,0.4585044028652341,0.9346026436619992,0.8150935566600959,1.0811454019739029,1.0536723812660975,0.8670220485579593
4.2,0.3312379460237312,1.1184259263201366,0.15313179865548937,-0.5990175264597619,0.8355538796588435,-2.8954091792367325,0.17219828252062852,0.811997560886348,-1.358863460739114,-0.6804937451062365,1.0305153184708482,-1.3457350858517863,0.06329204891685825,0.8298833141034863,-0.6651161791322774,-0.6685822706350164,1.1116058411227447,-0.21368382404283098,0.025664595775902743,0.6827399366729695,-0.5050876040830661,-0.5808269604006444,1.1768474753394331,0.5769261944358633,0.08517769155391197,0.5516428194313401,-0.2153837302862448,-0.4283670935471795,1.2955503601768559,1.0624247305727659,0.25655114064528917,0.5289885953429629,0.08260180601634326,-0.16493578358081074,1.5170269585197849,1.297192937954637,0.4974874037053354,0.811909692671672,0.2473924220594481,-0.033956216197559286,1.588927433330336,1.3149076927361363,0.594891058613483,1.0356769070516991,0.3063260799918943,0.1346219968973239,1.6429805135200626,1.2445751816100359,0.669985640834891,1.221066624623206,0.3975705202094004,0.3328674065551951,1.630720681039599,1.1399138715173884,0.872680392022476,1.48701539089687,0.5632221394995963,0.49563184524640924,1.476057327929432,1.0420285752665204,1.0635300556840728,1.5337611642103912,0.7147730747666708,0.5361183749481047,1.1833873029731956,0.9416118854807143,1.1032307033667483,1.353055552090392,0.8190946236931418,0.5483877250937041,0.8782963128755705,0.7982946789931467,1.1788115277961841,1.1024112873778256,0.9262889387248257
4.25,0.4185374721667568,1.0608520910588766,0.1599756898173969,-0.5377334221126828,0.8755567548912735,-2.9277666969126352,0.2130673045800625,0.8722494891174579,-0.9996648019394503,-0.6115030976283409,1.1167321419562537,-1.3302825534767242,0.160991929408558,0.9976051123242257,-0.41816579387887065,-0.5930375926368248,1.293835457201249,-0.20074882440785244,0.11762976419950244,0.9985547394080331,-0.35655093165806045,-0.5173693191764661,1.3472777647859369,0.5542898362698349,0.13284889763840413,0.822857675842073,-0.12105538292019424,-0.3777052197655584,1.4290205138603973,1.031830863540453,0.24960438411410402,0.6989133177595073,0.2241239834488029,-0.1984276983564648,1.5491386276456254,1.2764114522173713,0.4533433128724548,0.6951427255526741,0.35919430054301027,0.06540831789790591,1.7488297840547062,1.34065106170336,0.7009298755165146,0.9568358646238502,0.33308503588904625,0.167861874373334,1.731869738877263,1.2715178659710935,0.7809539174747092,1.10619753874236,0.30766166304261633,0.3074569451561615,1.6872836275484993,1.1583172158347577,0.8403061305200799,1.2555996273337202,0.4056383663006131,0.47325068053987174,1.5665664375295396,1.035843052729215,1.0142006019732572,1.4668146090510086,0.5980015549853306,0.5996674129402058,1.3110600548173057,0.9212024859996515,1.1739158903925002,1.4499667966053458,0.7815983064928455,0.6115429416022389,0.9521072207482062,0.7795258047279496,1.178601783795155,1.2169449827696353,0.9188687968471461
4.3,0.4097942445700117,0.9116837136113297,0.027059789476193884,-0.5174203749644812,0.8407437738562562,-2.972810125991987,0.29473158458853843,0.8738281066091483,-0.45382364730920965,-0.5581908245039324,1.0795959026400537,-1.351890881995336,0.2032996079805064,1.0001557553089941,-0.12654877067615922,-0.5226478156649783,1.3226711356049625,-0.18870135823198797,0.22004439904980966,1.1379376368417764,-0.17878948346709422,-0.43063475759144154,1.4822366747575488,0.5622168714214616,0.2385190394234189,1.1354709762838384,-0.03481871274186199,-0.3234157236489832,1.516576980561899,1.0112980516245191,0.2839769237071834,0.946974621124602,0.2791813902288426,-0.15933801313188667,1.602562486550636,1.2517974691043854,0.4271117678399996,0.8275096178550227,0.4993557696799923,0.02290355528490995,1.7006640481238477,1.3286395342497792,0.6424708298937087,0.8218868421468977,0.4425702536927433,0.2648632205733126,1.8550583738002757,1.2871899004359133,0.8742446950867093,1.0424541727961318,0.29514261800808217,0.3351230843782371,1.756206395482387,1.1820002362771365,0.9321733978449285,1.1291696309274282,0.2829718344436619,0.4401786642660266,1.625081046590946,1.0546149420892037,0.9723379289697888,1.2545732387610453,0.4266911541655787,0.564988239774693,1.4135662667431692,0.9176692619605953,1.1093376113087134,1.411470660382915,0.6701265666457619,0.6489350574907871,1.080447237847002,0.7631568408378597,1.2349227608971445,1.3317628381446045,0.8969836012132375
4.3500000000000005,0.3361106262320068,0.7482640145435349,-0.2038207645573716,-0.5483406528064849,0.8134437596281563,-2.9571676128454047,0.2853052275647008,0.9187371348260283,-0.33049092190673646,-0.576875116220501,0.989453176259083,-1.384444750510409,0.2663885733965662,0.9553234370453381,0.12465501574066162,-0.49393581094197003,1.2136888837499749,-0.20517428125140597,0.24918814126471434,1.0807326286586885,-0.023296862359467624,-0.37201360141525974,1.4539748521998508,0.5689594280868212,0.3322911514866429,1.23253040350107,0.02961287476443797,-0.23569976882177546,1.5878790153765898,1.0154943606786506,0.39413723013988444,1.2185143136828027,0.289219013945078,-0.12127934335700807,1.6011786690634322,1.23749522485755,0.44915088929348823,1.0165981764669854,0.5232480796599752,0.04552567741387126,1.6750298536381525,1.3134230211562359,0.5939225424703917,0.8934497694345855,0.5792466850081744,0.21379818209387835,1.736462884781882,1.2877762638391377,0.8049147349122222,0.8696112221613892,0.39908586739041996,0.4204522640504482,1.835284450751553,1.1917244151777062,1.0079044640792092,1.0496488490799973,0.22598238872703702,0.45929288166970395,1.6700600054878612,1.0768942568979423,1.0436078190908669,1.1064979044883487,0.2702907974075782,0.5256685897209046,1.4691703371728382,0.9377025941361794,1.0614188733069425,1.2283480273679657,0.4929576174564454,0.6042266723490242,1.1876175666302125,0.763975355179709,1.1572512625825726,1.3297441843361546,0.806350848139458
4.4,0.18320940559388457,0.6059395908149429,-0.3244888912068426,-0.6489518290480856,0.7783459699000339,-2.950476217296759,0.21387878906731206,0.8813463195765858,-0.49236720054628025,-0.6349961078795818,0.9536451567034998,-1.3698840556353136,0.21874047669388685,0.9443996451081931,0.18262961901975983,-0.5533581226225914,1.0742541335383393,-0.23094976436472264,0.2797741921418506,0.9944494503295949,0.0799980596050896,-0.3772804282295983,1.288740904827268,0.5542199489494656,0.3370321183374323,1.1248834842955904,0.11272182487660776,-0.19846191481658337,1.509250091082972,1.0164242745296317,0.4699393419426101,1.2718720444629217,0.2841203991885909,-0.04249901109260268,1.604854235943285,1.239440471179365,0.5545856127108768,1.2306607249621626,0.49621717392866205,0.06329985902194579,1.5920871219008914,1.3078070519458462,0.6040542239553173,1.010159141114936,0.6027783681337646,0.21766004710545683,1.641590150750325,1.2833263216743807,0.7347517776978039,0.8780342889328168,0.5383532059163126,0.3623847924329038,1.6611640245881043,1.2050818616863612,0.931366459982357,0.8309387296902038,0.32019794838683147,0.5264841028910627,1.7032942754033131,1.0843678645179033,1.099273643624712,0.9908601761780043,0.17354236745420792,0.5347616330684524,1.489416990138639,0.9598505861396955,1.1124370929920078,1.0549105722113366,0.3081685183216104,0.5606379590091448,1.2373879519346298,0.7857061844632096,1.1065654815690606,1.1921035062577552,0.6375727489049181
4.45,-0.012536880482401676,0.5127678491600688,-0.23768229140796635,-0.7633329621113694,0.7657678639721244,-2.8879972156718003,0.10325773053396081,0.9090915977261007,-0.6068912969296578,-0.7874129823564946,0.9080289416592136,-1.3616030754322221,0.0903727328562256,0.851762174845323,0.18560351075702153,-0.6162864845094473,1.0379339298176404,-0.22052734330472668,0.22781430393511237,0.9404899032194756,0.11843014014885234,-0.47118631523593635,1.11280124365285,0.5323042661287064,0.33839640314809016,1.007603729376286,0.18170019334961962,-0.23970180595792812,1.3067687934009298,1.0015799138185761,0.4440417691547146,1.1308432926832266,0.32685835624560455,-0.03192304198087026,1.486300263300473,1.234932679138872,0.6075234843042763,1.2476684479061808,0.462664273474384,0.12525196502756852,1.533380507151687,1.3086850557588696,0.6974262602697868,1.1671698904852597,0.5748236746370453,0.21384354854043774,1.4919572882068932,1.2864521832759956,0.7332775728926919,0.9257610967963527,0.5839529398084755,0.3473048263609213,1.511053098619648,1.210470316947112,0.8419202372246913,0.7868968252584478,0.4613272895539319,0.46363084627662143,1.4898098254089387,1.1078189241075465,1.0185521954156311,0.7282951681160679,0.24941151685337204,0.580183836364534,1.4791095803407117,0.9674501640893662,1.1471310612495809,0.8952878219340166,0.17882627397906403,0.5595665245764714,1.2344185911162908,0.8080766400247164,1.138367231019847,0.9963908869425562,0.43516128204002025
4.5,-0.17429852925837072,0.4279704162879296,-0.055997829401918275,-0.8630209299348701,0.7458334878393247,-2.8313471205418104,-0.013595128063246698,0.7749795158028743,-0.5458403091169086,-0.9187492017100674,0.8913664188183779,-1.3074188462589458,-0.05353179739387248,0.7973835334345554,0.19237744687084435,-0.7881602737514992,0.9747342729208164,-0.2091648655614549,0.07179118454617384,0.80953663114837,0.1406136868787299,-0.5211006182006717,1.0796200814519352,0.5376726782531999,0.3017608878530038,0.9284159370228589,0.1836008722079172,-0.3577776990536119,1.1093109717597116,0.9819745353836942,0.4266335396964369,0.9959774790931852,0.38126632296953733,-0.10561461184793952,1.265133026226759,1.219058254490493,0.5501766455584388,1.093400178649849,0.48715487618856235,0.10783085853513175,1.3869125125179638,1.2995529344673629,0.726318035615853,1.159279803876974,0.540586013000286,0.2538315705101546,1.381525671344055,1.2867802908512493,0.8097716200076167,1.0356012403511565,0.5793299077912176,0.3226390481536434,1.3122669800391806,1.2203388926511671,0.8300672960698311,0.7757346056159555,0.535116099292979,0.43092727055156654,1.2994631615077745,1.1204131227831704,0.9134679328527302,0.6431016614874707,0.3872541193605704,0.5151392957342082,1.2416788461842732,0.9967694708794261,1.06555164727772,0.5925918781492974,0.22030518098107454,0.5820753168997905,1.1856287511705599,0.8166059907019918,1.1520602466061223,0.7960265180213315,0.28069148307400804
4.55,-0.30326170984558665,0.37714325358282624,0.17792349699696725,-0.9336460596833129,0.751443473322202,-2.8005752980884036,-0.13176352278388137,0.6430433579838455,-0.45046822284185195,-1.0056053236258622,0.8659045689082046,-1.2566648433480179,-0.18954769991579346,0.6454968671369852,0.18515710567983312,-0.905925544638011,0.9504743593499843,-0.1595432936408829,-0.07270360786309449,0.6884588123405542,0.08618580635213863,-0.6840143742602356,0.9946479993521606,0.5531602814185805,0.14733422088758164,0.770937404454263,0.13180578111243396,-0.38517609715511547,1.079314908137703,0.9822340830781845,0.4117285831824693,0.9056122490689602,0.35563229823709175,-0.23658995539793004,1.0606598742059603,1.200840435979812,0.5249920939578561,0.9548239144278181,0.5347170137417864,0.008432320981173191,1.163227222745995,1.282265661076002,0.6416246722033825,1.0106974038686394,0.5627228102968931,0.21004925771078042,1.2190229560414734,1.2738991320676252,0.8159716661140166,1.0140152755665697,0.5612078051434837,0.33817797892177204,1.1629283553004344,1.219921580318667,0.887258179226003,0.8510107705423118,0.5642952980339225,0.38750666873924366,1.0687355134177245,1.1338485831764322,0.8920970310526973,0.5824187164012884,0.4878797230003218,0.4671931699467713,1.0254506906089667,1.013082203421859,0.9486158089526273,0.4733853697882111,0.34006542100787185,0.5175666697242054,0.9381861137689285,0.8472247683711243,1.0731274027135242,0.45611439313839175,0.2660122661975539
4.6000000000000005,-0.36199181713293116,0.33142527492645213,0.3062268765885704,-0.9480729290412482,0.7578934400944304,-2.820096431981606,-0.1863197278564166,0.6039879234195746,-0.4360252475063193,-1.0488419020958695,0.8852908223556799,-1.2287329196775165,-0.30608576847922064,0.5657161402101378,0.004832083513970575,-0.9584466304175132,0.9204904954972992,-0.11171109794758771,-0.19917280032500972,0.5390183830248287,-0.08914788468449751,-0.768002561544674,0.9588952146311769,0.5998293076697823,0.020821239959730953,0.6059296802095782,0.002563201867050391,-0.5205061349459683,0.9726088274766864,1.0013226770561428,0.27873853788800096,0.730401224775429,0.2534041411296505,-0.23941345287441074,1.0322749641320605,1.1965753485562107,0.5301205018194662,0.862906460027048,0.49618762944272443,-0.12512954260163855,0.9642946305341749,1.2648837295402342,0.6174848958071999,0.8805520425975182,0.6067865752509058,0.0929345988395891,1.0057324604519913,1.2551484928960943,0.7104016660954463,0.8859281022391804,0.5888230810004998,0.27151144687840745,0.9950082264215698,1.2040569904643816,0.8735403593099635,0.8236230039233399,0.5688889591715727,0.3782890289318974,0.8933231352014515,1.1319858707612762,0.9294012252606719,0.6313388191287042,0.5551442402687026,0.4080238096503175,0.7782998350778092,1.0266264581833329,0.9201158453685938,0.36743556245456355,0.4561271392476981,0.4575013362801128,0.7091763209575719,0.8636806700930011,0.9484841486711081,0.3029466283989517,0.34069486037768093
4.65,-0.29677837547869884,0.25350797458860463,0.2764246722992942,-0.874693463740166,0.7457295177074386,-2.907262927863841,-0.2286746339957726,0.4557860800369874,-0.6034700263963897,-1.0181145302300676,0.8951783107639244,-1.239999939268578,-0.36877586226603887,0.5467896727276108,-0.23700039681430485,-0.9609051912876954,0.941542674818594,-0.08439828480126296,-0.29376511867611654,0.4934848607194178,-0.324773938694795,-0.777629672258402,0.9229757681407635,0.6440437730915083,-0.08430412949145616,0.4613144049426816,-0.14949441081850445,-0.562668717266801,0.9230249594874662,1.0443669219186746,0.1729349649225198,0.5394656521595249,0.104947752264964,-0.3383175544975092,0.9076686479371832,1.217708072362197,0.4276610911029164,0.6783315788191904,0.3739967889766409,-0.10618627152419347,0.9358947434117493,1.2572457715618173,0.6375927341109534,0.7938743308309939,0.5647695038624875,-0.03479126056922244,0.8222560081003616,1.2383149684815686,0.6935082744222685,0.7731999929660192,0.6292098614018995,0.1445352043953374,0.8016702659761377,1.1840591056251082,0.753595920861138,0.7255536366722588,0.6024213780797038,0.293164950058018,0.7288276265327998,1.1137822851752233,0.8993085638246929,0.6018126127462571,0.5863077193553357,0.3754748370885963,0.5885980974279992,1.02240758544774,0.9384148825682055,0.39252874314428077,0.5610149871491058,0.3862113629469821,0.4590407076144798,0.8742731345471488,0.9171264034348503,0.15074111395759904,0.44864021109206564
4.7,-0.18674686826341358,0.1594478606836673,0.12685147472258923,-0.7501119207579521,0.7248118661202341,-2.9780551837852003,-0.15336982846314373,0.3914648015315805,-0.8971570469184389,-0.8885690469289553,0.8698952125192161,-1.3049221511851061,-0.3441426752126171,0.4382266080434697,-0.3387622679473258,-0.8878666808811442,0.9470040237359578,-0.09127056878308171,-0.34828029624183676,0.48290029024156444,-0.40332647812808153,-0.73872566587601,0.9328112535538802,0.6688715986051885,-0.15345698621886017,0.42421022388099616,-0.2008394828739416,-0.5319610393642282,0.87927646948319,1.082363958603279,0.08852545247670918,0.3956299911981773,0.026505155263943703,-0.34009134555797793,0.8443205710981605,1.2555575655507356,0.337407936518779,0.47434301146244895,0.2238039194934378,-0.16708486402043476,0.7996788684423439,1.2786392062583118,0.5666526214736927,0.6079821520101685,0.4373983669272158,0.000797113639365854,0.7928983815230595,1.2287332190001432,0.7232387309968549,0.6962728549412773,0.5888876017311122,0.028937637720818365,0.64083912018988,1.1677360423083505,0.747997227440962,0.635764222006453,0.6375123771958701,0.16334482094100267,0.5620152457313887,1.0930068544947913,0.771836576906578,0.5377020830069148,0.6264810195765012,0.2767719544307168,0.43452889243453363,1.0024364358902238,0.895617665075042,0.36049405162174875,0.6221641618767644,0.3331301348689264,0.26541602125143005,0.8668449188330007,0.9184423312838201,0.14889596165362995,0.5858341990242164
4.75,0.013627084295698044,0.053832819244313976,-0.06246119497136499,-0.5927760303800733,0.6904920694945904,-3.075874690952816,-0.035926853408301485,0.3031366691941415,-1.2350925816272103,-0.7146804044483845,0.8417025614650298,-1.3577110870709612,-0.2075616492249981,0.3909405797880736,-0.3420321626223426,-0.7347577531860505,0.9008843081617401,-0.14721087144126316,-0.29291163514963126,0.3917500354263954,-0.30674766440490975,-0.6361369616627766,0.9254269208137389,0.6611023870733096,-0.19123171821103524,0.4071191876449406,-0.07692588368706355,-0.4603992346910335,0.8687022906900621,1.1015537137143,0.040044149265294315,0.34583435762346926,0.10992055240304166,-0.2784025508316379,0.7918925637095198,1.2849974507921451,0.2684349620851254,0.3269534596434829,0.18153517017018062,-0.13543094303265502,0.7248581475399529,1.3100298594720783,0.4861609455786149,0.40068865181460334,0.286065821436428,-0.024867957082528314,0.652312383032676,1.2488640140740581,0.680915513880892,0.5162921698773975,0.4619300850268203,0.07553532023360177,0.6103794201515989,1.15758972522352,0.782968432327452,0.5709584314158183,0.6011788597953188,0.06424206466205895,0.4285856206391392,1.0774074323157712,0.7802006707364675,0.47333517944562553,0.6554983945222639,0.15011054021976555,0.29833326870619903,0.9815755676939419,0.7661320836405654,0.32976582521027153,0.670280465789058,0.2258933991735823,0.1270274474926536,0.8456687973864419,0.8663295956272157,0.11127747562976398,0.6830763411120172
4.800000000000001,0.1843231253272934,-0.050044490614396225,-0.2886222172078627,-0.43097513233533835,0.6620701116147565,-3.1423668900968527,0.06578688345054617,0.21378516309334272,-1.426604161471078,-0.5226436777142984,0.8031971807561389,-1.4305066601025935,-0.03875984002519406,0.30412653550309887,-0.2992049767944971,-0.5484264840958897,0.8662849675492357,-0.19438185837979516,-0.13249544003761082,0.35354308845349924,-0.1691598383843164,-0.49181334182914593,0.8546169578908902,0.6068355390785507,-0.1424259444432785,0.31242037172732795,0.054377245595039536,-0.34506561969943395,0.8426448834636702,1.0890369209443898,0.02288164950801086,0.30873785748078353,0.31541750984592776,-0.18728737088765435,0.7569369776965784,1.296385177754729,0.23436615150676499,0.2511823945703806,0.30968338465128253,-0.054600817376559974,0.6644887653933518,1.329983424118532,0.4264336126242201,0.24672574986350093,0.24485267072428107,0.031177404171773837,0.5697765184090597,1.2732957254484034,0.6058958730110406,0.3127909608318693,0.3097126761082385,0.08030737087330042,0.47245488836221483,1.1754134638785108,0.7655083853098992,0.4031142189673105,0.47654293481345333,0.11670244939962604,0.3975018373672734,1.0677993750509052,0.8168576130726768,0.42239577866876465,0.6239720823066641,0.0703135224917828,0.19500846571060215,0.9671402237844273,0.7901279487529765,0.2912351032123821,0.6940608414318916,0.10734247741215341,0.023399254222513655,0.82558910181321,0.7387513978852276,0.10988030508656033,0.7441775632441492
4.8500000000000005,0.24659881685019894,-0.12261892344295598,-0.4642633625892205,-0.31987903376909266,0.642320203718989,-3.2070830866520392,0.16807779711232185,0.1588133971124715,-1.2861920262601008,-0.34480707004539646,0.7794222596907074,-1.4757657560595805,0.11466851388342048,0.24042852225948486,-0.21291186326666334,-0.35988063428817885,0.8282543890243588,-0.2542738459297425,0.04061312933388872,0.27302545603618644,-0.059033378451879726,-0.3264848742657467,0.8132774457793968,0.5601680318352017,0.011380408653480112,0.27413413048937396,0.13172529052142407,-0.23319710170436103,0.747933755848158,1.0348059606268363,0.0409426227119285,0.20065420368304931,0.41915929635857807,-0.07528259791895309,0.7102331698553099,1.277865672705164,0.2364170007856985,0.18541367584492574,0.5263970840344256,0.04270669683124506,0.605869382887998,1.3331780266535531,0.40108981955613743,0.13892012179926727,0.36448837555910074,0.11988847450908668,0.5035630182087081,1.2842756192119897,0.5500295820033179,0.15134846786099687,0.2538049987180353,0.15188347870183527,0.3865854825030679,1.1931189121784336,0.6928337500128414,0.20806752279751506,0.3259570383093634,0.14658746207726558,0.2684098241032329,1.082792561161794,0.8201284701599454,0.2715138387642946,0.5029323277180908,0.12441676034799176,0.16416122671776723,0.9588146723508351,0.8258922764135916,0.2553068429723786,0.6684971436205449,0.04831147185927254,-0.04894448949071872,0.81293992066512,0.7790279500168606,0.09625886534318895,0.7674821157376251
4.9,0.15939819000029803,-0.16046362615856868,-0.44457620972949285,-0.3352612468677929,0.6473472303820582,-3.214883457298358,0.17654982661101482,0.10705500087186837,-0.8266307459456965,-0.28609140055221527,0.7650215254502157,-1.5127620482264459,0.2090946433727603,0.16486464312259763,-0.021403878752077166,-0.2030919531204356,0.8111627222057383,-0.28762842207262995,0.2087281713105289,0.22605256015247543,0.007140948898575361,-0.17250026399033835,0.7767851346494492,0.508794494373585,0.15942647279989286,0.19877616658190056,0.1257486949392584,-0.11131210425082916,0.6993473691675112,0.9889255595787518,0.16851616858925444,0.1550813302942643,0.4285580346395649,-0.00871520978647844,0.596217803290493,1.225426900472694,0.21215744874922127,0.06276165498469011,0.6125860635437264,0.1388634114240972,0.5400635409250709,1.3096249554130912,0.4154377630375028,0.041512716759287804,0.5646113274757854,0.21228889884921553,0.42519385795463993,1.2802995520148919,0.5274870398107931,0.010963531148688865,0.3418616068397904,0.23934997390914425,0.3174363702644989,1.1965863928710474,0.6370606717116951,0.04063662197465168,0.25386194604133183,0.22612907734599563,0.18357528130354517,1.094515398054493,0.7484454817529851,0.08930615839883993,0.3571856583997709,0.17432464933558212,0.048930238192572695,0.9709333313107171,0.8468880965959296,0.12589236930924086,0.5552380199180202,0.10080216943428866,-0.07853409409228629,0.8062989758480976,0.8122456629276005,0.07643418475503672,0.7499065182063431
4.95,-0.12300138580518262,-0.17701798566511198,-0.30115278874666584,-0.43358918225950394,0.6711233230386071,-3.1878091897616767,0.09350746491227879,0.08049389861702672,-0.5823883408469581,-0.37636850461836957,0.7845212476287555,-1.494923865017354,0.16198546425614102,0.10927521802477336,0.20230597374133552,-0.20764277094467154,0.7951473698192446,-0.30271477458774787,0.26961284543852165,0.1356487276918178,0.05031814223002762,-0.06288706544799627,0.7638288833279328,0.484800533984715,0.3085285363398802,0.15904446717927878,0.07537876929272602,-0.010190635666411652,0.6631236344971958,0.9463353534259683,0.2762857359131776,0.08108095054833597,0.3380295806958693,0.05920185994786831,0.5406113649076127,1.1830997149848903,0.3025763299124611,0.00567730991870341,0.5960329384493397,0.15662574082325076,0.41357068321905555,1.2617831694018555,0.3462532609105273,-0.0924956648410229,0.6529307042878082,0.28456208943127503,0.34419954548318366,1.2538257973753242,0.5444674075385647,-0.11652152819252759,0.5154329201504207,0.3189253464276298,0.2248597174139766,1.1871674419250333,0.6110453046529769,-0.12925465110726675,0.30514301922995724,0.305792499144677,0.11468490787514884,1.0923336048141408,0.6895646492671714,-0.08175381712038732,0.2704113925104408,0.2559196886189463,-0.030903060966274154,0.9777071810793081,0.7759464250906363,-0.03891821041088228,0.4204027624728469,0.16603325433386384,-0.17616370911593293,0.8158942512047196,0.8491447130954908,-0.026730123577289433,0.6537121618377275
5.0,-0.38766013428076346,-0.1456035183773911,-0.1766407776703948,-0.5637388810811439,0.7154797378465405,-3.1572429076893935,-0.035062644074016935,0.0824822647266843,-0.8870130136184509,-0.541377282616855,0.8246698237975059,-1.4561793142471346,0.014292406607635089,0.12692786801816514,0.22632976175947772,-0.34327710494257424,0.8210823280411761,-0.2677194216191403,0.1873766832735051,0.08190671401100769,0.015211479328137767,-0.1264531169165073,0.7386342500504295,0.4885575380532296,0.32903653326750604,0.0542525254131867,0.005640633805648831,0.0401331984802189,0.6496211898694781,0.9322655185356404,0.3855356373113745,0.04089081873912015,0.2239711470216471,0.10129861881334357,0.502833816192787,1.151080584500096,0.3645621587753567,-0.07046284599288855,0.4829246834759058,0.16951671602421836,0.35220002057450017,1.2259650673283966,0.3956464260996204,-0.16238409370468765,0.6436144708541492,0.25647497375599126,0.21272555980091035,1.2128744228124966,0.43337821555210265,-0.25693840843636806,0.6161616804733523,0.3633661338616623,0.1337341696581662,1.1600417779684646,0.6217596759587107,-0.28258758774139014,0.44949364241729906,0.3677213484750208,0.013907284043428447,1.07932037033184,0.6556920908596462,-0.27613532577180977,0.2830922022635285,0.32364376592019184,-0.0964335281314943,0.9717533846505799,0.7133496719932744,-0.20987529137844652,0.32256698421900765,0.24530928549195696,-0.24767994491943224,0.8188653012863023,0.78025896075433,-0.16853683635387195,0.5411356406807404
5.050000000000001,-0.6182187099530115,-0.11483861994973327,-0.07126998003238529,-0.6782265316327862,0.7853345584587546,-3.151037331057349,-0.16887389104631367,0.0859842148646881,-1.1492619778382123,-0.6955138460718313,0.8890180125064528,-1.4217825653099838,-0.15566261480851762,0.13843676947972106,-0.022362830543155354,-0.5279970504423215,0.8662644175082601,-0.21993848970600707,0.01922085378946181,0.11913098404065914,-0.151471638811117,-0.27459593479057354,0.7603807441613952,0.5345520581432696,0.2373460366933824,-0.0031878037152059946,-0.1124194485116875,-0.06964815692926507,0.6099140715877915,0.9519380636520617,0.37051210465031237,-0.07908827237424354,0.11504596513181631,0.09189301479824774,0.4843586920079357,1.1478606010737307,0.4262618934854403,-0.11655126781162961,0.35866092961588225,0.15523294950204658,0.31165356450780557,1.2058529564302871,0.4131336632197573,-0.2423814101100361,0.5473686207162572,0.2193515861125972,0.14769191408190885,1.1854478354953735,0.4432514269666197,-0.33853453572577796,0.6300668010832632,0.2959849162970496,0.004365491167797053,1.1271426065979318,0.4746289031779951,-0.4240285825925427,0.561470663899634,0.38354914634147086,-0.08204476105783787,1.0533899151797466,0.6541999213706098,-0.4496917255476479,0.3954414016249842,0.36573687459954485,-0.19962142232719415,0.9567880286368013,0.6685618019725537,-0.4231190740023294,0.29435833196808925,0.29898524984209196,-0.30711147799919125,0.8108017915700771,0.7169399562374479,-0.3345428653718363,0.44001845313142035
5.1000000000000005,-0.6996180343421399,-0.06897485185792268,0.01811387692659206,-0.6945443724322864,0.8521640315511458,-3.126037032246669,-0.3713824755549462,0.09994292424343332,-1.240258451372727,-0.7858068122202155,0.9719575904934175,-1.4040011734477853,-0.32234771420972175,0.19430691807172695,-0.33868266213303255,-0.6590263258681217,0.932803706953278,-0.17753260444649857,-0.15805601129962077,0.14053411282155914,-0.3824914312488904,-0.43831782704768507,0.7972008376502204,0.5888420541419821,0.08356877069874835,0.03063111090962234,-0.2653915921264416,-0.2048670019071297,0.6183197927348028,1.0041105955709977,0.28979689802785835,-0.14749148392752687,-0.012559082902622087,-0.048151023020772676,0.4281582104375703,1.1799888266581504,0.3858641186224062,-0.2505031058779452,0.24680334479177934,0.09320274705649556,0.285359478680669,1.21344712992827,0.42913453519276,-0.29733393915701134,0.44092915291317725,0.15642536638347693,0.10418267306312234,1.1772854390395482,0.42174387902978494,-0.42238943430799525,0.5669236744888306,0.2169255438780926,-0.06173123716018303,1.1085765169239048,0.44968194675283657,-0.5146936485023401,0.599913419247554,0.28497078854334834,-0.2031584756207616,1.0286064184610089,0.477974745627034,-0.5875898570099823,0.5138687462865961,0.3544873325505371,-0.29535835247236797,0.9332800293308108,0.6527745226755064,-0.6107590854406973,0.3681733757337403,0.3211483938177828,-0.4074946713841632,0.7951859498538527,0.6596219383659312,-0.5613446590835753,0.36684867862365633
5.15,-0.6535958912614801,-0.02047663751012035,0.0803099559423227,-0.6325104778892543,0.9123949983987956,-3.0865859611213944,-0.4291430427183096,0.12081457334378676,-1.0504852483685663,-0.7335552505014853,1.0432156564738637,-1.3670669858954654,-0.5198590686917774,0.23476453701262812,-0.5313519379014856,-0.702610991553767,0.9972771226654054,-0.1451826234226856,-0.3267588064279501,0.19652241576060836,-0.5431829798335155,-0.5156020855275845,0.8477185268196097,0.6388171649330633,-0.07524192892984183,0.045312680753395895,-0.34572385987156873,-0.3226568303506516,0.6359782986106355,1.06167214677982,0.16994955929273803,-0.13240311712220754,-0.10698735997215136,-0.15489029716945435,0.4176619517853064,1.2346981587064756,0.3287203612341667,-0.33322675170704086,0.11907758681010328,-0.061525553985477544,0.21381422275709827,1.254270860219812,0.37455149176179015,-0.4415907243556706,0.3353790072112388,0.052561567032425316,0.06912552143637285,1.1943857128950308,0.39926549156240787,-0.4868115422053737,0.4866034145377216,0.11523386869559005,-0.10742300557357698,1.1110911070367535,0.3965627404018388,-0.6014096322514522,0.5691692676310083,0.17312110767040867,-0.2675234056466502,1.0181804772614644,0.42423808391994156,-0.6842016757460261,0.5741220854235013,0.2332277675406802,-0.403178714650112,0.9158940444464947,0.45365003775541934,-0.7419001447886368,0.48383324067070893,0.2860401157294401,-0.4985177091915949,0.774731035006937,0.6319012776098218,-0.7567446184505494,0.3871600277723502
5.2,-0.5208978163410408,-0.033568062125076105,0.10960869546706631,-0.501156835269132,0.9644776293746649,-3.031469741437605,-0.3471920043629324,0.1434064578504386,-0.8765145919805706,-0.5905827390641516,1.0987384886022467,-1.3214843033519126,-0.5482185554728107,0.2925634734957263,-0.48209763651830384,-0.5873658307300555,1.0503060274421072,-0.10144276326403405,-0.49630725469325565,0.23826407128824345,-0.5250581680508457,-0.5069098697597108,0.8699641264459101,0.6823944812608973,-0.23671964822260527,0.06758675847997542,-0.2868810714811081,-0.3352736842511783,0.6574259024553664,1.1152610692171168,0.0411199299887155,-0.1395608695624142,-0.059968827140468584,-0.21699076867266687,0.41010865480783476,1.2921633702910922,0.2500039130725118,-0.3438451205005172,0.052391952475620895,-0.1326519522358538,0.182757803723268,1.308921339367749,0.3468803900058026,-0.5375203244964672,0.2027708434197113,-0.10349309149115804,-0.01437134056478051,1.2402331560702078,0.34069755343612407,-0.6364482177976761,0.3855127799283832,-0.018741686160193005,-0.1505341576619168,1.1353962311472499,0.3447137536427449,-0.6740020097238477,0.510769880838155,0.04287558195220864,-0.3138707665570051,1.0291822400161288,0.3471293991809694,-0.772148835938711,0.5726006657212244,0.09780215447053209,-0.4630472653029072,0.9121287871359696,0.3768723807806067,-0.8413892171305037,0.5614566573606682,0.15051106366223532,-0.5892115658106212,0.763600085969347,0.4140794023555987,-0.8799527441933515,0.48372832396475024
5.25,-0.26668189900956657,-0.040379782045041376,0.061347950587604186,-0.26993432346218427,0.9964745959712618,-3.0233570471604465,-0.1854455949624474,0.1651679995752705,-1.1591059423099679,-0.3780856139521971,1.139618420969244,-1.2719523684242124,-0.3923094218234322,0.3206525075604034,-0.37859068661395023,-0.3883600470967874,1.0825107840554171,-0.060374405675967226,-0.4828521049019323,0.2982849248805268,-0.3606811421805323,-0.34935628063486046,0.8880931736998487,0.7252238747987035,-0.37479257988747694,0.08791982362824635,-0.13270082691072116,-0.281248169643451,0.6263187180184016,1.16320000120619,-0.11357949819988722,-0.16221782356616954,0.12493696697243428,-0.16895573411058074,0.39646387394113525,1.34436481333771,0.15260709310027898,-0.37841807614282774,0.15377728260611967,-0.1400304063206237,0.1487306826385959,1.3634273000580388,0.3087400279066177,-0.5742409656280318,0.1338915401371843,-0.1376986860882301,-0.06449033263276505,1.2929918111450356,0.3437667701067494,-0.742090641473154,0.24531537626116884,-0.1656099345402806,-0.24131227841856617,1.1830140984371185,0.29069751003005645,-0.8240560286762375,0.4088743145863959,-0.11007570747760376,-0.36311285657165904,1.0579017052731465,0.2742571428840376,-0.850559792941145,0.5323603863734654,-0.05126014317736516,-0.5080475496632397,0.9290064023417122,0.28288508234809595,-0.928863645490181,0.5870574777261908,0.00039400667763089814,-0.6420651132399202,0.7646809499487439,0.3187588341025953,-0.9797145072288387,0.5728154949175243
5.300000000000001,-0.025033900073015543,-0.10842311264758328,0.04980113198925132,-0.030544557948677387,0.9996216199639241,-2.9860252181160734,0.0005458227828521456,0.15962818248992894,-1.4778132225196496,-0.07147517400257541,1.1457232491497527,-1.273036040485799,-0.10719813175282211,0.3300065877184948,-0.378771675813771,-0.13641802479753107,1.0951166169713789,-0.027369248682813773,-0.27705691625988704,0.30847732265558747,-0.21330842881365997,-0.1292781336715132,0.8849279124218956,0.7543246940501475,-0.3243092716524223,0.12586417354302804,0.031513797812676936,-0.10674575311289125,0.6021451371819975,1.1986042632938083,-0.22439293551403328,-0.17248128653651862,0.30826153590869754,-0.08292590068198269,0.3124990373998804,1.3895891938508567,0.002440253701684547,-0.4417481186536052,0.3824403797856153,-0.043613983745722784,0.10024949329512811,1.4100104161423548,0.23882769098018009,-0.6335992326631847,0.24005765008536128,-0.09730578037079773,-0.12257326316685191,1.3424242288976944,0.3417541634469441,-0.8010678070803803,0.1606314312422088,-0.165031846791166,-0.3069145453598887,1.2325575784430953,0.322997004491692,-0.9355906057610385,0.26143498947024,-0.23999255512446638,-0.4559908434295812,1.1046635179703346,0.23090318282914724,-0.9965031091972851,0.4282081318360671,-0.21322508519506123,-0.5607225994324239,0.9593400151765352,0.19522682714605355,-1.0104558408891524,0.5644312449262443,-0.1584957959151101,-0.6835400550259552,0.7848272418129643,0.21416890670364874,-1.065197331835861,0.6276226257061859
5.3500000000000005,0.1667799155997425,-0.20051021624585746,0.02077670886679541,0.19859394884161663,0.9718997725970224,-2.9287017085375044,0.23833057698351864,0.11289922558625165,-1.4106393140365867,0.2202555882413959,1.1168265154689694,-1.2573387961919125,0.18703712576871473,0.2913866862328689,-0.395657235349157,0.1744566739269171,1.0603061441210704,-0.04545003695542544,0.05506360300616153,0.28436002557591133,-0.1381803027645297,0.11764756124250209,0.85991129521235,0.7675637186771819,-0.10094594478611407,0.11306116647453357,0.11988562166626615,0.10198019004575176,0.5598416954200713,1.2130375841348473,-0.15353507205183625,-0.1638018492727792,0.424132373628771,0.08558394399956537,0.24712194395254183,1.4138246401723908,-0.09120282141907232,-0.4804180402865077,0.5549744307683077,0.05981325229325929,-0.028102258746276476,1.4472559623109116,0.09011611794335384,-0.7271078230985131,0.4673398077047556,0.03246549181746161,-0.20126789973557102,1.3806326816642593,0.2929907384188488,-0.8790138564687756,0.2478235720830586,-0.08624039762407776,-0.38434104944570446,1.2755505069631345,0.3512617080771432,-1.0109251297404735,0.15961768989167835,-0.20852983908850486,-0.5323708595628229,1.150028772822883,0.28949631168834955,-1.1103709385599707,0.27506496883923093,-0.32082351425590794,-0.6505536026172409,1.003325235496746,0.16653719881773743,-1.1483222725832594,0.4606195677332503,-0.3208474180627219,-0.7365828665440732,0.8143163767180628,0.1148402454807751,-1.1477410644496253,0.6302237233867364
5.4,0.25793112697253723,-0.3101124041981453,0.13268494787087673,0.32146353977131614,0.9301869941156271,-2.8197041114693198,0.374498331040269,0.034412514966167373,-0.9441754259682706,0.45321882770349653,1.0505812460077024,-1.228990724789584,0.48570745277588223,0.1932286133043808,-0.3064733537914427,0.45045150775254506,0.9989249900428954,-0.05142826973281937,0.376207198438535,0.2100458918651542,-0.1128678017022284,0.37428778135640606,0.7802743153609448,0.7360208981491035,0.20892982446797204,0.051910470271717246,0.10868077943455723,0.3094602011912251,0.4961075495574674,1.2089903683296652,0.05296529179350906,-0.19372597742985298,0.4494476913967458,0.2592514885695296,0.16885770653843224,1.4144422282518505,-0.02383029394598868,-0.4972124495415058,0.6300460902557838,0.20525929106609997,-0.1277988404397723,1.4592442393099558,-0.0008939652528843212,-0.7873129049100729,0.6203826601928635,0.14052604428170135,-0.36149575144917456,1.4070266422644766,0.1424587173637888,-0.9920699999329721,0.45138298271218136,0.06250551234056267,-0.48623523726432083,1.3040983628022806,0.3169697457919187,-1.1012982292523543,0.22069793943605598,-0.10100525274497674,-0.6232957900220848,1.1858765856444609,0.34184025165469945,-1.1964438927787233,0.15579230671378808,-0.2631799918959876,-0.7325780459542486,1.0438559717916673,0.2476073901800262,-1.2614119459206283,0.3042085142807164,-0.40293162948660477,-0.8186885644379371,0.854282936172801,0.10239537153436085,-1.2739664176438361,0.5382044820631793
5.45,0.16492446961089277,-0.5177845660960754,0.3398315700262638,0.38308523606111144,0.8423854891204963,-2.731177244912403,0.418190463870593,-0.0724055142599731,-0.4013785391587885,0.5372406278959074,0.9804316318040573,-1.1542497549979036,0.5993952142295741,0.08168592735461089,-0.13045769564130438,0.6368715627156529,0.9067758349048693,-0.047488113396656206,0.6641673281643089,0.0942896917410283,-0.07634782400192738,0.5842919187002593,0.6916269653742457,0.7169923265345884,0.48969202243341364,-0.04377368705622242,0.05107942196547732,0.47758394215142275,0.3766236828131131,1.1716082071753742,0.29202889638637863,-0.2829485914230483,0.38318611075417996,0.4068182877370585,0.07153212831136901,1.3978489462681267,0.13771383571467966,-0.537261332669819,0.6249855005758024,0.330142965321949,-0.23450045454008528,1.4486034979870537,0.040205109962828,-0.8228426478778366,0.6720487138983435,0.25238372574203805,-0.48577775466054796,1.4075152548340724,0.03975112901405353,-1.0671043181768611,0.5852594213070961,0.16556054844671042,-0.664805761571654,1.3188950133483746,0.1626025935995643,-1.2249630702199552,0.3915266232119381,0.05456405659886254,-0.7404768827990349,1.2046618830267397,0.3165197760005447,-1.294279016980856,0.18602665791957773,-0.13588725382977618,-0.8308240446458548,1.0724271179429812,0.31842014542988073,-1.353488696140278,0.1665252121648989,-0.3242652745737029,-0.9012933652557154,0.8896118455489932,0.20129727824657417,-1.3834751539032957,0.38616027818189225
5.5,0.006409969850044952,-0.7059683996682015,0.28056842847705477,0.365157179779918,0.6800861631108912,-2.812846114783145,0.33993430266381075,-0.2546636363913283,-0.2654958193543222,0.5350410966448527,0.8602607758390723,-1.1015549630825783,0.5754354959692943,-0.06786473648200508,0.03896182557639016,0.6770176469014499,0.8301100185496102,-0.007596986542613704,0.7433160949403572,-0.01645797142341665,-0.03397057382735334,0.6955072546821661,0.5866894369583164,0.7062748320221904,0.7203836151354199,-0.1438358823188255,0.01674771397911423,0.5959603338407282,0.26837130226746275,1.1488385029446595,0.493334427382109,-0.38295115923037204,0.28837588120914914,0.4749185426758018,-0.07758328332597042,1.3609819827719112,0.283470508814623,-0.643548563185059,0.5626138507085838,0.4098867257110905,-0.35680208962708626,1.423993283467736,0.1410531769590151,-0.8701933353979114,0.6648081111414664,0.3232581510516708,-0.6115395935806767,1.3884810762165645,0.03872606381989652,-1.1155930704096004,0.6271077964193913,0.2389466875862567,-0.8033159003313761,1.3096067303753778,0.038088429725950945,-1.309479076645653,0.5087810179403184,0.14620536203802104,-0.9246508811460341,1.208676281480261,0.1577671375801888,-1.421296633729221,0.31857323465925447,0.017016829884197726,-0.9554095820475661,1.0822173019753045,0.2988822039801491,-1.45472205216871,0.1593987656443393,-0.18523196764214767,-1.0008784023971051,0.9112577344849337,0.2857873250309617,-1.478165991896536,0.23087587582243863
5.550000000000001,-0.16419605178456476,-0.8002139808788117,0.015244647497794627,0.3239572676477387,0.6092306935595548,-2.8585961655688132,0.25440386128531856,-0.3599544991082202,-0.3532900135387371,0.4492886905018256,0.6794503878407099,-1.1876807357873642,0.41103972829036173,-0.27800488484986163,0.14270942845063295,0.622516646396285,0.7082986215963638,0.00984815600882788,0.6650388274247266,-0.16636168074620272,-0.00351686101385848,0.6973010352942843,0.5183130123108004,0.7163041186182192,0.7658210070379062,-0.2351288946840948,0.016677073064552128,0.6237521211958086,0.16076419629482253,1.1321139357007686,0.6485448134993012,-0.4500959320596012,0.23205969127479098,0.49682529921390106,-0.19722525795039747,1.340293620479283,0.39304761727019627,-0.7375463981574959,0.48936190631186927,0.3825956480156689,-0.5233012229769285,1.390853279929584,0.19295088614815992,-0.9860778821071623,0.6366053348545553,0.33633592871947116,-0.7490178019637117,1.3591317288693006,0.07461504139590058,-1.1701845281473016,0.6324107166398539,0.2566531838588837,-0.9386578794962341,1.2846738227909438,-0.012818472624731125,-1.3660686999657465,0.5491373269551898,0.18048252418231492,-1.0677190727154606,1.1917281423320647,0.006082532961672271,-1.5105794263900982,0.4201882357565546,0.093646455481875,-1.1341280587260627,1.0772558612913619,0.13862441419349558,-1.5789602333106314,0.24726648507481985,-0.04197704395665802,-1.125557492760536,0.9134017565969321,0.2719095169787702,-1.5792345521057758,0.1753175085497175
5.6000000000000005,-0.3682887866389657,-0.788663429224501,-0.1706178756091447,0.2771266363868552,0.6166721218830284,-2.817615843285114,0.12098751672171004,-0.39425961242917307,-0.6028741453602455,0.3852760239402109,0.6366502096241167,-1.2423178334746345,0.26640288224216735,-0.3691329442392741,0.16102387906638427,0.48308653660013245,0.5395245154708039,-0.08086185694766698,0.43584703614082976,-0.371987955590382,0.041499431055879304,0.6095101177059759,0.4142394184947662,0.7028656115471127,0.6540203040421287,-0.3598994002486695,0.04924463406270829,0.5965578462413168,0.1070961766885814,1.1201819226086385,0.6669060662030339,-0.5154059790112129,0.20658170594271952,0.44735378160357,-0.30066132890239405,1.3226535985301373,0.47372751611207387,-0.7727730683877778,0.45206883554371047,0.3168933817859676,-0.6464844261423641,1.3741035507328352,0.21662186787822263,-1.0715594737788376,0.6071144921086186,0.22744747311694624,-0.9207817426279696,1.3302086426786797,0.044782717308843756,-1.2903239412398866,0.6411363015203305,0.20973310009522628,-1.0818173399912467,1.252586794451881,-0.03883985861572525,-1.4269893782832428,0.5701120125154353,0.14970752370252693,-1.2040149636379915,1.1628825514990404,-0.09578190969739442,-1.5705923286876895,0.46345745471341737,0.09120076038483749,-1.2733811518536209,1.054837957647139,-0.039185605130904744,-1.668615120371244,0.333086489522618,0.018270154107709047,-1.2898363793933765,0.9017671077201317,0.11757121141565019,-1.6958641700352732,0.2051430740743222
5.65,-0.5817158475994227,-0.6281627717865642,-0.018428480805173685,0.20167595074487288,0.7186188112122327,-2.7692470911565006,-0.040165166251250106,-0.3826201616142777,-0.8606102498893922,0.329889834088144,0.6924008871910203,-1.2244098084292692,0.09226716354023012,-0.3974860032036376,0.11014349064723095,0.41067857770869853,0.5266103192798122,-0.1415631754528819,0.25097065966871623,-0.45057103973325574,0.082072842985624,0.43776166848194187,0.2748851663375129,0.6091878818462683,0.38883532722145064,-0.540990755378161,0.11262613796353788,0.4936356309663026,0.028565339105801613,1.0837780490329947,0.5412804679127932,-0.6064144449667601,0.23701781761670437,0.40085752940790087,-0.3392586209841131,1.2970175644957678,0.47260738639554556,-0.8136866354484389,0.4152231866815006,0.20431259253372414,-0.741312952503681,1.3573659567089225,0.2332557539073535,-1.0850035443430976,0.5992200637728644,0.09016367163291683,-1.0404426492871277,1.316606835396329,-0.0028896242641987535,-1.3675962987848023,0.649493945967024,0.03691020899295516,-1.248035517181254,1.2268940846051846,-0.13392770327106196,-1.5454456422381047,0.6039044072778809,0.05231479105687775,-1.344421141421548,1.129207168347215,-0.1763545546395966,-1.6345623757604286,0.49952964877577544,0.018940639681446214,-1.4032710739964527,1.0236682353929782,-0.18821512665238638,-1.7271254076287548,0.3840312162893351,-0.016364406608149196,-1.4184485976406513,0.8759628236510797,-0.07787825281835392,-1.7820919874591603,0.27007063247676966
5.7,-0.7378866222612963,-0.4153268066379572,0.20674698376273426,0.16621505009842608,0.8809238091332361,-2.756739496323469,-0.12604649155486314,-0.3385096043333464,-0.7802270186678864,0.2496901133916296,0.8576563174909202,-1.1975126903148603,-0.10816304823034217,-0.33570077392661846,0.1675121099954242,0.3700771020411553,0.6130595926724558,-0.14182780474653767,0.06231724197309374,-0.46486785076617787,0.17121271247665415,0.36909094050919133,0.2837989652465156,0.5468749194847831,0.18223707637660214,-0.6125769238416848,0.15602639870407786,0.31062465516509263,-0.07553142700407633,0.9909377079309895,0.2679859544463439,-0.758088529667523,0.3127447310440109,0.29697150430013863,-0.3924498081011851,1.2469539019684577,0.3487329346751523,-0.8727015287722382,0.4365398210970878,0.14696834884782461,-0.7676450711321836,1.3249570803878001,0.21904224555656915,-1.1070596404509643,0.563685219258797,-0.06828645100327435,-1.1236940085459102,1.300635474555654,-0.03642555567153969,-1.3684049254801458,0.6627201134121841,-0.15343843472138463,-1.3580947097927742,1.214617832706285,-0.23635385789508,-1.6135339675987306,0.6334656094009905,-0.16613230381904653,-1.4961060281968663,1.1054341897536935,-0.3201190611275886,-1.7446000007650349,0.547601034704393,-0.1181280396781581,-1.5338611315183437,0.989165880240539,-0.31521103967619046,-1.7894659321888122,0.43610082875090306,-0.12171588079543216,-1.5360156175692907,0.8438030208340253,-0.26649698351369455,-1.834611493746361,0.33415955361698013
5.75,-0.7485843883365519,-0.2551289845743032,0.2838167274634623,0.21286729032758966,0.9912030695035456,-2.7505490092601095,-0.2969933262039798,-0.3664604490798866,-0.5641113258598724,0.24786785317579163,1.0427972272627128,-1.2051915709510586,-0.2025489105212004,-0.2702364214664579,0.3791347540363381,0.3057098467507391,0.7852842664692661,-0.12707600755854642,-0.14919406543290825,-0.39978463590835034,0.3108198666304986,0.3562622416237504,0.3774181081335559,0.534909924424424,-0.003489460260388766,-0.6262843858518385,0.2146019582991956,0.2534917588478969,-0.05619301914652208,0.9323665498409478,0.05457772065909583,-0.826373583388752,0.3154847547224149,0.12002722338506189,-0.4628120035319139,1.1597599765142945,0.09046976081232772,-0.996934558467971,0.5158253376606945,0.05180526768566729,-0.7998433555292506,1.2697476538480883,0.10777988723761939,-1.1400814388119884,0.5801800775852992,-0.1297074279081567,-1.1414749045106598,1.2663647789641197,-0.05880598179010445,-1.377923935518245,0.6338225422639326,-0.34056875770005934,-1.4276440378147992,1.1986261565891265,-0.3059320566634531,-1.6059224133199521,0.6554160964275486,-0.39130130176215694,-1.5915962102683068,1.0928173997144697,-0.4616165174710965,-1.800711868517563,0.5865701356265401,-0.3648348509551935,-1.664045541888055,0.966372044519761,-0.49490253830789754,-1.884508349958761,0.4928687683090037,-0.2872156969381878,-1.6512520730593083,0.8091586029466091,-0.4329800122270464,-1.8908119105406107,0.4068770390596114
5.800000000000001,-0.6823600411271216,-0.19392331877989538,0.3037769400030796,0.3245593029294813,1.0682393871498874,-2.520294986420718,-0.19411987934501296,-0.3131179875565486,-0.3353897726608448,0.3583003654999839,1.1205323974032977,-1.2169313953145655,-0.2817348452948294,-0.2856329494696592,0.38976871121865586,0.3355409652056185,0.9336116892410029,-0.1384372392238964,-0.24813517098815807,-0.36028372149961996,0.33736439995161716,0.31778262526795054,0.5106158162211205,0.5464527350100375,-0.20945175027928642,-0.5884276497260208,0.23461239162214165,0.271341413427999,0.02413953794840218,0.9158266875177259,-0.11972567854997873,-0.8450134373608851,0.2546347753384941,0.0783055451418102,-0.4436524468595815,1.1095375885114893,-0.11859280452065879,-1.061950956682303,0.47535386189437334,-0.10640538862555449,-0.8414531975754747,1.192621675746031,-0.11862938413849622,-1.2393795249706536,0.6590041502962162,-0.21025872069578178,-1.1582352150857211,1.212429775996292,-0.1508715526435242,-1.3918917079278366,0.6497808979626357,-0.40090480921616045,-1.4401399548120208,1.1654791547720722,-0.3325597001999102,-1.608127905293891,0.6333423131968671,-0.5916374595487595,-1.6458895097516013,1.076225295594967,-0.5545638155646672,-1.7848901298801993,0.6107777405382673,-0.608193117893685,-1.7412373881811005,0.9524797479717706,-0.6632606209138523,-1.9250987818254242,0.5358813376019333,-0.5464390399232588,-1.7551308055145087,0.7870041547101903,-0.6417243577379581,-1.9658044107854953,0.47310186472167287
5.8500000000000005,-0.4875426279690567,-0.20257917839246256,0.44181362051421785,0.5257667384429521,1.0892712326847631,-2.4048624400440057,-0.17739576826897374,-0.21822883909264412,-0.48472117175204277,0.5755336341327189,1.152870734547089,-1.059131991097464,-0.05212735031496485,-0.21379670749729351,0.10300703764801211,0.4870390515662315,0.9526879803210742,-0.15688864923737916,-0.24108676742910695,-0.3811465334780173,0.17035474589094024,0.3692954148475591,0.5839472331189999,0.5429365213820233,-0.3124755070026103,-0.576578864064871,0.11293962483854231,0.2601011933614972,0.09175670122965496,0.9293993317543677,-0.3125994952464466,-0.8325715167956086,0.14800511097444724,0.12306050448375849,-0.39063206900564307,1.0942197954845527,-0.27887553068572624,-1.0825853081300325,0.30791393485444707,-0.13159506095596463,-0.8302889613298525,1.1535000017126744,-0.3153280038002122,-1.3007291957887,0.5911814986375029,-0.3413722685706677,-1.17679405873933,1.1484983848639818,-0.3350225051169451,-1.4685273516980937,0.7257316724005628,-0.4637247974084513,-1.4464432285055029,1.1168566398628343,-0.402219317017657,-1.6092808744161404,0.6500106271790473,-0.6470830565710006,-1.6553487957647706,1.0457668457699887,-0.58228309000671,-1.7831288772218559,0.5950995288274765,-0.8086706213093153,-1.7792696987869716,0.9352612387821957,-0.769425804925679,-1.8995597957523946,0.5618809323925771,-0.7935274066581677,-1.8116926007216971,0.7717059568748219,-0.8294988275270505,-1.9878046529416835,0.5208126210618145
5.9,-0.11279218779491969,-0.271296305494571,0.5368134269791284,0.875917943011717,1.0278082269112065,-2.4232426917031584,0.10992572749854768,-0.1800588703557109,-0.8403318536646343,0.8671080515934371,1.1114786598875215,-1.003555363777957,0.11373581317724091,-0.11408166443080603,-0.013951946222734657,0.8057941354246267,0.9404478694215701,-0.07047373147216068,0.1017644619323117,-0.30417549304199376,0.12196193515523507,0.5347200297502752,0.5356553595701108,0.5248628697883656,-0.24959430998086563,-0.5788638595787021,0.00048285428390948404,0.32147589772842267,0.07555241057650708,0.9367780638346213,-0.4220413393322786,-0.8182551593830412,0.042929473788304695,0.13533744131817738,-0.3973635130950015,1.110820472411888,-0.4566120701710421,-1.0822365630617843,0.13030485258831404,-0.06692251528734872,-0.8119453452870351,1.1426838448570442,-0.46185305052322256,-1.3229280733203583,0.36175976422157186,-0.3504891053645176,-1.178084014425087,1.1211551445617718,-0.513716371253848,-1.5278391592867968,0.6455919586664636,-0.5628181049612913,-1.4468302979976588,1.0677039732991744,-0.5391099417808688,-1.6661281014949045,0.7213596920790984,-0.6908906584105434,-1.6548160136478351,1.004499345834795,-0.6286894720119751,-1.7760163945552438,0.6115605315828114,-0.8565361576046504,-1.7868767327231883,0.9082083888369052,-0.7958500997863092,-1.8956525829070756,0.5533138230256716,-0.9837242308797789,-1.8331369791930374,0.7543536501520698,-0.9423036879107837,-1.9509685289548693,0.5535498054411234
5.95,0.25632180482498623,-0.3960174243891778,0.5248718502734357,1.2330092390219383,0.9275983261981358,-2.4950639828871877,0.48772971269103427,-0.15104036925821385,-1.0406616803126578,1.3100330341725952,0.9778447583640437,-1.0803269383310226,0.5203659331033292,-0.11884941714351882,-0.011885468192676107,1.136077403209721,0.8411001566915965,-0.07600466203791789,0.37185173714595676,-0.22509177987524787,0.26385762540667274,0.9262019431908808,0.48519271343338666,0.5485838333704265,0.1690033624989079,-0.4810911854700848,0.20637026391809377,0.47767764220080444,-0.03552961523203724,0.9212053819931945,-0.3412718827597141,-0.7617740018546,0.09534197741231587,0.19633292319958695,-0.499564506043062,1.125523888390663,-0.575570952965295,-1.0501239198504162,0.11552294877808711,-0.03680699989389247,-0.8890904727959947,1.1604109870531143,-0.6250030042042526,-1.3338474103108746,0.15448830777931777,-0.2735765825219705,-1.196173065043955,1.115567876641394,-0.6476782145685742,-1.5571830732807599,0.39186405907572086,-0.557042734291584,-1.461922288970312,1.0512103153413932,-0.696010544658413,-1.7262100229063282,0.6386011698959059,-0.7556124653754814,-1.6405193866192969,0.9703720479839728,-0.7172060954003655,-1.8163601629543864,0.6756355395663365,-0.8812602092290023,-1.7816789170804714,0.8749766041933893,-0.8196664420656886,-1.8830418050741224,0.567581628892927,-1.0223279961177,-1.8392391112782613,0.731011015525469,-0.96613292179543,-1.9457425847840786,0.555181268320369
6.0,0.571969979188087,-0.5654755695957323,0.34031637584626007,1.5416952327019828,0.7847738605760624,-2.6461769902426577,0.8540173766034715,-0.2474435409643525,-1.1276023661875076,1.706003596937662,0.8206490988751947,-1.2128455176080026,1.0153858916488314,-0.15860293484271182,-0.04566422964554118,1.571281176802275,0.6499666671628734,-0.19952067072915303,0.7908385703062193,-0.2461762236804348,0.32693610941595386,1.2435173086763518,0.34094392030213694,0.49331649522171117,0.47248272167562155,-0.4163746424498367,0.3874480872378202,0.902405561159445,-0.11569860188592962,0.8981353331433178,0.10138720454918171,-0.6375318051576206,0.35188699674205914,0.3270362943918448,-0.6606969277237917,1.111091257253064,-0.5087082967072124,-0.9411293475711462,0.3065721039399272,0.01658853515541292,-1.062474725431799,1.1760869043452087,-0.754873792491353,-1.3040142842927205,0.2151211037226738,-0.23123961161688023,-1.3321543823958937,1.1314664676989532,-0.7976470142945437,-1.5895963022976676,0.17246525884769837,-0.4747902690004002,-1.5140083593286047,1.0498002397266082,-0.8188414143238678,-1.7693917461856292,0.38434558758857507,-0.7363697004831193,-1.6683037129933442,0.9629240088499291,-0.8502273419484135,-1.8792797034758735,0.5935571105333082,-0.9112346528315385,-1.754894186467415,0.8551488941802132,-0.861088916643437,-1.9100932678187947,0.6197719429881005,-1.0288503918049052,-1.830403038758499,0.7057064289182946,-0.9691075773339041,-1.9288720698280413,0.5659313285858224
6.050000000000001,0.7295119656336613,-0.8138887351467339,0.08363490448354699,1.744483813449862,0.6036003537786749,-2.807216641761483,0.951171108452149,-0.35787366011005894,-1.1784323476206082,1.9863338841385758,0.6275169056226693,-1.3965172227058391,1.3940330649178618,-0.31496267874643236,-0.10305802023517141,1.9200602486949503,0.45407567445435504,-0.3612467079523962,1.2760348204399954,-0.31232033642924195,0.29580456064191196,1.5959868008668066,0.11429311244860241,0.35005450286064943,0.8115507530226964,-0.4363406940145973,0.3668727554196046,1.1677444471188858,-0.2892732298609868,0.8118266776842037,0.3745553088503364,-0.5935206757680809,0.4572669783401232,0.7453828427687803,-0.7624525230078527,1.059211386326017,-0.09347734235246952,-0.8146132952486274,0.5198336255726856,0.11247665447269739,-1.2569530228405146,1.16017517531676,-0.7215828208148438,-1.192599952241224,0.4776544815734849,-0.1894032332530582,-1.5563876435886081,1.1423199000159479,-0.9371975657601724,-1.5902351984176413,0.26480628801655937,-0.4247940410840334,-1.6935723617374787,1.0613623728020816,-0.9571447879980262,-1.8301674818626705,0.15917686661059927,-0.6542760612969456,-1.749139479289501,0.9638821280667387,-0.9635671169974374,-1.939224969357847,0.35132708925619693,-0.8800453290128019,-1.7925848224774699,0.854717027316817,-0.9688285671777467,-1.976102745670607,0.5380797006499669,-1.0254715409189563,-1.7925151398871098,0.6988021145329171,-0.9663100539996243,-1.945469325101441,0.5999684089208848
6.1000000000000005,0.6852865501723573,-1.1224357509710619,-0.13940449817708592,1.8322829232743398,0.3266491071318667,-2.972067616360739,1.2080528783036923,-0.5350286643960542,-1.4153242709763143,2.1186698953375016,0.39440334957044243,-1.563034873514203,1.471868131524484,-0.46340345985783693,-0.12504703880425438,2.1199797312076196,0.23365096057202273,-0.5442427604176098,1.590082521625921,-0.46393722799863846,0.23470763240750336,1.843251771701473,-0.10000438869403716,0.19572519412280887,1.2000300428071151,-0.5136312550782598,0.2810018077193323,1.3954458078737941,-0.530645211106342,0.6753859261186135,0.5868829097325876,-0.654240440200812,0.39363729331806213,0.9346999267320344,-0.9511915946151328,0.9605299323043431,0.10910834582848783,-0.8213836440284683,0.5546460703970226,0.4906510907908368,-1.3734964619150114,1.0946616201000292,-0.37284742062013154,-1.096445171841471,0.6478896353978342,-0.13176493374349896,-1.7666342957329562,1.1228732339090153,-0.9454219292897276,-1.514561285272431,0.5442325883336663,-0.3956675711456459,-1.9470337846264396,1.0640287251941782,-1.1033078239426053,-1.870094873893922,0.24547951909083077,-0.5998747644563096,-1.9561104208833857,0.9698550857607791,-1.0914017432971717,-2.025261287435762,0.12496711373298497,-0.8021266788923853,-1.8952752872027379,0.8563210253410547,-1.0738208109297447,-2.051171353787629,0.31825871517348014,-0.9840566117775662,-1.8363912178415065,0.703528431655801,-1.047160554582772,-2.013053910677771,0.5149836354151185
6.15,0.49658267395828676,-1.4077148122209142,-0.27694434924277417,1.7907264910293152,0.0834313855507629,-3.0407505687937433,1.0449563842809875,-0.7706876443532936,-1.2492445180884078,2.0967558124861974,0.05582902032020165,-1.7085496734236405,1.5941709887000552,-0.6696527520701234,-0.157686402905034,2.1608363974206135,-0.017977820205348216,-0.6943514101902748,1.6276909827944375,-0.6135920514994335,0.20945431544258308,1.9388801738361394,-0.32656894879641296,0.0423431418038811,1.4253313239954024,-0.6459585004827877,0.19721176874169935,1.5159240119559136,-0.7470193868284447,0.5539248508507805,0.8420274979368518,-0.7692235841520523,0.3232676802140747,1.0220232222187242,-1.1909234521818357,0.8478741705222198,0.19176928769568413,-0.9750659311971581,0.5306898710793799,0.5925740134866064,-1.5658849464291347,0.9974988859840156,-0.25614189924231434,-1.170753523146455,0.6520981871647153,0.18098139644278533,-1.8922335634754894,1.0537218679993776,-0.6845707984306368,-1.4628321464977232,0.6945333910828666,-0.37532023935104686,-2.156760017910635,1.0404940550586783,-1.1529377173943853,-1.8319769673369835,0.5077614838655385,-0.5825683774673518,-2.2186692193108204,0.9638042166145444,-1.240614722455061,-2.0931930371492617,0.18225397251601483,-0.7454490657136059,-2.114286540184569,0.85683523580948,-1.1918349682378535,-2.15195514140051,0.10290550116614017,-0.9130561531964076,-1.9532791797489768,0.704606367474534,-1.1436224008161835,-2.0982798770502495,0.327595782075492
6.2,0.17626387053833087,-1.6534476421326605,-0.29359844232736837,1.6610855089060594,-0.1321720647155855,-3.056534162325045,0.7788841874866209,-0.9557147015437022,-1.071678447965821,1.9563239195296767,-0.21116855372224297,-1.7655405235730053,1.2847653099017953,-0.9415894722012581,0.049508060468294035,2.031048191029985,-0.35984904045213373,-0.8120329058299749,1.5893552643974411,-0.8400763707495609,0.12223006017498805,1.8876667950394754,-0.5698355676402134,-0.07595406546537731,1.4508879687001766,-0.8004021726690267,0.1365009185111878,1.5019146401967998,-0.9643080411487404,0.4454015631392416,0.988959016834198,-0.9158611819099798,0.2501312772208314,1.0103855096815106,-1.3975115163262508,0.7687570036246555,0.31464124683769135,-1.1467960444707703,0.5515656618270847,0.5418910287987533,-1.7915141087863606,0.914291416882444,-0.2780958308375018,-1.4116164284605266,0.6962696473218528,0.19375314483202288,-2.0789545578954938,0.9658390528339533,-0.6498855859044834,-1.588654312028278,0.6962221779194352,-0.14415075906110353,-2.2861647135057783,0.9726635977661457,-0.9859158632514413,-1.8184382076386203,0.653199844266236,-0.5956398031005827,-2.4142270559947265,0.9371888068718581,-1.3277134094852852,-2.07258340386089,0.40539529710165423,-0.7378329715968057,-2.3688618987393983,0.8437593023998813,-1.3404904451097224,-2.2279225695842255,0.12220452806360782,-0.8555027925909187,-2.170763763966601,0.7008147770367112,-1.2515847643492912,-2.2008589609550704,0.14735566348241003
6.25,-0.2373904232355959,-1.7612695364886901,-0.3551947581967039,1.4668009625454292,-0.2774358744179928,-3.0832417264203986,0.44731235769348543,-1.2088436367486763,-1.3325720742948177,1.7352048944082865,-0.4178396295150888,-1.7756544696823184,0.8565367329086513,-1.140842001896852,0.051994148099327564,1.815996778638973,-0.6066108534210413,-0.8574546121254891,1.2113805847411125,-1.11396378037168,0.08509805049268271,1.6683925514960851,-0.8726522725294217,-0.16349571838459115,1.2434350616220016,-1.0640487472255997,-0.0439178503971944,1.3676328470623922,-1.1814919031053561,0.36507207977505673,1.0483623025154496,-1.09025216630394,0.14464152133805847,0.8922412966137294,-1.5947567818588437,0.7061051968745885,0.40430900990829866,-1.326857231417522,0.5371300077269661,0.40616270718627057,-1.9789098589725729,0.8737603823290591,-0.2632768936441692,-1.619370166168678,0.8079009814503262,0.019165995042547124,-2.280333612544534,0.9093352911861241,-0.745599481198439,-1.8672237327876848,0.7926841205103986,-0.21523476855158208,-2.4593122585981764,0.8967425957271136,-1.019858264285436,-1.9647637445478732,0.6642783202495114,-0.45376074870663974,-2.5423463420566206,0.8721676730641093,-1.2506735267005165,-2.0821707131471405,0.5459599666635289,-0.7787496768889834,-2.539910326408865,0.8160885862884815,-1.460018013391464,-2.20108910338546,0.2874484833027121,-0.854901894102067,-2.4040191936192867,0.683548296729587,-1.3958067949676165,-2.265828601288799,0.13883291963775124
6.300000000000001,-0.6212703710878322,-1.7362313549598414,-0.25188871835372306,1.2111848933511338,-0.31624620937263925,-3.1313385251557073,0.1400114005118036,-1.3317187079255297,-1.6084257695128512,1.481280662386939,-0.5179672723532569,-1.7932948477263693,0.4296592853354697,-1.3679698202702322,-0.31151995866199966,1.542847503366822,-0.7744180344773621,-0.8652147212073824,0.703013597700562,-1.3155393957146382,-0.14166024004770938,1.4084981817249265,-1.070851081400237,-0.19885790093566558,0.8762299567164464,-1.3252600599637074,-0.20559971961020107,1.0824435326368143,-1.4201978716051,0.3064715491349279,0.6579614830060807,-1.375827652994345,-0.006802366409019045,0.6884345157417116,-1.7749500738437751,0.6614449100577408,0.5132774045872512,-1.5081963081056915,0.4273457702119702,0.19721543813608022,-2.1475353155458965,0.8481235507174367,-0.2217512518636804,-1.8120785961943646,0.8529796791784962,-0.2229805190565326,-2.439997820887436,0.8964407941283636,-0.8109276340513829,-2.0731137847018672,0.9567770594900415,-0.49218814360592944,-2.62774873661598,0.860169270158001,-1.1691122299317522,-2.233821102287717,0.7876476309568123,-0.5983614896914036,-2.695074880845394,0.8078117999451195,-1.3392099383953489,-2.2218536910176376,0.5686161166794761,-0.7266309525812886,-2.6618720341925917,0.7537198520332378,-1.4658023158814495,-2.2188931495141517,0.408661678902658,-0.9172527126013419,-2.5437119097519423,0.6570897279684518,-1.542872261676233,-2.214284297935569,0.23168131156354144
6.3500000000000005,-0.9090981338816949,-1.6095493897986857,-0.09941537896059645,1.0340187723664762,-0.2666010755644699,-3.1810661708679366,-0.13642954163887655,-1.3711045534056092,-1.6205762318438517,1.193742107471194,-0.4811035008211806,-1.814009461659054,0.06464049493134927,-1.4551646197654047,-0.5617360509868363,1.2727278205460957,-0.8242926008962925,-0.8777168555936954,0.2553839799825961,-1.5118651626154889,-0.40239361562290926,1.120638960443383,-1.1848876285431542,-0.2071749313087501,0.3673634000089736,-1.5161072549777403,-0.40107040896271307,0.8052674827819306,-1.5557304229804503,0.28101507531740705,0.36665420272945415,-1.6063283121773897,-0.13318074694276344,0.362127194136983,-1.9373410656863754,0.6284178667725487,-0.05175894067944853,-1.7617251820095376,0.3413419105777648,-0.058757478193394164,-2.2837108273540263,0.831583394606249,-0.10504692113932546,-1.9692234280567638,0.7598937795425932,-0.502722694565243,-2.572413709311352,0.8951882518905446,-0.8277085063641882,-2.245932678255027,1.0349545008519834,-0.8163733197098377,-2.751983051637863,0.8627443371691779,-1.2965289074960331,-2.408914943772589,0.9683533490365701,-0.9520093545273056,-2.82352282079934,0.7840333284808532,-1.5327678845656652,-2.4540009138361207,0.6985860043471448,-0.9309922569825746,-2.788570271975639,0.699270508068468,-1.5984215968414353,-2.3331165549873143,0.43907500686794876,-0.9493001214355878,-2.6551473538825077,0.5969276492099607,-1.624423856886647,-2.2298275422838056,0.30216870901143966
6.4,-1.0601411439334334,-1.4497830388861073,-0.06519934792456429,0.9513390191373983,-0.2127097850166182,-3.2590344128330972,-0.3414388724094559,-1.412818858013484,-1.3912920773734898,1.0391452002503598,-0.38795426818109213,-1.8425134791855295,-0.2559703341667343,-1.4643015674479034,-0.5810113893704607,0.9955697269744368,-0.7391853663914838,-0.8789281372721839,-0.12177753573854577,-1.5710576790343733,-0.49570098315852906,0.8685592645526174,-1.189289976916692,-0.21719659178277506,-0.029329968882456647,-1.6708722418860533,-0.5047553500475153,0.532582334226257,-1.6122689794564193,0.2727219327585928,-0.07387005835242433,-1.7611324411466298,-0.23668436544121074,0.09151213067792874,-2.0062888570039816,0.6139549845834164,-0.24181526999322944,-1.9378960596310333,0.2663055261134919,-0.40067415711940946,-2.3661709220477833,0.8201133405950073,-0.7782158858934722,-2.145037142334197,0.7021213082459129,-0.7898805584667645,-2.660085725219743,0.8981233465458477,-0.765083702956658,-2.3556582739245484,0.9536208882283593,-1.1421990575191554,-2.8420770338625667,0.8746229198622824,-1.3825003666175073,-2.5401784727661556,1.0546388936301687,-1.330403498116075,-2.9065057243399517,0.7925539914552293,-1.711256049661269,-2.583243179344826,0.8710005064306822,-1.334266582769339,-2.872355828027444,0.6827726569713533,-1.8308270059113916,-2.5173111389792275,0.5599842354738659,-1.1975855568911031,-2.7518958527930026,0.5505917929630177,-1.7941441746511573,-2.3064709929098135,0.3278125914283465
6.45,-1.110976724317773,-1.3667546665607024,-0.1480869336300329,0.9477109595336364,-0.2022843439396227,-3.3001864694904195,-0.4870639476605416,-1.459236734097952,-1.2042700169379925,1.0182720068355344,-0.33494935615596466,-1.895785231323353,-0.40093923681417465,-1.4957430243539371,-0.43796355794725406,0.8798414662637777,-0.6335005860172505,-0.8865389136412285,-0.4555516074455028,-1.5693716824662576,-0.47153418130811264,0.6308138771375527,-1.0833135875416033,-0.2056548248203184,-0.3887755857257513,-1.699014873506955,-0.5079635490703556,0.32189293203527036,-1.5802914983328553,0.2658316080495876,-0.3805317491036424,-1.8649469152227196,-0.28250879768812465,-0.14355629678084902,-2.008821867429389,0.6090081064696387,-0.5726297618670482,-2.0351753431822517,0.20421120209792365,-0.6443360652910002,-2.3714677808857676,0.8184115906120576,-0.8847413311775693,-2.252378498498378,0.6493609947146073,-1.1219738307639382,-2.6650760664330098,0.9051237377018739,-1.4428441234725708,-2.439718915490771,0.8980856543440461,-1.4376843026220687,-2.879410990123421,0.8904230352816378,-1.3986498812626418,-2.5937234635867052,0.9756649563198848,-1.6760894624318023,-2.950805216276726,0.8102606914981936,-1.858932980998687,-2.6642045943801933,0.95006858341442,-1.7388839691047542,-2.9112216226872256,0.6916079922164364,-2.047469999146143,-2.595117111912814,0.7057094500887046,-1.624194799313785,-2.789421051512182,0.537898431223075,-2.0577806444628277,-2.4422290744550192,0.4290470094024026
6.5,-1.065788493346645,-1.3072603898135868,-0.37483841586076294,0.9875847704304253,-0.22997700754536332,-3.3399607974478553,-0.5211656846252888,-1.4846403826139682,-1.1187520096876051,1.0662659733321078,-0.3516040910638485,-1.922550640784303,-0.5326656540468542,-1.5282683183172252,-0.31596316979594863,0.9066616292068552,-0.5943928857151359,-0.913825894313908,-0.557163507089474,-1.5778373412060365,-0.3787480966546859,0.5589610881253115,-0.9897352393392866,-0.1940026555951166,-0.696879705877298,-1.6849315439644648,-0.4515478211385636,0.14069027336576667,-1.4743237241862261,0.28575574691856703,-0.6997000950636763,-1.8557956733537728,-0.3145650162384455,-0.2983957997444442,-1.950881068359529,0.6079344238897951,-0.7845024750436069,-2.088489519865461,0.15694867756069764,-0.8258660233934201,-2.327814749987831,0.8212097616013089,-1.0999721340976705,-2.288851239918665,0.6014856986256221,-1.3220059051787825,-2.61420467160546,0.9180884746580897,-1.4962394733819542,-2.480189591619868,0.852103266351397,-1.7366801418953148,-2.8140014678956393,0.9143463387458162,-2.0002362526822894,-2.5945939138694634,0.9162148328565595,-1.9580632373821771,-2.9390305916837467,0.8353119662489594,-1.934503648051206,-2.6626553638439363,0.8707254827066079,-2.080028375716174,-2.909651435914764,0.7117710352751039,-2.2329999125839866,-2.625906845789259,0.7707149266151494,-2.0295618923948666,-2.7847956271096486,0.5446779193260631,-2.2956878538969328,-2.4683854920086796,0.5348907497438479
6.550000000000001,-0.9920055035117173,-1.29060826718854,-0.5810755938130197,1.0770426544537282,-0.3064249766673788,-3.3678115403560662,-0.5784528974822507,-1.4774952489542938,-1.285585524763294,1.150500924242328,-0.41456146212368816,-1.94883730094801,-0.5556525198263722,-1.5312845208380828,-0.284395292334678,0.9906635875667735,-0.6349813113025804,-0.9271665602519121,-0.6691885185252036,-1.5824870939748519,-0.2805673366043654,0.6150611315905463,-0.9716185063979221,-0.19582736855673882,-0.7843781502565517,-1.6487596085664737,-0.35079040220144314,0.1114410616629069,-1.4078473721533857,0.3129127609883514,-0.9497098593704263,-1.8164579099969616,-0.2639747883348207,-0.4142056972171071,-1.8586622035550082,0.6336984221477349,-1.0391383375794527,-2.0468559695333384,0.06973755683013205,-0.9172995362632541,-2.2540397430393333,0.8289478245152556,-1.2265204559778722,-2.30329917419975,0.5527767756168922,-1.4401076581867045,-2.5343872615301732,0.9325160435977514,-1.6104374669812314,-2.4679932837636747,0.8123475415980725,-1.8809736638796126,-2.717142567505899,0.9432791510457511,-2.0155791649423405,-2.5819246881597375,0.8710232307443238,-2.2052402421111816,-2.813570746466816,0.8754778835650046,-2.426434538388396,-2.5986109587709474,0.8073005704321515,-2.3303566466299097,-2.853000399148362,0.7446024942744056,-2.332741300793936,-2.576248240695851,0.6990394071707142,-2.3460567978082603,-2.7407074916618868,0.5663739721384964,-2.491490933167901,-2.455355574537821,0.584963974850193
6.6000000000000005,-0.934871018493781,-1.3116862587941922,-0.5702726571080833,1.1521828397193223,-0.37902277728018907,-3.3106170795704437,-0.6417044767562887,-1.4725699336786229,-1.3084517869154797,1.2620178349506572,-0.5191588555244997,-1.9595547137446614,-0.5646427023399008,-1.4991607363075734,-0.3083368789579095,1.097465870669736,-0.7174719351004555,-0.9418671104150896,-0.6915883203416249,-1.5626641781648485,-0.16370388852126716,0.717025198902288,-1.0295817496987136,-0.19575768136368663,-0.8728782680617964,-1.6080886789686866,-0.2149868159695701,0.18083264200158933,-1.4124009075512323,0.3322493914704587,-1.0353126466556035,-1.7263572734114618,-0.13453801494384476,-0.40466504455216157,-1.8256092459962447,0.6708570595060104,-1.216891413160948,-1.9794494895887862,0.11280173009456074,-0.9646528670910648,-2.1831721137932436,0.8592642903122968,-1.3972056869357252,-2.245472032214563,0.4381737295896093,-1.466163787710002,-2.4536201137694125,0.9510658023553487,-1.6607048259312334,-2.4605568452929307,0.7711577196772773,-1.9314452626874345,-2.6116714607804323,0.9714867376795105,-2.044529492228467,-2.539467056056218,0.83668283416157,-2.286906082602753,-2.6819466269974765,0.9202600461732802,-2.4023557889344263,-2.5515936653695785,0.7575319018452409,-2.5131503117614518,-2.6797276667268144,0.7999313317485934,-2.7125784387612137,-2.468975150942667,0.6317905063964415,-2.5519832933912845,-2.645881272381587,0.6061423461841786,-2.585715405407746,-2.368865840683277,0.5402327523937326
6.65,-0.8509831021174508,-1.3674954179022196,-0.33749548309466687,1.2235175412340782,-0.4515094897150995,-3.210852352939775,-0.6022332480494119,-1.386774208989607,-1.1414584607996914,1.339139875042954,-0.6074502216243705,-1.8967910346722576,-0.5127526049170084,-1.4870160455006531,-0.32452147946360377,1.2014388083872962,-0.8254710186795644,-0.9340303634943878,-0.6692762673644963,-1.4960468887434635,-0.07172860782579116,0.8263382196441826,-1.1159995125130306,-0.19816333054773888,-0.8872984306346106,-1.5656337960681772,-0.07929067068254775,0.28543676510679905,-1.480209417906726,0.344242794691407,-1.0881299591069433,-1.6395390183310952,0.0034065416850650454,-0.3332854662140239,-1.850170766766439,0.7039544087549578,-1.2894638380083228,-1.8508691597591551,0.2659694735730825,-0.92081768092795,-2.183192708085804,0.9005925251120419,-1.505291616129515,-2.1624677000071326,0.4802908553304102,-1.4465065332090488,-2.4068682133512698,0.9853632398133955,-1.7422802203297714,-2.4042752414512525,0.6526125961259048,-1.894675233057188,-2.5308573848217786,1.0011438151843444,-2.0262818493799473,-2.5267032654201045,0.8070815555232156,-2.2706077055763663,-2.5605209844052177,0.9620497122241733,-2.356923447396328,-2.497545535728637,0.7247421077419185,-2.5305625251224395,-2.5242953961951606,0.8585488996451218,-2.642949271056811,-2.4076910790363186,0.56994739951251,-2.6645854125683366,-2.437765596188759,0.6741739685248505,-2.8631488937267675,-2.240781026959459,0.47308634067135735
6.7,-0.8109906321091166,-1.519199581772846,-0.04057101417601246,1.299830309563168,-0.6012844232408043,-3.1719723952659993,-0.5909926430658725,-1.4509142568337923,-1.010399163084791,1.412227000927091,-0.6958496704664863,-1.8058895986347179,-0.4545157023631359,-1.4115986246933598,-0.3357192277562415,1.2664406294783914,-0.9145341917744865,-0.8660770758059028,-0.5631519941183212,-1.4638286123687414,-0.09420246097271157,0.9025195760316862,-1.20740742356929,-0.17044691631816522,-0.8480956906078652,-1.4816640939059267,-0.07088622514071696,0.3826389247572326,-1.5581296605486428,0.3539920559906755,-1.0772732190278487,-1.5790844452300818,0.05935880337309657,-0.23706241742750045,-1.9201766391599007,0.7243370057152445,-1.2965692005636222,-1.733010722549937,0.3701474461328792,-0.8538858010644823,-2.22206629328891,0.9392292394686186,-1.551824771531211,-2.0195639467371898,0.6415888733455204,-1.3730183877938362,-2.4351936079272507,1.0260434463176928,-1.7923552511039986,-2.3212187054663254,0.6956243094664272,-1.8130904608854737,-2.5074808882605324,1.0389752708046551,-2.026810427435006,-2.4843069015555015,0.6985079916988857,-2.177012343602125,-2.4844778845503277,1.00131154497404,-2.27896978843715,-2.4931732329935326,0.7087336072997916,-2.4525397009366845,-2.3950458126048106,0.9114759695021557,-2.530948327157606,-2.3584707042376483,0.531706147505418,-2.6210163804003495,-2.2684607889108985,0.7428243627584075,-2.7451639659652916,-2.1844408622716998,0.3918431260238855
6.75,-0.7131780635483567,-1.5955721289245854,0.011490634639169113,1.3549711781105733,-0.7333128103395947,-3.193196261419814,-0.5223279232689277,-1.4718119845814606,-1.0143852753705702,1.4780881461047635,-0.8765687171139236,-1.7712209493825186,-0.40107880100360394,-1.4996643445002311,-0.4248600781509553,1.3335748759021993,-1.005727614256231,-0.7857118251424633,-0.4750510930881182,-1.4227597021224487,-0.22952206923981422,0.9475907054392252,-1.285356786083992,-0.09824940298989088,-0.7518465918420749,-1.443742766917748,-0.2103667950114912,0.42113995064982035,-1.6195673571824343,0.3993281933354074,-1.0218261176269192,-1.5033488895993354,-0.041436329920168824,-0.1606783513367782,-1.9806286467087675,0.7439756916194841,-1.2527807711457792,-1.6589904342037403,0.3609661477025709,-0.7725691065896889,-2.287091988280461,0.9633765366104835,-1.5195378102420576,-1.8864545922056184,0.7164868019999995,-1.3130619523142384,-2.48128278648422,1.0633740587731215,-1.8127889893667302,-2.1789912723966847,0.8551445681300321,-1.7147877509842946,-2.5570929701189304,1.0758132792384956,-2.0336435645972615,-2.410156243125243,0.7446497126103431,-2.041313231064472,-2.481458420210692,1.0418792279837779,-2.2130005053049273,-2.471324515112618,0.6229417181046428,-2.310574456722505,-2.3265743368339895,0.957468400817012,-2.4034995550423854,-2.3733332863602468,0.5298666329879824,-2.4896920564141833,-2.137744466071981,0.8028640032999057,-2.574054978514865,-2.152131691408475,0.3323115621260819
6.800000000000001,-0.6382382042295496,-1.5921563192904649,-0.08031584531387836,1.4161519006936985,-0.8080058273615642,-3.2372572865698204,-0.5164932908508539,-1.4591251730529957,-1.0135460176858277,1.541661843641946,-1.0153026973980572,-1.7932163993983778,-0.3600130307173539,-1.5404688739434391,-0.5886735198859305,1.3743428738842622,-1.1719152241432718,-0.7518053606088829,-0.4348775976578514,-1.500958033823286,-0.4537370772270081,1.0047910505747026,-1.3686551034688965,-0.02839022830804422,-0.6208476491772741,-1.4535431856032957,-0.39387146112796056,0.44426208938238343,-1.6781605976370095,0.47264809381102396,-0.9596337938696871,-1.4872104079725803,-0.2210679915862605,-0.16069350984226016,-2.0045901014323095,0.8013000313663434,-1.1802073722783915,-1.5968742615724734,0.23540726002320922,-0.7202735992088938,-2.3243623535345326,0.9890612524317068,-1.4535859368457469,-1.7981312296675394,0.6820417636924982,-1.2493050475279865,-2.5353754341479595,1.0869193988045633,-1.7601171842515535,-2.037219360779756,0.9144158686380686,-1.6619334644252026,-2.6034750542904104,1.107467485547579,-2.036434814362181,-2.272761846183044,0.9007561302222953,-1.9233508918369902,-2.5447925166861274,1.0732141321409443,-2.1913802047920026,-2.4086265510001286,0.6768298913654156,-2.130422717917715,-2.3396081411495806,0.9994651907390162,-2.286968632407802,-2.375582884004401,0.4817835139329022,-2.309555174087037,-2.0779648301973754,0.852053549597267,-2.4082468354289217,-2.19443440247439,0.33524969227284607
6.8500000000000005,-0.5484435768674842,-1.4959234929368639,-0.13751299192358657,1.4836782492228595,-0.8175178434792857,-3.2224491701664753,-0.48530398078037695,-1.496484669358263,-0.9748804625776075,1.616656303310311,-1.055315939406195,-1.8262754944119213,-0.3029316219348994,-1.529746957514249,-0.6670360745563364,1.4350275429051074,-1.2834664422050728,-0.7688862213673947,-0.3741177575363275,-1.557384880561813,-0.5759741679300026,1.0151494168609432,-1.4884069775493618,0.007143708069206889,-0.6268998313248217,-1.5163194034303527,-0.5019047218063424,0.49058963633279884,-1.746021064288128,0.5320028205489818,-0.7955977008121633,-1.5413683639379219,-0.3086949822321121,-0.15679673342827716,-2.0389867025737085,0.8712494174737209,-1.1321325413114847,-1.6139221782070394,0.09626325532496638,-0.7525562800297125,-2.3084239320535493,1.0514513253308557,-1.375388965330855,-1.7356005426843875,0.5639737509573914,-1.2200638163860678,-2.5468657666649874,1.1144460673018215,-1.6909108250292761,-1.930995087252455,0.8716307422058465,-1.6156935291052354,-2.6425203422298247,1.127201991827863,-1.981432501431387,-2.1219654617507464,0.9562778187803087,-1.8767454963395203,-2.5857679997623695,1.097260723813518,-2.185461545127327,-2.2767298801262874,0.831600364715821,-1.9982679633192468,-2.409593366455678,1.0247661089168592,-2.250749217830321,-2.3248355327502965,0.5498907577113664,-2.0958309056017166,-2.1021808552346957,0.8938237335717936,-2.256399350818061,-2.22303838744063,0.33227840774776185
6.9,-0.41790181099311563,-1.2557984313998192,-0.053209719559321696,1.577353699713644,-0.7189792037619754,-3.2499878815914087,-0.38862236753917334,-1.4189068002482432,-1.010113593586842,1.6956015549127779,-1.0239037556665402,-1.8085434402546285,-0.2744853331779129,-1.5506806256453025,-0.5572165853537905,1.5080444941377236,-1.2847768740423593,-0.7871175754213962,-0.31344593063624027,-1.5613163913962995,-0.4835892329759282,1.0658088141663091,-1.5525762566413672,-0.0011280825784956705,-0.531821693420091,-1.5816317936173196,-0.41153588112906825,0.4725204927275284,-1.8022896589741346,0.569621152987043,-0.8392497977969104,-1.5886767689162429,-0.19872561969336444,-0.12012614821558021,-2.086940376294982,0.9197278183171884,-0.9738188203369276,-1.6884103836528057,0.11235519050684528,-0.7618974037688675,-2.3170573260568244,1.1137747823881528,-1.3156521396585095,-1.7743144768430104,0.4563165523392041,-1.2740094123247259,-2.4929699921859276,1.1757358273710756,-1.622258299163486,-1.8527875904979925,0.7536453133133036,-1.6057970039837777,-2.628413973551432,1.152998455465754,-1.9224237944408038,-1.9963778941446046,0.9103316897662445,-1.8465375132575756,-2.6076596033908763,1.1113857576107649,-2.1387245251184126,-2.116413578545642,0.8943161160034684,-1.9570027392262679,-2.4410949546276615,1.0410645155659592,-2.24260997745844,-2.202636721959175,0.7056315080518307,-1.9551719318131378,-2.1727097186768316,0.9132901350569655,-2.2181477360679915,-2.1861099204604635,0.4168310149400931
6.95,-0.3357820858603168,-1.0334203458490416,-0.025640810720867047,1.6293892335365845,-0.6075333571433181,-3.2368399800536864,-0.36784009445160937,-1.4044661486303929,-0.910073155830021,1.7906500564751537,-0.851032255466502,-1.8177687901117385,-0.19063897060951107,-1.4367849422730796,-0.32319969874991084,1.5847314610588148,-1.2303214445998023,-0.7665694536523218,-0.26938656749530043,-1.5645595527442582,-0.22169216291424698,1.125712075623193,-1.519045916243982,-0.0035106433827888917,-0.47799553772533554,-1.5980331617101404,-0.18379226414870617,0.5100480458668821,-1.8114498573463835,0.5709676734132901,-0.721011694869697,-1.6456559605566798,0.03839935579165088,-0.15968877975166773,-2.0750348092192685,0.9583701928030736,-1.022078165343686,-1.7106247707565088,0.34745722321844386,-0.7324550224652038,-2.3435594606825134,1.150946840646981,-1.1985042611992494,-1.8464458140239794,0.5155899079386628,-1.2892855299289474,-2.477265755425896,1.2275383013831616,-1.5449678639221223,-1.894698553382459,0.6464327034707755,-1.6694725499910756,-2.5418125328471595,1.2088159160663041,-1.8681875443804956,-1.8964519434190559,0.7817755136271274,-1.8512208206621095,-2.570275742164928,1.1329686008877016,-2.0946180233971727,-1.974873771370809,0.8515619031965782,-1.9408136688167676,-2.4454894905742726,1.049016231995219,-2.209245943037614,-2.0373471101517535,0.786576596845199,-1.9186709284088055,-2.192278704014011,0.9227492865482156,-2.2124269880089673,-2.0839400232043026,0.5706126102578513
7.0,-0.3400239610900508,-0.8381394513461722,-0.0448372642634051,1.62554816560609,-0.5258348565825223,-3.210444208967945,-0.36327672622913143,-1.3282894501789895,-0.7746694524326214,1.820734940769917,-0.7197374326006822,-1.8006954646367772,-0.1766062170981022,-1.3919414010124922,-0.09298305652251848,1.6567046107964956,-1.0267023829385302,-0.7530007311924799,-0.21975079630656458,-1.4435926814853552,-0.01947808483108604,1.190491602863788,-1.4591184374919224,0.019977287423179613,-0.41904136805282954,-1.5875336870964363,0.008370665202650068,0.5507357520202838,-1.750567267497896,0.5812368659923939,-0.6738065691265178,-1.662130588266466,0.21268761684900894,-0.13520154331609913,-2.031143818567189,0.9673347759810322,-0.9148003309086343,-1.7409635362220206,0.6210608807881504,-0.7839232020130726,-2.2682381627977675,1.1887740288910615,-1.230183598891648,-1.8317359580460932,0.7850889655804736,-1.2644002533327603,-2.483327478452947,1.2532435445288872,-1.475899693626845,-1.9530097465378444,0.7061895528546575,-1.683938628169943,-2.5054544357191086,1.2488101595318746,-1.7779797613295962,-1.9290581095410562,0.6534361917188759,-1.9138058843007988,-2.4581607887208627,1.180782389504187,-2.0496029536384253,-1.8559211131795368,0.7111316556288756,-1.9554095926364878,-2.388496035631437,1.065024641674821,-2.179876082680121,-1.8878813137819752,0.7609713384553541,-1.9144091553369869,-2.1801768789440557,0.9248751452472681,-2.1957488487058274,-1.925326163540698,0.6757561736947926
7.050000000000001,-0.4580624732244305,-0.6882505308547693,-0.08626622832343026,1.5917725439664965,-0.5016622203248144,-3.1393102171616207,-0.35041201479662143,-1.2114867252327945,-0.7430621286358323,1.771139340674388,-0.6606135352655005,-1.7724223024255559,-0.19002840036452628,-1.2896934105740008,-0.07124956302298568,1.6590480240712457,-0.9110413886540487,-0.7294261982710061,-0.23746154419185106,-1.3522340432343163,-0.002837565668304176,1.2249350220014588,-1.2614800723209378,0.05544486034741364,-0.3813899858596348,-1.468355242576812,0.024408745855516115,0.5979697366022885,-1.6982288011565816,0.605270401894146,-0.5949619284200129,-1.6465568384255715,0.19708904221193502,-0.11526296736846575,-1.9519556064353052,0.9839257296429179,-0.8813747579448012,-1.74724981201456,0.6993933529736156,-0.77016118286926,-2.179911654890131,1.2015883610426956,-1.1626206759495687,-1.8280401294205875,1.0523326681960117,-1.3177925097690446,-2.3556743498404,1.288202039813096,-1.4891648056355171,-1.8993217945556085,0.9731593303786916,-1.661482918462358,-2.493925719691874,1.2632986823558894,-1.745679080598316,-1.9713940867821056,0.6903353877877059,-1.9224707183979373,-2.406047917608319,1.208958684717511,-1.949199166502316,-1.8743380041742952,0.5531678128668739,-2.0085661423671874,-2.2586944144654484,1.1037041934853664,-2.136694645176046,-1.7569792802956357,0.6212950741070986,-1.9349259606346836,-2.107911636960503,0.9349082560794475,-2.180074594682543,-1.777962116892871,0.6886397367530043
7.1000000000000005,-0.6621590745404243,-0.6517476853576519,-0.008273232104982856,1.4434691402445932,-0.5439898468461268,-3.082599342875576,-0.4358977396948598,-1.0528150103979352,-0.7309642605344213,1.6962809117897448,-0.678374678213093,-1.7145780852685633,-0.23469826038211306,-1.1644857171987464,-0.17710775067112672,1.5769890628820349,-0.8896579084310726,-0.7032199274826807,-0.21709660201875902,-1.2217780617891942,-0.09214694449057148,1.2001003410154398,-1.1846578010695186,0.0839888887896878,-0.4227168715728735,-1.3267889581379664,-0.08324149515735543,0.5894830450947852,-1.5312297559134453,0.6539807707760034,-0.5464623687553336,-1.5285832815894271,0.10674111129005481,-0.0875580985774782,-1.9154469571421622,1.00383180402761,-0.7808567892052787,-1.7366434566641678,0.542697441346853,-0.7687949892223145,-2.0918483990428727,1.2173376298348249,-1.1534618520722701,-1.8236642150216769,1.0703746210251164,-1.3113367958832445,-2.2352871437665134,1.3005779396404633,-1.4637146328517554,-1.8672407313725916,1.230467566948038,-1.7082416315435633,-2.3281087103163443,1.293446968126291,-1.742502257049448,-1.8880955177381207,0.9411024979167586,-1.901250408517301,-2.380719275256005,1.2129191860422721,-1.942373260032169,-1.9021853331241738,0.5519740619847884,-2.00856083721185,-2.1959487079766813,1.1208777560417171,-2.025323787196416,-1.7607367274981616,0.43961672187547063,-1.9732396839033672,-1.9679625904024933,0.9642551240478336,-2.1353734223204013,-1.643006823786304,0.5785837917658005
7.15,-0.835255579231797,-0.7647854920105103,0.1145940435212366,1.2879091217306637,-0.6585749158719195,-3.005632191581533,-0.507113049257679,-0.8834232776691996,-0.8463657154681972,1.478639793292178,-0.7899968024771231,-1.662247413953745,-0.3551497539645869,-1.0174398187266458,-0.2456950640518918,1.4831518908053232,-0.9546434980705012,-0.6644760695013547,-0.2577732785145814,-1.1035144314249994,-0.1367316497031007,1.1016901444028449,-1.2047516134371086,0.10205196515265663,-0.3327151874392358,-1.1703057455804218,-0.14232607001615022,0.5419050904249856,-1.5040124436553604,0.6808539263952712,-0.5709981899630046,-1.353787268884086,0.06528352755729638,-0.13626477183492636,-1.7926016913867981,1.0526509360935459,-0.7344163808037321,-1.6236292274861224,0.44371477531167547,-0.7594846334268945,-2.0752942134106216,1.2281137184979132,-1.0450513898422131,-1.8255703667835583,0.8516329679415177,-1.3240638328010101,-2.1471871571149803,1.309649348313992,-1.4805995154465763,-1.8595346383452984,1.2201347724622058,-1.7056404305618855,-2.189068249935163,1.3016458369524853,-1.7454172617951023,-1.8404558603702297,1.1929246611293622,-1.9352348531341468,-2.191214450981369,1.2366357354215307,-1.920852320371178,-1.804218598064437,0.7747785645873514,-1.988291739390986,-2.1607462791336083,1.1154510396276784,-2.040135437977144,-1.7742386961251901,0.38958052271894084,-1.963625710290473,-1.8992422883919724,0.9717472764936785,-2.011857178799652,-1.6334672552819693,0.3968980425921149
7.2,-0.9550610352144577,-0.9521798929499559,0.11340316024127983,1.16279176764019,-0.836261746387475,-2.9756448170240715,-0.6373932482925184,-0.9033787873583664,-0.9425289985116114,1.287946540139413,-0.9711422312555607,-1.611598655170779,-0.4696388083870764,-0.9131699517304721,-0.26959045451916985,1.2427770298203544,-1.1086777519868933,-0.6345566344675881,-0.3688904436832421,-0.9679764789935315,-0.13966163125778608,1.0091499001125648,-1.3109890227524756,0.11708297918106597,-0.3282703900778172,-1.0635176091366354,-0.12828646830670984,0.44226968955487056,-1.5615677743143546,0.6849792527183821,-0.439054573415929,-1.187154092175104,0.06235069744097799,-0.1990275895895932,-1.8156667592032083,1.0695128700330252,-0.7135997578310787,-1.4443489952279043,0.48012255016659333,-0.8392481219127301,-2.0011763044736885,1.2648143152367952,-1.032325807276378,-1.727669981023667,0.7493450723453449,-1.3299537829955232,-2.151539277100054,1.3079210962190615,-1.3810951498311255,-1.8773601158169995,0.9749692712456823,-1.7272966304505522,-2.1083473620938387,1.300722704914074,-1.7820004988083564,-1.8384672317226194,1.1773933618591088,-1.9337303265582007,-2.0458479632516355,1.2381519322491086,-1.9384613064312255,-1.7536434757738704,1.0218908867506349,-2.0059707584578046,-1.9605154906323574,1.1316206334771528,-1.9957247554717061,-1.6752770175966756,0.5660688377107905,-1.9446555776175867,-1.8576879527633028,0.9585388884994106,-2.0517698567999605,-1.6284693219789703,0.2959578144377405
7.25,-0.9181948680249943,-1.2129233183990151,0.1346581539393819,1.1549817276602958,-1.0514107084743434,-2.949981413963666,-0.6619926231411457,-0.9753184869672585,-1.023688975014314,1.1912426330090709,-1.219265694284024,-1.6120629214137934,-0.606395196338434,-1.0171238107618135,-0.33119794584243145,1.0646934445597322,-1.3259356811495282,-0.6205576530092901,-0.5023740774517844,-0.9160149527363679,-0.1680364197231029,0.7864622373500296,-1.4783739797788875,0.11369226137903671,-0.4255673254461889,-0.9607607953790567,-0.13469063769176812,0.36653830411541133,-1.69683982125039,0.6753938532540672,-0.4136171381448428,-1.0971043134397764,0.06580194184987675,-0.286882995448261,-1.9018179772642874,1.0568789403418262,-0.6074740591892425,-1.2878974885145211,0.4864672805374677,-0.907743511484207,-2.0679376431812035,1.2657576648558477,-0.9786122334198906,-1.5664571462439718,0.8045688815757743,-1.4281808547139097,-2.124302432599617,1.325186178629341,-1.4119436328184354,-1.804626582309857,0.8494972056623633,-1.7444710574625955,-2.1323665991984417,1.2856867818075062,-1.6965543733075226,-1.8718839290668718,0.9263330463302331,-1.95970915674752,-1.9779553422304619,1.2265703076554102,-1.987498408371222,-1.7629755338622273,1.0245952854913167,-2.003766196386154,-1.8188260369852527,1.1254548914584173,-2.0204308995567537,-1.6285811133015413,0.8001126724347477,-1.944843145703934,-1.6573566536374296,0.9667277724923096,-1.9798120741690144,-1.5356784126393097,0.39991803982611807
7.300000000000001,-0.6430974235944508,-1.5971032201344082,0.2074072125199307,1.2651054912476,-1.3468646437446108,-2.9819862357721876,-0.5974254277457192,-1.2354914736667295,-1.1844308665098138,1.255662495711496,-1.5020674391596034,-1.624059631871832,-0.6254866743665137,-1.2149764345789293,-0.35542139024729824,1.0147084104529691,-1.5989806465494216,-0.650827150372098,-0.6444363302718257,-1.1214044605888294,-0.16496363921980128,0.6552124964252792,-1.7008409985252648,0.08953665735552979,-0.5843432522237635,-0.9679074397120284,-0.15214821689042396,0.19138200397361693,-1.8532236554380876,0.6396314452534327,-0.5315105537409066,-1.042841121477811,0.015806759010337124,-0.33568883967207697,-2.051257413358859,1.0263277569785936,-0.604728687024394,-1.218079531701325,0.45002151817681624,-0.9740225587537266,-2.171510011054721,1.2377478884998134,-0.9259026797648728,-1.4297921446325295,0.7957722160207148,-1.4932058522317782,-2.224056284243335,1.3088942201675373,-1.347729929181524,-1.6693907665547951,0.8870501982437555,-1.848528074334923,-2.1462700240156716,1.2821832832654172,-1.7569148204895246,-1.8295390262643045,0.7685154886503233,-1.9845897993221584,-2.0190462836886547,1.1998463354334237,-1.910768003193655,-1.8089977755453954,0.7949237900671984,-2.030593622982164,-1.7670275814597658,1.104665899022823,-2.0772626532699565,-1.648424936541716,0.8462016145191418,-1.941029327707695,-1.5265561287125728,0.9533374532873939,-2.009888871792485,-1.4910126886750326,0.5982029687569267
7.3500000000000005,-0.19091423859809464,-1.822378878038603,0.14095391305643584,1.5509627280320037,-1.596204223621075,-3.190796583394764,-0.3187987673074697,-1.5102663562944931,-1.5363626850472047,1.467276446100736,-1.8401951349087853,-1.7011346756512706,-0.5167008271519065,-1.551906215403078,-0.3349130937166507,1.1330256094513258,-1.89748867894162,-0.6905248412461701,-0.6734850856396184,-1.4143648119091792,-0.1025595047152793,0.6571423573531066,-1.9586518064193537,0.036248574436685,-0.7351336624840437,-1.2687822386666219,-0.10262106464202395,0.1263367000115556,-2.0555723234043333,0.5862104923469036,-0.7204200472655029,-1.1076791260251053,-0.0049669110945789186,-0.44528255065206857,-2.1792236286257136,0.9690782765428271,-0.7511027052783849,-1.2012331145690065,0.33445422268121994,-0.991389470993469,-2.32050642781388,1.1933761392094238,-0.9477130806737277,-1.3741498454244092,0.727002950143385,-1.532312374529945,-2.3338907457827607,1.2702874405560927,-1.3251088915185123,-1.5483413207790364,0.8615276636595575,-1.9031056108348876,-2.2671157001705167,1.2515501672260543,-1.6877700930590374,-1.7179094327555007,0.7745652620563348,-2.084193206106324,-2.0665264310268006,1.1789273260607074,-1.9819311872618197,-1.797356744245772,0.613003681646372,-2.060408483474605,-1.8217963891747768,1.0695333071755209,-1.9998506031994163,-1.7026077593483921,0.6780015286919671,-1.9663879239661375,-1.491965083564455,0.9261411334348646,-2.0720193119018315,-1.5134169204630123,0.7031730961055963
7.4,0.18299726416050258,-1.8013737311724785,-0.01580073968993819,1.7755819395939998,-1.6372844465754521,-3.34376518971868,-0.08366279680290312,-1.6033863251919955,-1.7637891807588442,1.844066169671974,-2.020564389156457,-1.9198831278690547,-0.2347489931352995,-1.7997444656591122,-0.34389485934766273,1.3875129502648198,-2.2132356163179168,-0.7841428307272125,-0.5769157197492571,-1.789001295228741,-0.006205989133952539,0.8052835963199545,-2.22971287995108,-0.01667147833755739,-0.7879144341547926,-1.6132928567303197,-0.002489094641111321,0.1767580107464628,-2.2688875850992374,0.5216210371363539,-0.8692326996435651,-1.4607125479435252,0.025584507007949953,-0.43843485805417526,-2.3436446080175566,0.901803890557066,-0.9391651233350082,-1.2973739016526928,0.27487126891590297,-1.0292647161625723,-2.4099701784865832,1.1299231200565973,-1.0826415457865952,-1.3659957564297232,0.5703343510207198,-1.5188713693446854,-2.4702850158671175,1.2204108790809531,-1.3465434037187964,-1.4922150239518723,0.7789435995813396,-1.913762685608602,-2.3737249999844257,1.2085001605183188,-1.665662260469517,-1.6021637964767586,0.7410437425704621,-2.1244463900605037,-2.197399174005399,1.139227280833841,-1.901032864169318,-1.7053866163978642,0.5849874462540217,-2.1485209508429515,-1.894790358269347,1.0370318325351102,-2.0687734318082716,-1.7188791595849293,0.4986852915953639,-1.9991304527071119,-1.5565036964231127,0.8866531094651064,-1.984713248109792,-1.5709540540448952,0.6393281111778882
7.45,0.4442881889470449,-1.647143628811444,-0.18841805278745277,1.9162809083005783,-1.6239867945301611,-3.3927993739677,0.018990047578993252,-1.6160323957599536,-1.869531688516228,2.070362512451376,-1.9919014504161558,-2.051957539222169,0.019354743659406815,-1.8602575687259377,-0.30047001434987464,1.7563596552337701,-2.304620291862718,-0.955468688677128,-0.3638571649062752,-1.986709176791003,0.01994258095490542,1.0509142970395402,-2.4776777669731187,-0.09818293575438758,-0.7390898169249112,-1.9706699182879965,0.07732083210664725,0.33211699290129904,-2.48264008096418,0.46956879965333126,-0.9306769564327975,-1.802288638144646,0.07104898483908734,-0.34879224881814164,-2.4946852348993875,0.8389600547105602,-1.0599866209311135,-1.6434229489835568,0.2602484949788243,-0.9562154450033233,-2.5263891934573124,1.0647352399137555,-1.2255291014634415,-1.4553467638036657,0.4877494310099384,-1.488897566139582,-2.517587963211023,1.164548769533963,-1.4307689155075873,-1.4659835173184157,0.6195091441438018,-1.873952537617467,-2.488898638735597,1.1603234438561887,-1.671282524134801,-1.5299347875233102,0.6642909165907214,-2.108825929644671,-2.293680640753668,1.097333614404336,-1.8650098896453722,-1.5869508965661503,0.5568079191548488,-2.1734218101761016,-2.026420862017795,0.99399710010459,-1.9662056208468521,-1.6476226113680128,0.4413119189811847,-2.0717613523819267,-1.6470648270388244,0.8489149733702495,-2.0451398095795543,-1.6102755366233914,0.503664042165699
7.5,0.5679094209917199,-1.4126557789069523,-0.27078676729897133,1.9880477307485567,-1.52869323711736,-3.4740305672023806,0.02590949081450855,-1.5805962767565938,-1.780357069511914,2.163558451735632,-1.9391641260111192,-2.0847858565073816,0.11950746371444954,-1.8294052131214387,-0.3066735133727583,1.9323479479362282,-2.2313741622716865,-1.0309512906560847,-0.15848813944652296,-2.020304618513883,0.05802060487092153,1.3390167303416955,-2.4773732314798558,-0.1884082664754319,-0.6153300665109083,-2.102100467509208,0.04453530543045131,0.531519060290151,-2.636696935733245,0.4182031154774632,-0.9074435417512174,-2.0902570113077923,0.08481770253584514,-0.2051227921988641,-2.63416986608082,0.7980685137375194,-1.1029367351989636,-1.934052754990493,0.23790279316203855,-0.8401810857106362,-2.6078006309798374,1.0140670247796673,-1.3006978596248553,-1.7502364269239492,0.4565257496940074,-1.3629701168315345,-2.582651323511158,1.1130152434307485,-1.5101094366392438,-1.518236944936412,0.5456893176221149,-1.7865287550968523,-2.4950140285037925,1.1207059197732865,-1.6955715415460222,-1.469722383722741,0.5337814981572677,-2.049122682194695,-2.382564170525383,1.0556727083571198,-1.8551628549437265,-1.48865091010932,0.5043904144361722,-2.135819232596017,-2.107619771624243,0.9572241839561857,-1.9148116963334543,-1.5256269448633426,0.42940652499583587,-2.0823147988663537,-1.772151992064468,0.8074502941155193,-1.9115022234588275,-1.567923240820264,0.42970129493737125
7.550000000000001,0.4880517171155241,-1.2342817122477971,-0.2774272200311932,1.9304284890502554,-1.4704079359127564,-3.4398481006233697,0.027249812679467578,-1.6099998401221578,-1.3275339736312648,2.1255033495551645,-1.7964535678607807,-2.109824641237262,0.12423863868431972,-1.703470072415683,-0.12630875342130965,1.957288263923087,-2.1679912860042805,-1.0320056696646256,-0.05469452552529219,-1.9582756518412294,0.06277866645334984,1.430908492873475,-2.38025565510414,-0.19738236321110686,-0.4496383985672918,-2.1198892093301844,0.01863683294299595,0.6949803071071203,-2.548981669257493,0.41169377059866924,-0.7977492366391421,-2.146280158718975,0.07426594476797937,-0.07471573213164717,-2.684110143246723,0.7819312933427647,-1.0637324885742894,-2.121347989130381,0.2313038004927107,-0.7225017374128084,-2.667374965159719,0.9892171545084684,-1.3168233940275642,-1.9627748146711514,0.4118534001365447,-1.2344247139426878,-2.5954095998843196,1.0799420636397916,-1.5440055536849355,-1.7425348129434037,0.5305195078544761,-1.6243144776346607,-2.510273129180789,1.088035574632394,-1.7225284085662507,-1.4693085976464546,0.49001293257657663,-1.9174511380648651,-2.351178012997226,1.0350728105334666,-1.8315998410539596,-1.3882753296663264,0.4234728165195122,-2.0631669483468773,-2.1680824209954075,0.9243467523956217,-1.8978731663619595,-1.3995320261742192,0.41399804158485987,-2.0279745086708223,-1.8354948144192007,0.7779062165192707,-1.851192860760238,-1.4494325786184385,0.4334804909633399
7.6000000000000005,0.28859367298338967,-1.1368646408019527,-0.2662967147497751,1.778637845391886,-1.4493988971883365,-3.36461165857845,0.12186509132376377,-1.5677275941777316,-0.9361977546121643,1.9621951023030393,-1.7376606108442405,-2.045368301730231,0.19257459805248778,-1.6319349387808484,0.03717542100048066,1.8086743393298477,-2.000117014152114,-0.9960542563414659,0.052789993747493824,-1.7483358236853643,0.043985476756689734,1.3805153785057112,-2.3243314240441393,-0.16938336958819133,-0.26198755526602824,-2.0415615613881863,-0.023938940636729994,0.6858337661634994,-2.439862221409792,0.4548658676515105,-0.5737489348590932,-2.1570541798696734,0.11872872172020066,-0.053094919298364296,-2.5175874458072856,0.838326806340198,-0.9009578149261337,-2.1037095822869785,0.35053335824238724,-0.67051808526982,-2.615895853409518,1.0030571281308698,-1.2573659344899792,-2.044232853663771,0.43284994553578693,-1.151968593855388,-2.5784145596126007,1.0708891941552363,-1.5471707353945852,-1.8712525176974646,0.5028920468377396,-1.4958919771592472,-2.4609722843575343,1.0728277880583028,-1.733313579926866,-1.6206781359181224,0.5083702180530664,-1.7352163832809753,-2.3211849086080094,1.0208275894503065,-1.8297437498327946,-1.3321416421204408,0.414063711684056,-1.900535548596598,-2.104185689912703,0.9209174092542266,-1.8452527913378916,-1.2591696473121035,0.3892545263235555,-1.948781540621023,-1.867640037436289,0.7540538372530703,-1.8371691117171596,-1.3009484294034463,0.45349526904752685
7.65,0.002322104447512989,-1.0864692091433794,-0.26146523548870987,1.5927094945881715,-1.487083328357246,-3.2601338523151644,0.13261899485528472,-1.3401412276660403,-1.1763085132495807,1.7013207748675585,-1.7399106525997787,-1.9583205867943212,0.3128660883621732,-1.4820355601683206,-0.3092996343546526,1.5580788548212698,-1.9492159802360076,-0.9150093564734246,0.2613924763232178,-1.5779772346157386,-0.1770663711713858,1.1345664358485497,-2.1460074830521503,-0.09314306817334139,0.0681094817121024,-1.7677132163457658,-0.16689339767345682,0.5639019968383119,-2.3985686764973946,0.4963043957687627,-0.2415548284467186,-2.0772234637343394,0.1063046240311405,-0.16277022412645614,-2.402762652728392,0.9061878227105961,-0.575899876673797,-2.113431674523402,0.5056544384400534,-0.7847769541815142,-2.383866346884731,1.0914250934315584,-1.0822320613156267,-1.9664832742340215,0.6581147617942944,-1.1767954943505776,-2.437895247449382,1.103894781284404,-1.4959918822938625,-1.8617597859899038,0.5589398530553552,-1.4529876332237412,-2.376817333479102,1.0758531344384392,-1.7424970057881994,-1.6737659372198004,0.517373397279086,-1.6168353487819598,-2.219447077473675,1.0200703046436137,-1.836765321680773,-1.4142836712627593,0.46668576599687994,-1.712150349693804,-2.035073055063714,0.9210653730705326,-1.8372240150131236,-1.1518990332311325,0.4024246388823268,-1.7672422072100646,-1.7768420031458243,0.763284829730515,-1.7728460726582753,-1.1254025684887197,0.4762004413139916
7.7,-0.4595974459461473,-1.244252820039041,-0.012474109284894723,1.299652925746364,-1.6059560588990163,-3.139304402226285,0.1724342421829479,-1.1676715125981307,-1.5840976585724196,1.4249482141444902,-1.816675758832682,-1.8707447265270216,0.26177672778840777,-1.2770618035470824,-0.7458529406418648,1.2248412669308095,-1.96739103707944,-0.8370827229555458,0.4237599807715611,-1.3409499239080827,-0.5176637551646424,0.8251189864428632,-2.1039050450624996,-0.018884557186422124,0.37821852831776637,-1.5266589536325201,-0.3591252717840912,0.24476020153876288,-2.2188302898498513,0.581839937850139,0.20467534742812798,-1.7683477600194752,0.09241361011115384,-0.34174402795693837,-2.3764700616998935,0.9422620823909452,-0.20144334666136743,-2.0440018213015883,0.555159371141874,-0.9787166345953402,-2.2679808227365594,1.1565168146599742,-0.7558204348780748,-1.9800517583669595,0.8526972311022664,-1.4041891103904236,-2.1580950289952794,1.1953160749190666,-1.388996261404233,-1.7450426597878113,0.8106595494574962,-1.5452848539417507,-2.165578522525493,1.1162640104623744,-1.7236110140965129,-1.5982296618463248,0.5958773961131683,-1.613668356200475,-2.0807469679672286,1.0300022430559164,-1.8641259564520811,-1.4054189966879922,0.5162705532888404,-1.6105127426397559,-1.89167991717607,0.9295863031457202,-1.8545059467112361,-1.1669805244910552,0.4748055321340333,-1.5835157375943965,-1.6755834007104298,0.7723336958469029,-1.7740793992846167,-0.9739488239775631,0.4927913637412476
7.75,-0.9813860038643599,-1.5086041613891827,0.3668760896452041,0.7774302889571683,-1.8290938573233317,-3.137084422393477,-0.1307546206442114,-1.1662037967806416,-1.8879678947859548,1.036088789515941,-1.98605935045308,-1.787906346491393,0.14922311353590323,-1.2136229083531869,-0.8727437977088515,0.9041295195169319,-2.066121386278399,-0.7838211160141068,0.29764780644625555,-1.2005066849171815,-0.6305226452141617,0.46275838660223556,-2.1261868298037934,0.02959139231775515,0.423773264570771,-1.243410501437681,-0.4490206520981652,-0.08833822523719892,-2.1831150621634254,0.6289164082467105,0.34363750149579797,-1.4914383347846059,0.10480989221319614,-0.7003602283558497,-2.2020195680681587,1.0101969342738193,0.037781839906868564,-1.7292551388348993,0.6406371778859004,-1.1924156216942228,-2.2542389967805,1.1738173919301778,-0.5033473798141737,-1.9297291409922426,0.9055339401602422,-1.6563799663988554,-2.046152622315507,1.239230109127877,-1.1624925639260568,-1.7664104825622957,0.9786279386089514,-1.8545313986816137,-1.8583216025243088,1.1908655467444276,-1.7129919917337073,-1.4638910447249138,0.8099290319315187,-1.7598638305071201,-1.8194338405908361,1.068141427561915,-1.881857194048984,-1.288566105860387,0.6036925167247582,-1.6441297771548014,-1.7120735859324698,0.9413937752825974,-1.9033381176875177,-1.1078822261403396,0.5554063840247463,-1.5022875007813807,-1.5014976780150269,0.7848042026921753,-1.8084768974903205,-0.920483286178904,0.5611912688263851
7.800000000000001,-1.3275010132799274,-1.6796172782109053,0.33343391626731583,0.4167703372724674,-1.9632648800191133,-3.3127613562186475,-0.5745784175262701,-1.3261773543523032,-1.9068012532716663,0.43004174122000194,-2.2355892307408265,-1.8407987309795206,-0.2831123294611906,-1.3375975584969675,-0.9311884133862907,0.4898254324013829,-2.2387590145185676,-0.754359484729494,0.029323849181060346,-1.2292347343786185,-0.6118635200175856,0.14496272054548953,-2.2268649754754843,0.03962322709178512,0.13856052316538947,-1.1622262373049417,-0.4878136535247717,-0.4359898467733725,-2.198780382376828,0.6382011029792725,0.0729846165835446,-1.18989750268858,0.14019502398567102,-1.0196972723954945,-2.1701415581063666,1.0212480859956363,-0.16706579707866687,-1.4443357517812783,0.6986177326250337,-1.5530512346933145,-2.0913182757517967,1.210168722376062,-0.5905825050649895,-1.6348277005381324,0.9702495216518225,-1.8804740689571098,-2.042183975823364,1.2334773401709365,-1.0652841056974114,-1.741930707943881,0.9947869166785694,-2.1368422723138325,-1.7557552242674568,1.2068383944563423,-1.5925690346385637,-1.4944511031635046,0.9216882964673734,-2.1184822961994376,-1.5049965462637171,1.1165946976768193,-1.9440857280207142,-1.150837146351817,0.7467900846098898,-1.8291704904189987,-1.4209181576745955,0.9708755369252892,-1.9481379185054746,-0.9657203814883792,0.6443511287053829,-1.5674860963913284,-1.29438568760599,0.7945011379755496,-1.8750445402212663,-0.815455098568563,0.6502930126545947
7.8500000000000005,-1.5036023618380614,-1.6948982062696742,-0.004222158064335873,0.23177455254784096,-1.985157865159799,-3.4764492336466333,-0.7990767705004374,-1.4264417471954896,-1.8955497941017043,0.10004969876760139,-2.351487152186529,-2.022887349731438,-0.7438647456578161,-1.5968134544941848,-0.9150515445248886,-0.08591551859752133,-2.427054544716638,-0.8569551725386023,-0.4962897998269197,-1.3928304226295969,-0.6065388244134119,-0.2314006270355229,-2.3642204785300303,0.017308833842212823,-0.246350859273744,-1.2301475041635386,-0.5015853371208461,-0.7097209032536744,-2.2845854291419387,0.6089120338320847,-0.3623137297480161,-1.1333998251824449,0.011441424146408363,-1.3147299232435739,-2.172471888859464,0.9953061515376683,-0.6705172552762922,-1.1340758966470723,0.7101724353691328,-1.826343931257517,-2.062056747352985,1.1893864545474557,-0.9906882764837921,-1.3628158097639411,0.9830926267863128,-2.2099806046818626,-1.896682630074773,1.2380870869670295,-1.3319065486302066,-1.4886383619476624,0.9921492721076994,-2.3504916223201144,-1.7594232564706846,1.181609107267611,-1.5844625766148581,-1.500435494954596,0.8932434887458403,-2.406395400104455,-1.416792127960882,1.1071362884156977,-1.8826046256322864,-1.1880398356128214,0.8005960372962833,-2.208061819822811,-1.1172662352730578,0.992324954545355,-2.0426132503223746,-0.8281396248709147,0.7143053397069254,-1.776495288514457,-0.9916148515028,0.8121596532377684,-1.9326576778681293,-0.6516688890602591,0.7386282429247535
7.9,-1.4004107745111187,-1.4937266238507503,-0.424809824315665,0.13455501978101747,-1.9001474628672055,-3.7347700469729452,-1.0364305391667834,-1.4162454665473474,-1.6801413660734528,-0.012194680138715164,-2.33151999469845,-2.1495616828228092,-0.9466587907130044,-1.6966981075307386,-0.8757194762245522,-0.3344758130218217,-2.4868956966916,-1.0158877822158785,-0.9392664508464025,-1.6778631306399965,-0.5522207785840139,-0.6909536634351054,-2.4371755611260237,-0.11091473109071437,-0.8238429405495205,-1.3408646420904478,-0.4743634296611547,-1.0009469239369073,-2.363161117766821,0.5517966693788997,-0.749758249477696,-1.184406615114102,-0.15727368501347117,-1.5152344188756395,-2.232595802862991,0.9411377251237103,-1.1034096658771628,-1.0677621097731667,0.490962270215,-2.0430558765500884,-2.0489322194635484,1.142035739662517,-1.4914447655442509,-1.0469911862433945,0.9445629070954267,-2.4159104989570546,-1.8701524361051458,1.1979535895369715,-1.7278226983489824,-1.2477305922140718,0.9515243511763317,-2.6255186308380374,-1.636119458917622,1.163350060569807,-1.8697239707305222,-1.305210212520019,0.8200796658493115,-2.595046858773662,-1.4265958714302318,1.0701265466717673,-1.894217753854742,-1.2250991069937842,0.7415537822644491,-2.4831475688287563,-1.0470602909053284,0.964976260521897,-1.9902938287978844,-0.8658615914399674,0.7268140668316063,-2.151765022578851,-0.712982815904013,0.8109457928658781,-2.023793997309478,-0.5097901703293121,0.7597327878845945
7.95,-1.1925695141213752,-1.2510803373632815,-0.8696309095695539,0.18721789016780566,-1.8224877009919416,-3.825527881692393,-1.1220994864037759,-1.381018117570704,-1.6321936361678797,0.022943875480381237,-2.171343025498169,-2.31494638205307,-1.1847272432773615,-1.6308293570959398,-0.5789773954166806,-0.36717644523057036,-2.4277311717787864,-1.1042461802042225,-1.1185398907412605,-1.7652777325231934,-0.4251978252434715,-0.8322188957595866,-2.4203435930188633,-0.22802543512117301,-1.2006501212792433,-1.5880504395236588,-0.3514037459696877,-1.2940050640684575,-2.3014861391844255,0.43062273663245887,-1.260055358817063,-1.1931818933842457,-0.17941651348297205,-1.6950613542173265,-2.2440473603643785,0.8734437654288459,-1.3786496144018665,-1.0683429385985928,0.21060687942750123,-2.1563386632950365,-2.0789245251860677,1.0812186672623625,-1.804859648080339,-0.9501460324366591,0.6844548813799687,-2.5431685306653407,-1.8429530995632826,1.145608520686808,-2.103874453722845,-0.9324161779121769,0.8809039228341651,-2.75503058993829,-1.6130791505173603,1.1179736057320995,-2.1775967368167097,-1.1116160607568903,0.7385303900789355,-2.8031510583287322,-1.3284701530146847,1.0407722532422337,-2.1157451119592277,-1.0965153184084355,0.6169524714392312,-2.638608676606653,-1.0617655880775567,0.9244267534994494,-1.9784445677557427,-0.928945037930356,0.6655755612086958,-2.401651891740677,-0.6625330367147386,0.774510133915689,-1.9468361341075409,-0.540541531048453,0.7551920267241948
8.0,-0.9358996137615335,-1.0273108742817634,-1.2124803304484657,0.2673244471560743,-1.7699769000586318,-3.793935513729961,-1.096253269745344,-1.4419899985426254,-1.6686719010191031,0.14631667732930564,-2.0661737839998784,-2.3455620613271395,-1.2277319088482226,-1.5597991163289888,-0.17533342942252395,-0.23006752730992064,-2.193170279791894,-1.1820340474454476,-1.3109615082217696,-1.6327634014556551,-0.13264661752876017,-0.7911048264011922,-2.3284281640194715,-0.28223257556397374,-1.3243935704722445,-1.6614652428956482,-0.08493106971851322,-1.3219708409683317,-2.203787043711918,0.36226994839196336,-1.5212344732212613,-1.3709354197005732,-0.01886836558738081,-1.8057259071479015,-2.055901441222816,0.7880949028136186,-1.7063695669102534,-0.9758789634194691,0.16908277138531502,-2.2191211099634223,-2.02680133488927,1.0247016417714245,-1.9284222569849834,-0.8920988850000073,0.38481375020252284,-2.5691357995075648,-1.843342971532449,1.0933408157241216,-2.2803010714179957,-0.7974442593230266,0.6252233206691872,-2.7940147409215155,-1.57497322028199,1.0736215341059003,-2.4194195895089776,-0.8072791869707243,0.6602600778198963,-2.8569945262484953,-1.3096313949395277,1.0011217588692594,-2.3275572008717855,-0.9615567641447198,0.5094624107092072,-2.7763358151912487,-0.989771607790515,0.8942405771346873,-2.1045500929554617,-0.8661243323711456,0.5257667213622006,-2.5207703185103814,-0.6808226203114787,0.7370093933989874,-1.8913725841844058,-0.6191997312510659,0.7213725828002902
8.05,-0.7116603212683843,-0.8172599800324845,-1.2050206450513343,0.32599918825610086,-1.7484078551833981,-3.624993897111711,-1.1314091806444626,-1.3387635270549192,-1.641057510194776,0.26124979664965853,-1.9851834459688389,-2.275854717494851,-1.3143863398002869,-1.5145105062034299,0.10861072487183687,-0.06416674878249484,-2.055994495199549,-1.1609632510304462,-1.328247381991213,-1.5120468896378136,0.24026088601219975,-0.5910996910115718,-2.0304045182860664,-0.2896509218379162,-1.430649401278074,-1.471675253646826,0.30466042730973686,-1.2199849348057112,-2.0881932622715382,0.3349929640950855,-1.5610835066668833,-1.4312367108150321,0.2504163566331278,-1.7290806841411532,-1.886599287145434,0.7656514910115721,-1.8343343622191786,-1.0797039418558367,0.3642078919909176,-2.158602653282329,-1.7374937418251335,0.9909227791820681,-2.0451564309479418,-0.7262630469853195,0.3986206574275555,-2.5246565348972116,-1.7383552274685243,1.0609638332553963,-2.267293149922025,-0.6875346516846685,0.3812734202588943,-2.7420017339697766,-1.549258427943827,1.0384766108189976,-2.485640952058632,-0.6346329312066246,0.4564332050548219,-2.8166876417893927,-1.264156299211967,0.971761894254084,-2.4624529602558156,-0.6801532246063611,0.4437664756866192,-2.761401273453339,-0.9754084564884735,0.8663842312199466,-2.237866616494451,-0.7932310951172359,0.40550917082840177,-2.5909529020956024,-0.6340199672630398,0.7127671536166286,-1.9137843251927982,-0.6125417746982436,0.6091105623973307
8.1,-0.5734029712855205,-0.6372766692991998,-0.5922722657045502,0.34353763357602096,-1.645916733998103,-3.3157584332521406,-1.1254828496339928,-1.1467151920097283,-1.1829364812976064,0.3151061433696123,-1.9304048861020906,-2.101025114456495,-1.1511880576372189,-1.3391493430489438,-0.17861767569814835,0.06483316151502772,-1.9433463723437283,-1.0595490637119398,-1.3851072551148342,-1.3690736563310586,0.38261523655434404,-0.41367792647989177,-1.8641168015416998,-0.23104078779177972,-1.41398923249136,-1.3057790644103524,0.5025393764294783,-0.9932072319022711,-1.7455938654763692,0.37441401449125,-1.569807021860704,-1.2055108863042756,0.5495677502185408,-1.5833799896703216,-1.7583731164503957,0.756894290244573,-1.7933424844268961,-1.1258732210674463,0.5841651002716906,-1.9956410413633807,-1.5149288781740466,1.004723447566875,-2.0597664013606956,-0.7646113363859252,0.6428651827498825,-2.3203944786733333,-1.3803141056292256,1.079205387945104,-2.208940373944461,-0.4771110180882516,0.4983136207506017,-2.6083337522762395,-1.4049066650075348,1.0332569191600036,-2.3660379508097424,-0.483573354343691,0.3238730614921296,-2.700511900295135,-1.2170726266048915,0.9556400291938238,-2.451043051293401,-0.47453504098851274,0.3321682332212963,-2.6544563016474076,-0.9256827066897388,0.8533867890719316,-2.296457824748459,-0.5452018579777049,0.35628979098055286,-2.517373556924445,-0.623862841286198,0.6982653697827751,-1.9934427264308705,-0.5965366046359302,0.48623264937943084
8.15,-0.4536870548265003,-0.4427545374169258,0.10701861113939584,0.32970145604143575,-1.4977602152250746,-3.100990823568558,-1.06433781183084,-0.9280137960651698,-0.9470368651577856,0.285311424863135,-1.7331279356053075,-1.7862291826780752,-1.0916445942518744,-1.0152406439531236,-0.40342658513194096,0.10795111306565186,-1.8651128115897508,-0.8904161716835929,-1.1948691328097323,-1.1581589447899912,0.043789811847832816,-0.28990433924193315,-1.7236266013188084,-0.1104641718506566,-1.3637113692821043,-1.0973251467400835,0.32221734718635625,-0.8298350636941754,-1.5600494152042321,0.45298661160292353,-1.4954424072408956,-1.0132640089959581,0.5297890894071794,-1.3587407594303413,-1.395690689815603,0.8191652126576388,-1.7288038502962477,-0.8887975783241359,0.7558865584441959,-1.8249745261087713,-1.385780932121481,1.0063379908094143,-1.9654600418429513,-0.7936372136563389,0.840849017972494,-2.0939417505375357,-1.1269442946854502,1.1162503589245532,-2.149170938693398,-0.460252671968024,0.7933116921261455,-2.2936551198933053,-1.0102581060622517,1.0922687124127934,-2.188449401943887,-0.2445619324836229,0.5487782854135113,-2.4980681116834536,-1.0467213380107676,0.97310900173841,-2.2538802611527666,-0.2911521485482538,0.3321673975078422,-2.4889094741592577,-0.8621406236249696,0.8534300224630986,-2.2356763810333016,-0.3140861046338912,0.3431842748567576,-2.3576455327817136,-0.5723420897881359,0.6990886329131263,-2.0016163937946394,-0.38937684384020743,0.4347919141564471
8.200000000000001,-0.3922317192380135,-0.2495648856781823,0.4063112112345922,0.31044224932313735,-1.321778588905107,-3.0250541937423794,-0.8661703852101807,-0.6364222190212832,-0.9050367097344307,0.25364464596918435,-1.5297121611124442,-1.5911204423985341,-0.9455954000380227,-0.7523329903633215,-0.649164127974733,0.04670847760688712,-1.6009324410466386,-0.5968946546679721,-1.0874778414250375,-0.7675565275731474,-0.4211340667550021,-0.2591801902277546,-1.6350048312678211,0.04166762429034798,-1.2233210431082924,-0.8810663062732588,-0.20544848257121257,-0.7252031638108192,-1.4022621951550907,0.5773553625462496,-1.337585377756989,-0.7790890099610084,0.2164898420604941,-1.2267276734273458,-1.2055774023904542,0.9009719920232856,-1.594502297359762,-0.6940422259026967,0.6187702680160277,-1.6230436293214812,-1.0292540222304813,1.0718057283923526,-1.8704442133173498,-0.5658651499644543,0.9374173098806966,-1.9161157110751348,-1.0076687103262039,1.1214880158082685,-2.035017713139908,-0.4699240180875497,1.0007547393011011,-2.026799152965708,-0.7483722549726401,1.1394639433120413,-2.0969227246506703,-0.18137473771226265,0.8757940284606142,-2.105316653962075,-0.6432658680297099,1.0558366942122013,-2.0135638559663565,-0.02850271370610047,0.6260287609876423,-2.237081750695833,-0.677637532219979,0.8851861958073137,-1.9861776418628174,-0.1047912868991403,0.4479980283648994,-2.1568830975654407,-0.4969945897664818,0.7099705672334139,-1.91306467691993,-0.1426714818706002,0.48088080672888706
8.25,-0.29949690056475287,-0.017667153436945863,0.3367274345654085,0.2837190897630082,-1.1913651152239435,-3.0231806927693663,-0.7148177456855977,-0.3972072841705012,-1.254791583168167,0.2278171814643848,-1.3459985361663174,-1.5326628905329458,-0.7261990720750211,-0.5105414898735248,-0.9913488416158754,0.0070816203773538255,-1.3859201980650848,-0.4422945859775862,-0.8630571514828531,-0.5055966682856163,-0.7597165794126057,-0.3312220216491246,-1.3395565064307036,0.2913458163463256,-1.0714792128279989,-0.4865397865920955,-0.6087877894117236,-0.705705568673316,-1.3171900330612063,0.7042588009044654,-1.2209000568998896,-0.5804357719932371,-0.2799276956075898,-1.1489395574895145,-1.0452608984773004,1.0155041796096764,-1.3694996551950187,-0.46798708608763007,0.3036496308103115,-1.5315274661434608,-0.85053101234013,1.1445718690746192,-1.7020157028473575,-0.3886335255268811,0.7472067105130699,-1.7496282821085218,-0.6811234194193316,1.1773670616864584,-1.950453261115086,-0.2655806682282982,1.0696298574048262,-1.8567590619551577,-0.6476397211944418,1.1436716675930851,-1.992226610251995,-0.17295474168106284,1.1033485176159616,-1.8186809825467387,-0.3921765789622933,1.102270626580516,-1.9295484477447622,0.0716168872062799,0.9500039370479497,-1.7946869894678785,-0.2875565778985578,0.9740051613353179,-1.7358379530408032,0.17860776935786832,0.74772156293116,-1.8730317473443092,-0.3083619890878486,0.7467212312178051,-1.63145453814347,0.08640410514016855,0.6273337577218538
8.3,-0.2939188182351013,0.09525346949723335,0.10747016809801012,0.17622982684122102,-1.049870333439582,-3.1278056725411596,-0.6546284124190886,-0.13646634877964625,-1.5372413444961832,0.18930343725352294,-1.2396410506854183,-1.545246709456417,-0.5754667721369287,-0.3230393653926378,-1.1290419800574683,-0.023121988587158082,-1.2307331427903856,-0.41146280663549306,-0.6467685939218777,-0.3370890583935693,-0.883900372382941,-0.36826363888443625,-1.1505665817681132,0.39638704733954255,-0.8025096925972353,-0.2606262527263208,-0.5836474211994828,-0.7696518410063069,-1.026767868952243,0.8988671046088109,-1.0387039335053343,-0.22330261411060226,-0.3941952673688015,-1.1382713280053913,-0.9760058276626937,1.1136345405506536,-1.2278137588660882,-0.300940928666416,-0.08976650439915645,-1.4830957799442124,-0.7028857784253306,1.24041755196632,-1.4541411231395167,-0.1922538930516393,0.42860391597741376,-1.701261181507998,-0.5275916534592495,1.234653044409239,-1.7799343720876273,-0.11863574934724297,0.8537671862046002,-1.7319956438119255,-0.3696153015645587,1.1841408203865995,-1.9486890464830084,-0.0009807454502315793,1.177684806713056,-1.6675535055361546,-0.31595703216796167,1.1030551686589047,-1.8565273268412537,0.09302018195121459,1.186497920270259,-1.5052848125637386,-0.062261015706504,1.012071994803944,-1.6910181933791322,0.3040450177279995,1.0314921248441316,-1.4053417216574793,0.05161408930526523,0.8268898808114122,-1.4162657613730831,0.38273894244322304,0.8768555058795657
8.35,-0.3732497379884467,0.04857520352461418,-0.06251703540757077,0.02393147892933767,-1.0493396464496296,-3.1845611644866665,-0.6502258887430246,-0.03463470886309006,-1.5363650221481706,0.03216206505395336,-1.1495091165847882,-1.6349852375905143,-0.5552576810176091,-0.12651956736697034,-0.9071258085810845,-0.06624684625475608,-1.176073914349276,-0.44374010535561115,-0.5066429807386195,-0.21346651054260413,-0.6037543413090158,-0.3993957839325146,-1.046683866106597,0.39707612911289547,-0.6186553176994947,-0.16166680938735956,-0.3287064072677487,-0.7958525147486295,-0.8898334719182399,0.9560111491269796,-0.7769544454427946,-0.04968614487253187,-0.05958040409321863,-1.180815706588374,-0.7213303920434022,1.2535767779836875,-1.0323984002315973,0.0005493046633620047,-0.05830927047518242,-1.479049770603269,-0.6579251148000687,1.3105839107514408,-1.2715146968003304,-0.06247441024928935,0.06995985659492265,-1.6813001024720542,-0.4049899744629526,1.3083298365899076,-1.5410939722420092,0.03723450845695914,0.5068855587544294,-1.7251045710589141,-0.2508983668928888,1.2246543365963138,-1.7995042198938553,0.1092762787652693,0.9625956841326127,-1.585946087802459,-0.0986280161121389,1.1277593533471677,-1.8742915490222416,0.22686061347421582,1.2866293733413319,-1.380246852373218,-0.013736049550452378,1.0090298142599279,-1.6630235666543056,0.33123680251221843,1.2535273915395375,-1.1264936593838715,0.24083828119633388,0.8525197783222721,-1.429410720084795,0.5202152793041552,1.096182905431403
8.4,-0.42039196051784566,-0.08267768161552583,-0.1792173679159811,-0.11560308704093858,-1.1338667283540982,-3.241089889592528,-0.5882145983624303,-0.0973088831895641,-1.3081988357989423,-0.16797761632771468,-1.214492882373177,-1.6879437793607244,-0.5861602303633708,-0.06819436097976572,-0.4528335868329556,-0.23707836629820012,-1.132393844307713,-0.5296623910369319,-0.5034111669137544,-0.07115825785621643,-0.16210694639343126,-0.43997824028451094,-1.0543516286061472,0.3456796294246839,-0.5114271513455926,-0.09913594311678953,0.028395503579887515,-0.8244555644115503,-0.8466581397138029,0.9294184659557736,-0.6502679028930403,-0.0058195479232800995,0.3706055268491847,-1.1919135639409784,-0.649313948066288,1.271154377092989,-0.8133732565836991,0.11887929315878687,0.370707808889733,-1.4939606168040798,-0.459924400364109,1.4038731863251597,-1.0705494874380483,0.178378165061293,0.10367924085654057,-1.6826145814129512,-0.38820709185857893,1.3541264992836999,-1.3281095850904745,0.12979434518721433,0.12162026110548596,-1.7309724028897078,-0.1612724471770921,1.2768954126872056,-1.5903895797775562,0.22039310464308698,0.5864662662754736,-1.6163513908677074,-0.019729028396824333,1.1536542888737273,-1.7610175524099985,0.29847671060841785,1.1054488156621052,-1.3397502176923648,0.13688850879828518,1.0210668842724284,-1.7533306394156543,0.42352893373448297,1.3863983805020357,-1.0310834906603406,0.2611501608118827,0.8467279361283125,-1.448251031714212,0.5460051616984206,1.277866249828099
8.450000000000001,-0.433804209072802,-0.2717022555345284,-0.2696711809332578,-0.20620402392100612,-1.2576245657388618,-3.262178762530694,-0.5643203078758392,-0.20665415645679563,-1.196544173235503,-0.31017281520720585,-1.3700782413120072,-1.7394142394085603,-0.5583939576674812,-0.2346076215527142,-0.07073974033444763,-0.43826741349548115,-1.241537291981838,-0.584172280841459,-0.5429604441124019,-0.04987645957545839,0.18129734866763392,-0.5936473984700608,-1.0454430992884856,0.2583134781228741,-0.5236587856730639,0.007526183360195837,0.2646589348577882,-0.8572576615424499,-0.9132971129437006,0.8631245153738254,-0.5956061459767461,0.007835470188189086,0.6023673664655151,-1.2156985485272709,-0.6652144947321181,1.223120279426474,-0.7489182723472889,0.12232992685742872,0.8364979343973413,-1.489868385143438,-0.4539293681311074,1.3924158953613859,-0.8973150697297396,0.2446835651193282,0.5268943295822669,-1.6699044797844498,-0.25706385945752697,1.411439531835556,-1.121733439774542,0.31021412566130324,0.09422881012991735,-1.737363616715728,-0.1724953570176746,1.3030344628151984,-1.3625707159168599,0.27885105770125074,0.15189583642819193,-1.6446991570695435,0.033477520973774766,1.1877007334107326,-1.5974251044985395,0.36424776150168725,0.7250215118110588,-1.4019080085711022,0.1750643665237961,1.0362070156711052,-1.685948313785024,0.4575798653429632,1.2717792115131792,-1.027130253345323,0.3445806257855466,0.850831216064401,-1.612484464579096,0.5959068079476986,1.4361345104178806
8.5,-0.35691787583586343,-0.5522975766945443,-0.34003243045336856,-0.2719065580340896,-1.4266900936257398,-3.251826854363314,-0.6028334866045246,-0.35252279540640585,-1.202000265949129,-0.3887734354165806,-1.5491661447669092,-1.7596781500300385,-0.5549911877433868,-0.41791473944346946,0.11438901507511834,-0.5557184259345593,-1.4272613287781555,-0.628128793077779,-0.549013254102459,-0.26797486790876257,0.316359617265045,-0.7592049501528986,-1.173503836598715,0.20208970575794183,-0.5667602687643738,0.01493299965653927,0.3526325109293087,-0.9732801216119302,-0.926577891808873,0.7750056008868261,-0.6254131606488704,0.09526483668655628,0.5660004780978174,-1.2383215619528953,-0.7781181820630945,1.1477181050043743,-0.7467153912050473,0.10274261240616778,0.9784200741039737,-1.5082868657428672,-0.5197376675822873,1.3296841554791574,-0.8797962368253238,0.22023448525249467,0.9944737241349355,-1.6536338068631307,-0.30989636130633436,1.380569328148482,-0.9793368782379197,0.33080931458014806,0.47083244451454886,-1.7011290066643103,-0.10943957052718112,1.3342513602522144,-1.1515005215105503,0.40145881475788425,0.041674931312883245,-1.6564708679566786,-0.002740035070671887,1.1989097139755278,-1.3667757003795127,0.3928840029765356,0.25214422885426846,-1.4491229818450102,0.19212299677619615,1.0563504702634896,-1.5829609185997726,0.47947298253801207,0.925331075470691,-1.1146543904392259,0.34444579964237665,0.8594880591763732,-1.5983741351078289,0.5958162808183454,1.4135880939212386
8.55,-0.21373996036299156,-0.8288505764254174,-0.22980628995365734,-0.2884738007613763,-1.6421111553235734,-3.2275356645953917,-0.6620088001965105,-0.5893638827470586,-1.3500069772327892,-0.4284961742255933,-1.7472658244785677,-1.7516305041860225,-0.5836274072851835,-0.6342746622481639,0.0645395179239634,-0.6113591768054905,-1.6263712250246387,-0.6442846976680783,-0.5600849302363102,-0.48878970177915226,0.2729877917358887,-0.8359503765172316,-1.3510954730643387,0.16863891494056205,-0.5906707873070098,-0.2087879514804467,0.30274386209812765,-1.0819226527228132,-1.0514856177049703,0.7211573030969354,-0.6677272647571608,0.10831224546207441,0.44878634285498265,-1.3074379874134145,-0.802509120823216,1.0633978591419562,-0.782823595703352,0.1825550026751266,0.7976364512989783,-1.5211451349961425,-0.6617993912666886,1.2508925070333898,-0.9129609515397055,0.1828961070335382,1.120639985095231,-1.667708613673139,-0.4127393653576039,1.3094237589499316,-0.9851114104035448,0.28958771290994956,0.9323585586380181,-1.67723109955358,-0.20956710420808378,1.2914469601318364,-1.0241057435173109,0.3842665784767081,0.3353646696718323,-1.6026515020210874,-0.002960543284520334,1.2117258828072335,-1.1556219135678942,0.46200099457045085,0.05781753493076103,-1.4666752722534215,0.13555403465576266,1.0568916548891178,-1.3581096964446147,0.48249658085267316,0.44547688685241804,-1.1768989699081815,0.3284504215083972,0.8701154856724974,-1.5701227985389752,0.5766016269292022,1.1437496690100482
8.6,-0.09854731755388936,-0.967541719353862,-0.13801596347812656,-0.2802940160664602,-1.76465348741905,-3.19918786248071,-0.6174616121495582,-0.7432733029956935,-1.1540828573679223,-0.41170007422199895,-1.9460077953725818,-1.7249275502846995,-0.6302870753459149,-0.8922980633974829,-0.09881367053592882,-0.6277668785265311,-1.8118379229827264,-0.6316334101207577,-0.5780325152267829,-0.7219909825327349,0.09495294552527367,-0.865389399298877,-1.537321332087096,0.15993550304394089,-0.6130743225573412,-0.42678599718319443,0.14037466918804106,-1.1131676145600833,-1.1930395622178347,0.7002465909691991,-0.6851747851048162,-0.09072341375310478,0.28312696760946304,-1.35275606180696,-0.9079307793814939,1.0176744177772172,-0.8101406311864399,0.21231774718258123,0.5782316795536836,-1.5435823188802533,-0.6886902926107563,1.1757743432513459,-0.9373730469239794,0.26265303973040577,0.9167325132572902,-1.6732460201048471,-0.5667014036590645,1.231971980427294,-1.0334805954645157,0.24798465298723704,1.094872586548771,-1.6889177923120047,-0.33606379101129846,1.217148830294786,-1.0302847577440752,0.3363448792395707,0.7702725527479894,-1.5758601323501487,-0.13766237945615156,1.1624363016139787,-1.0328545205414938,0.41530642492550673,0.23154397597180754,-1.4014594104096227,0.08030450983485427,1.0568839901323235,-1.1539406535386503,0.5034176063484402,0.17908371415012225,-1.2003159175023181,0.2569508974585988,0.8636884142609702,-1.3576574139745579,0.5574143793593982,0.6980690998011799
8.65,0.003078325311557814,-1.028118434189155,-0.120662141069007,-0.3007678087766119,-1.8144754490886728,-3.143583946012135,-0.4424416989472264,-0.837343897305058,-0.8702296241779579,-0.4081497615519303,-2.0289574181263825,-1.6888964008324385,-0.551203241398387,-1.103100228417818,-0.13772941476737044,-0.5996130634139929,-1.9365783157240424,-0.5833919563614431,-0.5774407636420944,-0.9356299348061268,-0.10311495747958016,-0.8658665912337682,-1.6783591505310413,0.18081625661621525,-0.6246769059926547,-0.6327612266896079,-0.052387019474990054,-1.1188053158102562,-1.3417768253605455,0.7003188601475019,-0.713139680685325,-0.27936261242744576,0.10069439436833472,-1.3424697773061856,-0.9974606853135493,1.0098857318442356,-0.8029996116113816,0.052569686675904004,0.36006991274421796,-1.530519860474382,-0.7645307795840139,1.142814248780837,-0.9365480497942231,0.31381366988767345,0.6794493788655515,-1.655478522874787,-0.5902256275667428,1.1700285001649957,-1.035041587760213,0.3323617471756929,0.9471569987404781,-1.6905217739281564,-0.487277633355121,1.1445483433653756,-1.0776970842078046,0.301055453810652,0.9933927925420393,-1.5873183216791913,-0.27591359426374584,1.08921065247374,-1.0193210773847063,0.36929910005536926,0.6033390474117566,-1.375819819874025,-0.07690927036434925,1.0051788591323711,-1.0319778180360895,0.43483078384701623,0.20782118234157765,-1.1293013194120765,0.15669775843010658,0.8549748867688717,-1.167217105181787,0.5355400273248563,0.38377991991852545
8.700000000000001,-0.017187426824647373,-0.936048467096104,-0.13895520497613673,-0.39374517104356355,-1.7828043368299618,-3.068162702837486,-0.4019282765396899,-0.8932342371908066,-0.5374580653835417,-0.4639208507363646,-2.0294274472524165,-1.635533731345538,-0.37293628234278775,-1.1944504520866586,-0.20598170681459216,-0.6165031215940497,-1.9577721303640239,-0.5327398328200672,-0.47231166824992155,-1.147185409984219,-0.23237373836215813,-0.8459888264819948,-1.6965946961396616,0.2526482600097446,-0.5861406528990354,-0.7622409165038535,-0.19735203079858482,-1.1115022833092036,-1.4195926909721868,0.7286809175887732,-0.7239983854591943,-0.43726920327376506,-0.03594538979464179,-1.3303481314671706,-1.0940854402658395,1.01803994493052,-0.8305564928424638,-0.09601653469477123,0.18772006000698993,-1.4881438158819915,-0.7966051755112913,1.147170805636412,-0.9001806501480838,0.19684221086693698,0.4512824816213128,-1.595580325257922,-0.6319690070014383,1.151810021382831,-1.004064975172972,0.40599784059246335,0.7454580326286234,-1.6418549365300965,-0.5041248051172209,1.097441441952723,-1.0550811727020306,0.3926681625374919,0.9462357583056678,-1.5883595722298172,-0.4134974786101564,1.0239216060518739,-1.052923678260283,0.3479172786578446,0.8835494911085713,-1.3888423503442549,-0.21731195664712377,0.9364133181246511,-0.9814696023720826,0.3976171944573108,0.4751158612895335,-1.1077497298252204,-0.012346096565352127,0.8041654407812809,-1.0500242773782857,0.45149578531557416,0.26368531124836014
8.75,-0.13365385024757218,-0.6760210489567058,-0.1027882204179989,-0.5881516635934003,-1.618390324264043,-2.9689824087785675,-0.4316399115922407,-0.7968629477583664,-0.7227413981906188,-0.6289772540639993,-1.9142965000898204,-1.5643940655670086,-0.33063313032712704,-1.1569374800172625,-0.3546918528440488,-0.7063858980731952,-1.9154761637349527,-0.4885604727072623,-0.35164917569370346,-1.2259347307995765,-0.3562505797564233,-0.8910028841853657,-1.648064390708659,0.3116559601384661,-0.47261702814281237,-0.9569150434639089,-0.25111665863192256,-1.1122784606118974,-1.3234322701970003,0.8141360782536394,-0.6722425432073407,-0.4795320949742048,-0.05914700446646404,-1.322562672213835,-1.1023915203875578,1.0504031473463542,-0.8450661888621889,-0.20341510927347395,0.09999651552543498,-1.4660002934225635,-0.8357917468147757,1.1614217850489994,-0.924818660930404,0.08872181398166057,0.28418842466205807,-1.5327060113969548,-0.6089653587624255,1.1660682588580162,-0.9439821900262926,0.32905992970854814,0.5301642758583768,-1.5489286885981361,-0.5115545906111452,1.0932107920395346,-1.0014653137621023,0.4878991937958783,0.8094663331111398,-1.5183593667708994,-0.42244080329893574,0.9912249877479901,-1.0101243690007768,0.44787728522692016,0.9516023739460309,-1.3920413742595465,-0.33417201210826253,0.880103184050805,-0.9899812445374008,0.39528520756680563,0.787719626293067,-1.1234281184706498,-0.1476272699324488,0.7425954161349813,-0.9501320195955276,0.4281269357526758,0.38781609645591403
8.8,-0.3113757063157142,-0.35555694633192664,0.0960494376296404,-0.8615144736785108,-1.33282744693632,-2.847054156997829,-0.3827706390393395,-0.6097482629183408,-1.2672677799065781,-0.9052342787634993,-1.6379341752009147,-1.4780135521619835,-0.3592718794353522,-0.9381763348957131,-0.48994403622122984,-0.916476589349654,-1.7451383547353005,-0.43805766676185964,-0.3206166943176012,-1.1265289210451734,-0.43207516444607486,-1.0061082788657105,-1.574591685164628,0.33913774897095794,-0.40267872627808976,-1.025093221373846,-0.26079142438388647,-1.1851461284253462,-1.2098090442487308,0.8692373006515008,-0.566326598536419,-0.6488355814590183,0.027716865753281805,-1.349040657679459,-0.9036510324569225,1.1355979775823437,-0.7999038376526162,-0.17357379905478032,0.1592363972637184,-1.4635299202609457,-0.778255019920624,1.1936488255542557,-0.9460920864443312,0.025954582057144293,0.20982559149636326,-1.5082648547021282,-0.5926030656411996,1.1839654399918234,-0.9665512382106917,0.2574455645861289,0.356662198243037,-1.4767220423836172,-0.4406456922489621,1.1144208851182618,-0.9262482810910824,0.4454917553382689,0.620014803386568,-1.4055541167236707,-0.39825310820149173,0.9983061355334967,-0.9440183088902394,0.5624657412178973,0.8927131098273773,-1.3091423448019914,-0.3355036874949935,0.8600093134062742,-0.9315364919165512,0.5036585774710025,0.9650619502132031,-1.1305436533118178,-0.23996705016626763,0.6963280916954379,-0.9247133518815789,0.44825329449535833,0.6917797762683494
8.85,-0.5466486114629434,-0.0506464607330363,0.44488677003084537,-1.0884232189850396,-1.082398513719216,-2.771460503398274,-0.4597947101184823,-0.39835072178745556,-1.503693424244146,-1.2465330842773137,-1.243723740033662,-1.3984070681584715,-0.5005155852163474,-0.5789919764241537,-0.5642623388364789,-1.2226107882779513,-1.4129514031790258,-0.3874177218287811,-0.37851980877231983,-0.8545500620234185,-0.4060432822000626,-1.229614884686453,-1.3795630291465644,0.35856314100716435,-0.39610159535779754,-0.9048425962104627,-0.22633007715632592,-1.3129725060693154,-1.1176551523054723,0.8756672395758042,-0.5202248210831106,-0.705806714285945,0.11796983989247545,-1.4440575538240374,-0.7389281377405865,1.1758770674487122,-0.7091328202939211,-0.30496385586597263,0.3154997608991674,-1.5153041490927488,-0.5010783608477887,1.2670320717817374,-0.9167032434980857,0.11159576555265316,0.2783903473399525,-1.5151913812679434,-0.47931484233878496,1.2127024742137211,-0.9964960776033254,0.23199185374122688,0.2646303660908811,-1.4564985070599457,-0.3752780252928245,1.1336722794435634,-0.948221441769111,0.4053095822276158,0.4351298528424993,-1.333274426472133,-0.2889327445162504,1.023379060898697,-0.8600471214730427,0.5484546907152619,0.7392050712260086,-1.1875546593680117,-0.28419141983614615,0.8748126587136074,-0.8602868856231718,0.6341730396351114,0.9904467031284636,-1.0416162248370153,-0.23497779869540825,0.6863894375459351,-0.8533656956070623,0.5644086294489958,0.9595366792538518
8.9,-0.689127153750197,0.20497400811474747,0.542902900498018,-1.269417542047786,-0.8357734161697117,-2.859306439811915,-0.6887386047948196,-0.12629441854885648,-1.3982804546789807,-1.499294471908501,-0.9631605708072666,-1.3853744501215892,-0.7437144699459403,-0.29866835407033265,-0.5990960865149606,-1.5666380007044245,-0.995791377442079,-0.36366737021855444,-0.658348934511616,-0.4239312962863879,-0.4014586191770745,-1.5176689754580153,-1.0437986124081577,0.36480371563030745,-0.5056895814872182,-0.62390965355552,-0.1954223391445834,-1.5221025053199078,-0.9236031233732156,0.8632849563510725,-0.5375377321465882,-0.5890855479317545,0.1629282900316259,-1.5721586775079477,-0.6394414337301946,1.1615889697737458,-0.6665879879786483,-0.3468304473155297,0.430535805827004,-1.624438113417083,-0.3038972902400072,1.2869078888105963,-0.8397356781619738,0.028337245196683014,0.42976411497936007,-1.5886946284256043,-0.15259569444839194,1.2678069736998965,-0.9841518995871146,0.3598315678866091,0.29150950666140085,-1.4752154053842437,-0.2193605404824872,1.1569207622797124,-0.9870391198028785,0.4104814522688587,0.3089639311137088,-1.3219771829435738,-0.1835172027893206,1.0421676397149227,-0.8811905241495519,0.5346630419578016,0.5486205060328928,-1.1220204199456258,-0.14667737433140093,0.900928974543755,-0.769162007963881,0.6431254237135505,0.8853065362180802,-0.9199679655283839,-0.16211995257556566,0.7052456112103935,-0.7794474691025925,0.7063141865552564,1.0773515468280466
8.950000000000001,-0.6362733824741961,0.16416657560374714,0.4162208949198067,-1.3344103248612227,-0.8005695416722602,-3.0775031513208697,-0.785787798385329,-0.008068367957894229,-0.943107087281359,-1.6511363558564318,-0.7821446289521505,-1.488154208657834,-0.9669722924067469,-0.044221200503633984,-0.5223507423332998,-1.803227382270931,-0.759586740532745,-0.4000384819710323,-0.989097873834538,-0.15727857449439264,-0.39204378133172924,-1.8125039112792485,-0.6711786829064437,0.3378039387492593,-0.8282320607326592,-0.198754200982582,-0.22389927266543275,-1.757537461770341,-0.6231451558095946,0.8314025979556355,-0.6789194936320084,-0.32144185370909995,0.126413356349664,-1.7472344947058038,-0.4644181933414604,1.1245879197708786,-0.6903511497575521,-0.2442818993620044,0.44402374860392957,-1.7429473961823487,-0.20599314674342395,1.256140793728192,-0.7889683583440634,0.00212644423712538,0.5328948515598433,-1.7040686715856153,0.05827299047603596,1.2673643251052118,-0.9149698707143783,0.3239828534790412,0.39903974873166237,-1.5655559575256528,0.1290176249782693,1.1922397834901248,-0.9895030212194047,0.5673575019080925,0.27334301032863595,-1.3533454051495493,0.0013571537223011632,1.0592102968438617,-0.9269842467176861,0.5643743709050544,0.386723211481376,-1.122409297292997,-0.01107181170292737,0.9179767581337945,-0.7870151986707778,0.6511502090374466,0.7044892716443949,-0.8655804556429033,-0.006543613682574723,0.7300897363348765,-0.6777477793143135,0.7343990271608614,1.040293149103446
9.0,-0.5060405459774396,-0.10496108321288253,-0.014187040858901191,-1.34258595081151,-0.9388989192749575,-3.283037362261012,-0.7877201193544529,-0.10625744216495192,-0.8769510286589264,-1.667476744567239,-0.9054115797377182,-1.663525575732681,-1.0252823040506311,-0.004474040261386092,-0.27290148337861564,-1.9161725676561348,-0.6648803562044492,-0.5051477378189334,-1.1891980463384768,0.054734769724936516,-0.2983383858058974,-2.003156137552636,-0.5218076026683516,0.2719666220634742,-1.1728227871197243,0.007143705423020008,-0.22720403037767534,-1.9715055404206987,-0.3359831548877157,0.7716242083080077,-0.9624559263672237,0.048366560819955495,0.03274177476621487,-1.9114284151604517,-0.2222973439312259,1.0695593295512877,-0.8197299696913554,-0.00565067788759821,0.35073952505175543,-1.8734390834483208,-0.06013649338812321,1.2053147780220053,-0.796690341115992,0.08440320722735262,0.524913646691752,-1.8066923857440709,0.1485870440620296,1.2262889032958995,-0.8484813483200626,0.3085690471519671,0.47972266798364405,-1.6807554888269456,0.337612453283489,1.1754341585456967,-0.9222416072979862,0.5685768476461952,0.32453086189281366,-1.4553813200693049,0.34768493112414145,1.0766700635174757,-0.9414217321793152,0.7369784751895516,0.2911787590819248,-1.1659417256458398,0.18992192940710417,0.9290101950214152,-0.8361810638302527,0.6999612008177887,0.5158327269842795,-0.8785571432218672,0.14929276770214273,0.74459014289074,-0.68880285813581,0.7604880363445459,0.8950228956570316
9.05,-0.41891819735155916,-0.4108063538738166,-0.5425521371432402,-1.39399161564716,-1.114255370654531,-3.430801786799764,-0.7731941612200848,-0.23731253186098367,-1.5225966368935648,-1.6787988722995477,-1.147154384107556,-1.8422631896141333,-0.98663462305574,-0.1535819841785182,-0.01619707860079478,-1.9004394695555882,-0.8691364790777412,-0.6436515763960449,-1.215064623966632,0.06291781071214242,-0.10734505652998072,-2.0747911451085663,-0.5092524895719341,0.17315603686520298,-1.3353121074346201,0.16955832776100244,-0.1031824175100407,-2.1003792796315204,-0.2857652133454458,0.6963826922266758,-1.2692292020310398,0.17593728022565575,0.004523621836008185,-2.0323940804430665,-0.03661896309575141,0.9984349824399907,-1.0209234180977136,0.2805830091174215,0.2212764069539107,-1.9617334002144575,0.11476031355421412,1.143404554635929,-0.8777654460764504,0.2801044816358995,0.41742354570582474,-1.889820179346906,0.2616285390507933,1.172012170645077,-0.8248237585424083,0.3659396788336342,0.47173372567038874,-1.7644827569704153,0.4169440589057771,1.1302514990552364,-0.835335001240423,0.5569011378050832,0.3795568121934736,-1.565710552399464,0.5419686283907721,1.0491043984511235,-0.8732600140844138,0.7620878308047376,0.28988182997220846,-1.2746957297823642,0.5156871877856295,0.9322640096745968,-0.8601827393758443,0.8763493156286728,0.3748022763201374,-0.93257564147366,0.3549621730390351,0.7503303693285553,-0.737199707395111,0.8239742970468225,0.6961622681641773
9.1,-0.4638471183280044,-0.6541184685010708,-0.8024863521315048,-1.5184931765948277,-1.2827523411797959,-3.4698796407692547,-0.7763818230218056,-0.33783764440765074,-2.137539570336518,-1.774263260518525,-1.3576706851876486,-1.9751270740398796,-0.9435316661992045,-0.3197319456778982,0.0032898860025196708,-1.9222868594265619,-1.134808627992654,-0.7902867976017053,-1.1516989570095624,-0.09233688228189774,0.125226643274858,-2.043957479981471,-0.7211339645434123,0.06478473947931218,-1.3431661790599128,0.18913814014620367,0.08166861639488127,-2.132854567425278,-0.3371515476481646,0.609104204871142,-1.390040586381486,0.2928391184262603,0.14350132523609288,-2.0957383420866025,-0.07642604519510154,0.9291374965397969,-1.2630928771575733,0.3318313118764047,0.19412497020345731,-1.9924206586068838,0.20138466280040124,1.0783578085326921,-0.9872438786863642,0.4736601634178538,0.3000262570310742,-1.907228373291941,0.370503696868103,1.1157542100717306,-0.841955566631688,0.5106577112069157,0.3889418428496937,-1.8026787267157296,0.4978089860549417,1.080180611854666,-0.7758027134508327,0.5868890009509011,0.3859403248174499,-1.6298829378827446,0.6088344759645459,1.0048734150489307,-0.7644586268910731,0.748162914271238,0.31736896379946544,-1.3768491306601875,0.6874291807660526,0.899502175337032,-0.7920190120497084,0.9147782920788079,0.33244543958433614,-1.043279161228743,0.6467247610966798,0.7434679855151599,-0.7685540052783266,0.995064056130859,0.5262616082067361
9.15,-0.6018945546300297,-0.855672612217934,-0.5661694035077263,-1.7320765354739092,-1.394663828596121,-3.4209170890991825,-0.8023805617798929,-0.4144299482321232,-2.082659580641141,-1.9578051388427042,-1.5074736673117206,-2.0100539431003455,-0.9273358259714899,-0.4637761048871418,-0.13968132474941886,-2.0486557565893766,-1.3192958188795467,-0.8922110825213148,-1.0920695178584225,-0.2604666659408683,0.33586337696396784,-2.0797532771734994,-0.9432501317801645,-0.045069730005046216,-1.2731642127162521,0.06494358172560988,0.2744297805802715,-2.0997593218739055,-0.5034356142590557,0.5243223527477109,-1.394272941362448,0.3505319896418777,0.30755439422776154,-2.094344574479796,-0.16808497773074027,0.8559999171221233,-1.3475808612278093,0.4137991033913939,0.34547960955095325,-1.9951488945592373,0.09225859509558454,1.0236899608135641,-1.1571481893748428,0.46237311092152156,0.30272376035906834,-1.859277249872276,0.3712031998494014,1.0668894301591616,-0.8700338962943581,0.6172125872614929,0.3171869827616123,-1.7593381276720637,0.5474925415646936,1.0366251313163273,-0.7303998177499982,0.6800531923915762,0.3496155307686576,-1.6283360799023068,0.6603921714259586,0.9633810681941111,-0.6729850010548435,0.7504185144633992,0.340179291479755,-1.4221932442079344,0.7415293443344284,0.8597198774741551,-0.6631580829790116,0.8948192042798313,0.3310559767618696,-1.1348861164175927,0.7909197862287654,0.7101029326427238,-0.7041557975784198,1.0412908274369193,0.4560404134685756
9.200000000000001,-0.8432661789029787,-0.8664386793624302,-0.1313174586617791,-1.938635800372665,-1.3820922707653738,-3.361539794683117,-1.02556530746046,-0.46910752824586766,-1.4627985590131347,-2.220768973322427,-1.5290365861478206,-1.9563629799792304,-0.9711390083108,-0.5443490418308716,-0.05891762649762544,-2.261029194976552,-1.4060172313426422,-0.9034173343075957,-1.0694822087496123,-0.4063381696138624,0.3814274844105112,-2.2195264298347426,-1.0569321255418362,-0.10686397777708301,-1.202971052625886,-0.09074175910413085,0.37659460077892404,-2.1481107202076837,-0.6388631550453061,0.45043261534157053,-1.3283526497122657,0.27138946211745796,0.43469702067298877,-2.0673318730624035,-0.2584687969301802,0.7893724421766074,-1.358991206651112,0.5208883629473393,0.4973845790908543,-1.9670560699493655,-0.01658834271816456,0.9653217998619046,-1.2154974466386972,0.5228262885325377,0.466738198254898,-1.8112423336557681,0.21686630160365095,1.0294440014285755,-0.9704619044510592,0.5623216936163391,0.36188883748224454,-1.6481365385522655,0.4795263117544524,1.007009112884346,-0.694347616097649,0.7131641946665521,0.3333101325054384,-1.5360845532267047,0.6598725360987645,0.9346671285673621,-0.574665524522312,0.7966047057501573,0.35259504158444266,-1.387157209093498,0.7674787206128242,0.8283792218581313,-0.5480199806694199,0.8700139690564348,0.3617589191640562,-1.162847417660059,0.8326284215983248,0.6767749864210487,-0.5594980412464856,1.0137259777286811,0.4255401670057626
9.25,-1.1215885553778449,-0.6866301421574958,0.255214024765803,-2.1833134683735547,-1.2212647521208853,-3.3403263277757427,-0.9867899795229043,-0.449455712296964,-1.0223057590691393,-2.4644820593299555,-1.405801235036117,-1.8935736957888905,-1.1745550880386244,-0.6425115999593523,0.08844843208732578,-2.5281953610511314,-1.3180279905701564,-0.8276758908413773,-1.1324709884869648,-0.481292234731697,0.13883071016417503,-2.4291596651112237,-1.0561277939400249,-0.08637772262425347,-1.1683165412167376,-0.23275926554256277,0.1857847565330979,-2.2836970906549667,-0.658622764602983,0.4278205939370916,-1.2447552576451815,0.11870056690815312,0.3923491681178757,-2.1239768867027244,-0.28870752045695447,0.7460386549523873,-1.301072088717186,0.4855459302903764,0.5897655712592693,-1.950866434648571,-0.020406379218740334,0.9129806322943707,-1.2403898644993168,0.680920463984846,0.6158369919303421,-1.764238251163725,0.10980388856105971,0.985099985116687,-1.0132118747567727,0.6144036740095264,0.5332011936173524,-1.56104523553812,0.3022272809814819,0.9851934954985527,-0.7309450726812594,0.6334330541743315,0.4142016689450758,-1.3773804705995119,0.5404224480095765,0.9224270512904248,-0.4905879731338184,0.771543416470756,0.38180452842882995,-1.2576445426991545,0.7259141124396518,0.8132875671313725,-0.4075918983084126,0.875914385802754,0.4114215536057565,-1.1008241607418756,0.8368257205769414,0.6552265998019693,-0.4297600439070224,0.9624938111904915,0.448206487577829
9.3,-1.3134221424891754,-0.2762845866630336,0.284396540162891,-2.3889328759424977,-0.9353152560730615,-3.3864579995978947,-1.197965284681901,-0.42248695471988773,-1.5843113124506032,-2.7479203489332065,-1.1135872282529746,-1.8852384303278118,-1.4731600503697784,-0.5869417061593531,-0.448678746170057,-2.765926677078253,-1.098859723799781,-0.7610020231681747,-1.3384210771265126,-0.6166204257484322,-0.3555748534204077,-2.6603821110158914,-0.8627356520248108,0.012126566690615626,-1.214674743836772,-0.32388973067147786,-0.274109062277312,-2.464283062854048,-0.5652459247230013,0.4769077858965953,-1.1803894058661144,-0.04250505007920502,0.05919632958920329,-2.241106904956415,-0.21126938451009103,0.754938816537461,-1.199012918242938,0.3277069962033192,0.47794752980835625,-2.010858746462324,0.05351543230155631,0.8929776807418016,-1.1915700642036717,0.6860929241977783,0.705093621219735,-1.7610225886142028,0.18919868390145922,0.9446816092202561,-1.0535383647731982,0.8198338795937207,0.6809480403935824,-1.5025018356224251,0.21044875949618014,0.9533165439833502,-0.7660184271458386,0.6877445666560769,0.5826307834115168,-1.2627895456982652,0.35810390825738114,0.9125453423235586,-0.4671166913537911,0.6823043181591788,0.482467114096546,-1.0659474926256451,0.5701732098599477,0.8140019432229598,-0.286186746391345,0.8059012729988997,0.4675785599158231,-0.9448809296497562,0.7628407947249727,0.6507926449777479,-0.25628402144176343,0.9350857376071846,0.5165575682876269
9.35,-1.3827954645924292,0.22933834011334794,0.17345622730681926,-2.5462637435719735,-0.5242124413143712,-3.483820106889939,-1.4422785012018347,-0.13954910838746382,-2.092494008072707,-2.948328821025931,-0.7164882593273036,-1.9477974482516518,-1.831768769858551,-0.46126665887287155,-1.0423718846822618,-3.027363294138068,-0.729671875050415,-0.7668877394314022,-1.7736629921548441,-0.5518534217615585,-0.8657306091821162,-2.855805740765998,-0.5767966664335233,0.07776823986919368,-1.3977937223708603,-0.46606930631431087,-0.5986084755043254,-2.631354206882668,-0.2870622522566002,0.5893565425616643,-1.1721887448058048,-0.14475460803637707,-0.29554502209797984,-2.375110157807039,-0.03572997188188154,0.8238393453165105,-1.0914788339068433,0.1419371870750945,0.12097075569175675,-2.1003449731598387,0.21690892769065329,0.9235731110583623,-1.0707194700880451,0.5323786213031687,0.578623455569582,-1.820120284436464,0.35362441592793115,0.9412206907735479,-1.0151077896233631,0.8636587091586903,0.7819540787653734,-1.512625920959263,0.36132208187936943,0.9235097884466454,-0.8199671833807083,0.9336001904102942,0.7259081782848824,-1.1990355846401002,0.2897487952080846,0.8912133053551369,-0.4985684939184998,0.7457422107955722,0.6371489385550655,-0.9342890341190335,0.3959693914556306,0.8118745872811142,-0.2031893799041089,0.7177191958249611,0.5699424217927831,-0.7331025041391392,0.5836834279269443,0.659415865460814,-0.10148134777379114,0.829684019597998,0.5825844757783223
9.4,-1.3232618132407141,0.6797681372500323,0.06376598154237391,-2.5902106839722348,-0.1705492133698261,-3.5696869614508486,-1.4541938688019735,0.21122664912211075,-2.3341017702690143,-3.0653550276908326,-0.215217652503501,-2.0534702822145077,-2.03281269635551,-0.02526954091147804,-1.172531871454709,-3.1793544333571324,-0.29676339731713686,-0.8431699299732609,-2.151460176897415,-0.3395629167097898,-0.8761315699419424,-3.049817166079446,-0.18749066111120705,0.06103145862412673,-1.8020941723379857,-0.36457938404603407,-0.5477168606505435,-2.761174188007318,0.031379415844003944,0.6489441481222624,-1.2913619358214845,-0.2161686476877991,-0.263018647317687,-2.4641772709855423,0.29722185744907925,0.9394045256805306,-1.0133318831581848,0.07898153826450294,-0.10380633697091879,-2.1796486456238062,0.4546466448150799,1.0027091801226573,-0.9206149661791163,0.3466442094663833,0.22322222925214896,-1.8778890398847536,0.5835510551760859,0.9846364005723846,-0.8825031569320337,0.7304152893647131,0.6654339267131468,-1.567779706171546,0.5962786925084584,0.9312418478917206,-0.7941415270702089,1.0126423825757025,0.8428031954936888,-1.2216369546517247,0.4963417666863057,0.8711726965328123,-0.5614632172648937,1.0228339220200817,0.7720705721656802,-0.8703717248857923,0.3546293504549647,0.799107896049851,-0.23111689984388062,0.7931624424642592,0.7018594353732122,-0.5933996371890959,0.42637087461093515,0.6613955300839983,0.041979548872561945,0.7481151891120899,0.6726586346542194
9.450000000000001,-1.1669582864568588,0.9905129465993135,-0.06199506896740144,-2.565996954384655,0.09356299749210706,-3.658715346636035,-1.3552831804409309,0.5129123985812623,-2.160593116248866,-3.0535721642145464,0.1639358156472115,-2.1415826191318232,-1.9764446999539902,0.4665683606447495,-1.0837331857002033,-3.228799217898294,0.20656572701007736,-0.9498758302747334,-2.2547686557970246,0.2062217998479855,-0.6844619531645875,-3.1281598662435592,0.21715430408794312,-0.019480527909644385,-2.1206512714496406,-0.057451769574314415,-0.2695909809013817,-2.8633801576826587,0.3940861983903421,0.6284025710658447,-1.587644980755768,-0.03394365639554575,0.09931876231622372,-2.5195005719252284,0.6155477722403635,0.9905672297286949,-1.0444859068091445,0.13411367460627321,0.11141098314427245,-2.1897998420345166,0.8100645291498276,1.1129355113746147,-0.7841015809405629,0.36332123076776446,0.04236297800282407,-1.9022309218216593,0.8599155621151056,1.0662634528600556,-0.7044362917952607,0.5699841973962854,0.30446386725262553,-1.5937854451773026,0.8705204130401123,0.9807299539174527,-0.6620830949121881,0.9082277417188807,0.7480331514341412,-1.2708933368975661,0.7800288839150538,0.8862114876432764,-0.5504069142056413,1.1301494594901347,0.9044453676879217,-0.9037132564606065,0.5998996297410741,0.7879652761579392,-0.29645322876577074,1.090715415251895,0.8241817556591446,-0.5330866120059086,0.41203050883305004,0.6553512902823313,0.020875759790031534,0.8345747687023323,0.7753887329633914
9.5,-0.9822117748737129,1.035521812772256,-0.12335730552782304,-2.5150279519624124,0.1939418469171672,-3.7334877040406558,-1.3064364266463402,0.6824734637252468,-1.4786264503682984,-2.9864966287367354,0.3822884800035986,-2.2159185219803614,-1.7825743126505373,0.772098497157685,-0.7575373194700625,-3.164077202842001,0.5432444616917653,-1.033278618737512,-2.1257642999225626,0.7563676775864081,-0.4533453930450132,-3.1007515706677857,0.6556493936836327,-0.11688996924078432,-2.1190034690611577,0.5307532031788661,-0.1461390323896558,-2.8603943273709875,0.7273004357060842,0.5551260627176668,-1.813398880679697,0.33536854495945945,0.43493318391811364,-2.525064617573445,0.9198840310667222,0.973820780492064,-1.219886223143553,0.38261125244780736,0.5833988911460698,-2.1736852095845225,1.1018885210438167,1.155972257497128,-0.7292932786142281,0.5253899304953236,0.30156864356962987,-1.8417184304605305,1.2087291427034108,1.1662156868003803,-0.5377991398029671,0.6587660865455511,0.09932220172149409,-1.5681957468377639,1.1627440747863949,1.0595320916571804,-0.47738898327707746,0.7782760655084648,0.3777671234028813,-1.2677154262608137,1.0770848008146938,0.9370697019313075,-0.4317263753437146,1.0515320525174594,0.8402672562680933,-0.945894927537263,0.9112413330496683,0.8074742851895474,-0.3008020550725111,1.216628012571855,0.9695624245510084,-0.5747679828399721,0.6791115630415812,0.6519424197373254,-0.0395702873496544,1.1407817781298395,0.8783070669544375
9.55,-0.7659953338073322,0.8174139244979373,-0.2298751149518268,-2.4790441805505945,0.15013301568397974,-3.7604438399920497,-1.253856007727432,0.6821105984842546,-0.9591700011835567,-2.919149711352376,0.38280965262614597,-2.261725436897551,-1.622113800300632,0.8781564350649737,-0.2339697857083256,-3.0658535225060546,0.6888099020563665,-1.0899638341604057,-1.8789373172295978,1.0270660644702159,-0.15698035700342305,-2.994690315640438,0.9071962750074958,-0.18814534820176143,-1.9410713262422572,1.0510918332455597,-0.07520971029886094,-2.7608293371787704,1.06097979012584,0.47649227823117535,-1.730541920100985,0.8799121098809426,0.43596188953346626,-2.446754461959215,1.1597828510344899,0.9166022046757061,-1.3430817494749938,0.7411858826786567,0.937575981908116,-2.091970199627151,1.3308915703316515,1.1482994195206553,-0.8023878530481405,0.779996496954837,0.8114461643843351,-1.7648586390300158,1.455779302914264,1.2027541926796326,-0.4181127651345369,0.866734117894354,0.331035567192001,-1.4502028482918106,1.4820120683168092,1.1470760442633476,-0.30925653212597526,0.9016632247104845,0.11640447415562827,-1.2000847930238967,1.365610721869217,1.0096872596049182,-0.25935168462522773,0.94056985035161,0.46926579403421065,-0.9175669206039094,1.2120950357440519,0.8564758267756761,-0.20435491989324905,1.1541518878703003,0.9465744136140605,-0.6091723659378112,0.9989394253003869,0.673694422067807,-0.05737976942552936,1.2747850984395435,1.0303858016996843
9.600000000000001,-0.5516225658109674,0.49182251086536843,-0.4322899135225574,-2.453882450398038,-0.003023445554837245,-3.7453349633406594,-1.1950107458182035,0.5868254669106352,-1.3062943601550687,-2.8976851801458157,0.21532231942650526,-2.292035047635295,-1.4843480553635433,0.7902531742223272,0.05926606746097329,-2.989256576040241,0.612997860926332,-1.1121076107502392,-1.6588557658172538,1.0711148317197858,0.08180860511957477,-2.8793003704738505,0.9742296779508841,-0.22682119306670412,-1.6836145255787387,1.2599644127772218,0.04790733738357783,-2.6282668034973633,1.209461789323667,0.42288592229543953,-1.5391386238938711,1.309978501866504,0.33409180026596225,-2.2889525025710666,1.3729276021007752,0.8621827163140006,-1.2203242841750832,1.1772515905213896,0.8982123425378753,-1.9528630247942957,1.4725668856956453,1.110971552668052,-0.8258367724745708,1.0685206549731858,1.1974096301576538,-1.6131372347221706,1.6042176958064225,1.2058551803364181,-0.4120988367946392,1.0753705282580046,0.8498336643309934,-1.3267110415992844,1.6737315289534305,1.1787264247282008,-0.15057844064254766,1.101539226653728,0.28440405977340566,-1.039388707711335,1.639165072435964,1.084272396863229,-0.1065285615733873,1.0598701318978565,0.14800840019351047,-0.8169266323736002,1.4814351431794837,0.9207879647016077,-0.05499636583658818,1.0452449547686782,0.5971598491175951,-0.5604355115532544,1.2877352617549986,0.7185308940099624,0.014287874642464615,1.2179791307716528,1.0623878847656396
9.65,-0.3943615362072648,0.1473572844178873,-0.6088363085924888,-2.4618502946379217,-0.17221690071548057,-3.6824421219883594,-1.458578008669705,0.49565276783990897,-1.773200834223636,-2.878782719739519,-0.0174750895835718,-2.2739068709828003,-1.3567811423984015,0.605393222816673,-0.0963311398800939,-3.005291380365176,0.3521799688043892,-1.154636210322909,-1.5188040569980803,0.9032002154099878,0.1842283327822376,-2.8001742744949465,0.8556057035370168,-0.2319009731516808,-1.4497274944074006,1.2566476229286772,0.12696384608319983,-2.5086153622213847,1.205980167926497,0.40043336338969615,-1.3107089852354459,1.4499920099835188,0.30009766588399667,-2.144913543934235,1.4196645350488968,0.8281868497967582,-1.0508862404902553,1.4973021387888366,0.7227256695167515,-1.755311157720616,1.5673713080700802,1.0811010076279592,-0.7031952532463774,1.3735154865372694,1.1801612532971861,-1.4314636884944165,1.6538254762366167,1.1873843747611184,-0.34641560739869526,1.2716987355170484,1.275866592255814,-1.1249639162668434,1.7441392142724865,1.1910791026706453,-0.07875454358710021,1.239863663660745,0.7851457459098415,-0.8837926924333028,1.771174923451917,1.1119042848769256,0.0716168567013924,1.22060505298969,0.2325937559125879,-0.6278817636538769,1.6993206717069498,0.9824945446376049,0.08007024508354443,1.1343710130934872,0.23203349031845721,-0.4360020952830257,1.5265416235392282,0.7731150693931164,0.13883689149224665,1.0968939412146033,0.7742891581930851
9.700000000000001,-0.44635794295834913,-0.07194281359496937,-0.3532439032957112,-2.5463275186338605,-0.29125212632565844,-3.5683023207626685,-1.0933225487411458,0.5364598295035834,-1.7385162149878655,-2.897549439594944,-0.21117838496346852,-2.2271382947222937,-1.4537028646285735,0.4732824762204597,-0.36392629085489525,-2.9990121620792873,0.10553112147461796,-1.1413684208142938,-1.3630805122074368,0.6878135354732786,0.11107937955399283,-2.865288023833681,0.5478687945070027,-0.28347622005942874,-1.3595642788809834,1.0296440387909533,0.16309037275301624,-2.432617287244423,1.075863398154313,0.40558741755122196,-1.0989488257178217,1.420638036120014,0.28256117843370976,-2.031831914957578,1.3612659621615997,0.8186265040740903,-0.8808247438819805,1.5785815237590268,0.6135862162663167,-1.6132695454352364,1.5258997363278937,1.0650627954325675,-0.5772433814956113,1.5947542489596784,1.0010814833123918,-1.21343905679284,1.6432724731501969,1.1782062547856458,-0.2446006609148227,1.4547485489270264,1.3102403486296346,-0.9191238735532559,1.7135817073110404,1.1871797538721234,0.06051330128301835,1.3483246980602732,1.24369751579601,-0.6513779789541974,1.7704998634357594,1.1299898949082265,0.2047291690593409,1.2848313657925716,0.6798788485182967,-0.45348085713701414,1.77181047680115,1.0061467921449823,0.2667788912754465,1.244594598567294,0.2204116448394251,-0.23161558400117244,1.6842074999631373,0.8221681246878778,0.26263983005828173,1.1454262302448253,0.40201582295568583
9.75,-0.6893399883770601,-0.11651997258178277,0.2558892356178533,-2.7314316266403447,-0.2939489847491661,-3.471800424325695,-1.1154404919964271,0.610903289516838,-1.1955893928267707,-3.020489451600117,-0.2828009420509625,-2.1454239476675907,-1.2519321191292052,0.47722472663831317,-0.39049292405159486,-3.035159449001945,-0.05802260509235602,-1.1061920517105128,-1.3470490660472694,0.5374608209102849,-0.012399676386678271,-2.8736904328511748,0.34409328373438797,-0.27405999512127854,-1.2063837501159944,0.8178560246115754,0.054374265783357134,-2.5457836639833498,0.7686225733616547,0.35287378058080243,-1.0816384143935789,1.1632535141499518,0.23075185302239137,-1.9638615538076465,1.2439136759470815,0.8279745214587653,-0.7149260767602734,1.5458484322781185,0.5481980222261733,-1.515255882295523,1.4307811238419665,1.0643417541646927,-0.4746982469839689,1.6362479999596524,0.8717065065346846,-1.0844470676893248,1.5328313484067824,1.1759911663012979,-0.1642246383238658,1.6028899993938048,1.1603046454175292,-0.6981979248817249,1.615521922214045,1.1925459464895416,0.14187523043144534,1.4325544414095868,1.3388742770861497,-0.4378588826166352,1.6737713420203315,1.1350842504836884,0.3993307082666555,1.3209251344691813,1.1487669275929155,-0.20747533807181417,1.7092901508198821,1.0258166527971413,0.4570283043146455,1.2412897234741618,0.5670337364718783,-0.04983052937719501,1.7008201500614017,0.8413440811574077,0.45156041949607495,1.2080272795938973,0.2898138509253996
9.8,-0.9557287398113516,0.02535924143309144,0.6094952179787112,-2.897417015662276,-0.1694455330487843,-3.479075552683879,-0.9732017632409908,0.5191112270989264,-0.7442772014460131,-3.2604962534043422,-0.16860200978240147,-2.0897408227843184,-1.3476912577532212,0.5158688196867254,-0.18515440717989695,-3.1820354560875317,-0.058557918400889974,-1.044544390410379,-1.275936498406944,0.4864939339741494,-0.0904934708220918,-2.9270793896790925,0.2492987775327027,-0.2432915302666938,-1.1362934100034172,0.6507328380918591,-0.09501499979188499,-2.5665815835675754,0.645474412584317,0.36132966752868256,-0.9491555609258673,0.9661002062950568,0.07361041351982078,-2.1147274283074857,0.9767813939813275,0.7811522168941976,-0.7740853057177324,1.290103519440289,0.43045542319603364,-1.45962007509995,1.3421290022896137,1.073419562317871,-0.36221001225106697,1.61927857435921,0.7845882342403675,-1.007681012110393,1.4182424573360652,1.1801974764650551,-0.11981374995779659,1.6248767891605698,1.035686254869753,-0.5905927978107228,1.4562825076534391,1.1990994725901587,0.1862197745154347,1.5356802747178961,1.2318049272048985,-0.22858276099215757,1.5070528912619396,1.148466380443988,0.4694929074139129,1.331863491384612,1.3036786085414276,0.0001249615506759838,1.5605482966216888,1.0346311658568625,0.6880389183490931,1.2227791394617233,1.0109943088269984,0.1955671705702322,1.587003362861421,0.8589205360832528,0.6897464448510727,1.1479755330405303,0.47419654491353813
9.850000000000001,-1.1228790723549251,0.32961053410620533,0.5394957581447098,-3.0027036293980225,0.05307042995530864,-3.5701566688007724,-0.8938292478665377,0.5319732491059224,-0.9250637175168483,-3.4480855134931443,0.06379079767512952,-2.131751359540278,-1.3740003614442817,0.38696310322517835,-0.16684801647056835,-3.4302608918208266,0.1558809522978999,-1.0098693192099983,-1.4271075285084542,0.43913596862215254,-0.17321013587158485,-3.0791799142528986,0.3259074545914853,-0.19096615969353192,-1.1165312454688356,0.5226969402059427,-0.24563487313695911,-2.631615067203892,0.6392138508500711,0.3916203450721756,-0.8550883259430506,0.7723028174291096,-0.10407886853058501,-2.143205056202797,0.9520396519539576,0.7902665289660626,-0.6723646645505053,1.1130291083963069,0.25715803490843947,-1.6333310572644755,1.1426487876728775,1.0362808509574084,-0.4888519224789678,1.3946171504110438,0.6394514351984352,-0.9679754835447296,1.3665962713038882,1.186446156345402,-0.055214581956966935,1.636723713637011,0.9373992688799129,-0.5390746653029166,1.336517684713363,1.2051219835685834,0.1885205439087626,1.5552306603156003,1.1238593790092923,-0.14799075215357949,1.3173634307458792,1.1591570903833008,0.4880663136605221,1.4137670618395222,1.2473962141214834,0.18675057547685503,1.3430794967993354,1.0505128647221533,0.7537952933224086,1.1825229968014075,1.221233475849504,0.38689716914069416,1.3998920035494322,0.8674828588284081,0.9394565023116555,1.090801346989942,0.8382031556586698
9.9,-1.0505133450555812,0.7406516491329652,0.11701038238512255,-3.025357414259997,0.345463039378493,-3.6977719495690997,-0.924139345855354,0.49446272980504824,-1.6119369983194765,-3.542223752670741,0.38129026725066684,-2.2446524661201104,-1.3598193961890255,0.46412471483320994,-0.47006403937661245,-3.60480227866677,0.4546456300061852,-1.0734545233858905,-1.5180049454565419,0.29826986211648476,-0.35298257702965985,-3.2946683944601585,0.6102515007792908,-0.16243327665891538,-1.256223773038009,0.3836161047701978,-0.3737268003410175,-2.7708974681973753,0.7865997298011118,0.4401364911310224,-0.8265819026549401,0.5732754455867521,-0.25134365926224034,-2.2119336136747147,1.037193005894843,0.8201406740900674,-0.5687663045317475,0.8959251461502156,0.08160411381209254,-1.6644812417347965,1.2172871823538012,1.0460387493828271,-0.4211956435636399,1.246084946736484,0.46528050865542203,-1.1493886186111268,1.2496820636777484,1.1596896588019812,-0.23204606571087005,1.464797247775948,0.786040798370994,-0.5179380112220988,1.3241433902059763,1.2077493690573875,0.21532991857605066,1.6027007402738407,1.0210350003197846,-0.12370359958530308,1.2030247461765198,1.1650257588911028,0.46121025338248045,1.4426196135995888,1.1659733655245106,0.23733628755073566,1.13831248988562,1.0619650374867666,0.7526414481751204,1.259493998852898,1.226308664551596,0.5435750131824424,1.1480444939500822,0.8821067181786564,1.0020489817456415,1.0148096059700595,1.0952125340781407
9.950000000000001,-0.9701094245154624,1.229036488084003,-0.1706516265907038,-3.0318091282392,0.7527967929127,-3.800740305229061,-1.1008816143222138,0.6856416074320791,-2.332575022911528,-3.5294507365450767,0.7522143095135236,-2.3826722770585405,-1.3690574477910569,0.6204369276438273,-0.8274437917512412,-3.6717701754500665,0.810377844082959,-1.201967677682878,-1.5503471248722205,0.46071730844178127,-0.48117912697590126,-3.430080745272146,0.9328467256808048,-0.2324443471556925,-1.3345425598061453,0.2914148112039481,-0.3821973831529478,-2.9248992873627166,1.1075232328167184,0.47044179666830055,-0.9109272250341642,0.40664362828765066,-0.2284609941791481,-2.32436669769853,1.2407727618501285,0.86599537106688,-0.5090742233957402,0.6682523768918158,-0.027529380919584456,-1.7294927849762365,1.384033868808796,1.0734972439173585,-0.320028030757723,1.0258770505532828,0.2928013185868368,-1.1793266060319718,1.4128514667546188,1.1692341013424035,-0.1950937965629146,1.3520102872953343,0.608538254935508,-0.6941782988769285,1.2939351643131491,1.190220606764234,0.009307211025616713,1.4955343540075967,0.8704560368063907,-0.1225810387281312,1.2278669457916047,1.164573937387481,0.4587207276714428,1.527326623932112,1.0670587359741917,0.2343174644779844,1.036366844144121,1.066888694558054,0.7041356311877641,1.303303708578658,1.1851466329051374,0.5637534559051782,0.9404141665443211,0.8925044866106969,0.98368969997839,1.0941978025207642,1.1780373497737502
10.0,-1.0360029951273302,1.586039130369995,-0.24028741177288718,-3.0751419016211834,1.061021397307198,-3.903293480483077,-1.1763278606813774,1.1178724746326811,-2.4477541036732657,-3.5048127806340656,1.232121405190858,-2.5110973186373378,-1.5604892124774894,1.0520926216989204,-1.0230332975503333,-3.626779994628031,1.189230247826214,-1.3488858151027028,-1.5353125473735472,0.8217178040977685,-0.37983932016776667,-3.46177527727876,1.2777820995748357,-0.3641845885921069,-1.4016268792474729,0.6078984891965493,-0.1884768174153192,-3.0049169429959077,1.4184214375306592,0.4064087372091396,-0.9693287895317173,0.41927029412816585,0.021190484588664238,-2.402064555295964,1.5672779226781763,0.9004510216452444,-0.5416558125253026,0.5475452925302502,0.14220273707988584,-1.8067345727179696,1.6249477411387758,1.1156807920378398,-0.23617753848897305,0.8143451732550577,0.20237413786546954,-1.2353875771006617,1.6437135510860923,1.1921957648954595,-0.10662741723505142,1.1483110215416632,0.4256237224463737,-0.720621506147916,1.5280208542131124,1.1986778570550904,0.02327020870083818,1.4191617499698157,0.6840306856592235,-0.2839706304159062,1.2804837200632058,1.1545286765264728,0.24331825666576812,1.488681380721969,0.9196392062163402,0.21535295630033424,1.0934574079201953,1.0647076490063518,0.677733984167278,1.4227567507956662,1.1022114962040175,0.5352234050965077,0.8546131414725311,0.8966804242990991,0.9175031324221362,1.152438151819433,1.197636925499907
10.05,-1.235480294685645,1.7314063133299955,-0.018951314879717712,-3.1630093815194327,1.1885663592027829,-4.028584867385368,-1.1059535900385002,1.2959961677350187,-1.8023071664007726,-3.5662025360491723,1.5178934900566166,-2.6372002115576776,-1.6700641452685265,1.5309621712762982,-0.8579444037756827,-3.5725994657509097,1.647392138204351,-1.4829240653290132,-1.687148916587904,1.3990716676348323,-0.21401509724627577,-3.3930626959304155,1.6112172745602082,-0.5099831619026995,-1.3992525044802673,1.1113171175161702,0.007662274586251683,-2.9986529089884595,1.717287931310949,0.28485086724255426,-1.0795621943388518,0.8962111202334457,0.39673685861206687,-2.4201924497654304,1.8405164253355721,0.8499212528352107,-0.6224682252489473,0.6604424813262431,0.5553088639318777,-1.8060173291049386,1.931366811151931,1.1534037918496864,-0.24614724099639496,0.7590544998641304,0.44656113997510327,-1.274734785863707,1.9023327301390136,1.2293918535274262,-0.013304816302305511,0.9705147183909251,0.32524957042572533,-0.7650152922833042,1.8024339936013156,1.2160920516423657,0.09429366575666631,1.2387673183647219,0.48009259020024164,-0.30603823602493474,1.56511671966725,1.1614400455463474,0.24269225289521645,1.4430009744206802,0.7231454310260789,0.07539458686230294,1.2195062625903352,1.0606189497336977,0.4684444981766659,1.45073883409403,0.9615271514326023,0.49758896627823734,0.9370643452526961,0.8944330449785515,0.870444971657295,1.300596024601087,1.147453995200002
10.100000000000001,-1.4178339219280076,1.6766901607832034,0.11553374609466163,-3.2235141571451154,1.1675506156827176,-4.148809427936147,-1.1816359699538208,1.329553950283934,-1.0905538589877843,-3.6923628126541663,1.5464574502898687,-2.7469552999280586,-1.5790136456224513,1.6312310231399858,-0.1694250567393749,-3.632692279797183,1.869597998190442,-1.589897591044055,-1.773807253148521,1.8522929377359927,-0.013794571112711429,-3.314925476307129,1.9827223746743394,-0.6280276296063325,-1.4945044727502061,1.7058005710091821,0.07969010514445951,-2.9151651720726113,1.972731642936516,0.15369169499786062,-1.127470625104773,1.4329450084442552,0.40851585435269316,-2.377407930963824,2.0722562709472614,0.7487286284316874,-0.7804659628544002,1.2228485349680223,0.9937391602247345,-1.764416582253041,2.1506625854897266,1.1189617255409434,-0.3813039222890495,0.9177140433252693,0.9404324898193379,-1.2029978611049996,2.1697079405767594,1.2681790360019929,-0.016981098740664446,0.951108694741372,0.5851283368872796,-0.7681623531205162,2.0609154833671983,1.247592003785517,0.18973915075301429,1.086945374120733,0.3501975661055141,-0.33808828964064563,1.8627019835201697,1.1734709338979887,0.29718925696632714,1.281777386986058,0.4964882615536147,0.05768366831066185,1.534176371005782,1.0659902237754366,0.4598976994315895,1.4272098082015165,0.7595447134883717,0.38302045528376905,1.1234135091569541,0.8952959306822041,0.6777053433686591,1.3899724219687153,1.0220771737134373
10.15,-1.410534207536275,1.2910928157654553,-0.20548177398625386,-3.225987811229283,1.0485774174680973,-4.3186929484547925,-1.2163449840961125,1.2711647683820126,-1.1506924864209678,-3.7663386380093145,1.442766128871642,-2.842240744427472,-1.5341289908956406,1.5929451256481313,0.27902882309014787,-3.7569066579681953,1.8242615523331374,-1.6505224962523235,-1.6678257043175235,1.8845398182685276,0.1681882698223478,-3.3558506748208528,2.1221962966967745,-0.68712093153529,-1.5109379917776562,2.0880080199573414,0.05819137976137323,-2.8193065298303788,2.222423936062512,0.06898197374345494,-1.1539999748353476,1.9401339528390784,0.20465397571539426,-2.286580592133105,2.235618690977943,0.6436083676667925,-0.8803537088061502,1.7028581173587918,0.8508888336963785,-1.6899635201667174,2.3064355844002637,1.0430748791569555,-0.5607623845441627,1.4771954740837652,1.4094358763891823,-1.1102778662430879,2.3271801470287112,1.248694253016046,-0.1865967678627567,1.0970273864131874,1.1151156484154174,-0.6384229271210495,2.2770217249445057,1.285090264298429,0.19922800186326406,1.0616694371101056,0.5871218385840161,-0.3094952831892561,2.1063809443014225,1.1992853256838447,0.3953462989138631,1.139697706106758,0.329616580010494,0.03735389632627317,1.836600810668072,1.0736427232252916,0.5013867589253383,1.2781548568426828,0.5172394380364299,0.36925570909484673,1.448923180460957,0.8994262599975931,0.6656686111938004,1.3809878298607492,0.8251025308782352
10.200000000000001,-1.2133394924674783,0.8438336636417371,-0.6306867993364029,-3.2091482689348783,0.8298817698374439,-4.3991428904535645,-1.3422874632873083,1.2064498351649908,-2.016227442700298,-3.7562594314594344,1.25858442727933,-2.965004943977505,-1.4785446153090258,1.4302315766986997,0.08229598594537624,-3.8207652555361515,1.6763756044851075,-1.7053289772306301,-1.5927231878131516,1.7860528224519507,0.005999055618873594,-3.4437447521224884,2.0328750849134325,-0.6839662584336725,-1.3901682346002069,2.073004253839944,-0.08285578628979196,-2.8271365654791714,2.2747347489409764,0.06803836032935218,-1.0720135828751352,2.2326310841081862,0.004749527200289788,-2.178791862038092,2.352831607682684,0.6012733229816891,-0.8248107496846839,2.072963516782158,0.48199915296124307,-1.597593928341472,2.3776618820592343,0.9698701848702107,-0.672550470649143,1.860311102629558,1.2191894603624829,-1.011612315084216,2.4072348707226032,1.198036963861604,-0.3402412709101239,1.5992394391940403,1.6119686196310248,-0.5069007914369417,2.3712287077403182,1.277330229097472,0.04284921506233208,1.1567999594682226,1.1231181588068868,-0.13698998775436788,2.264874366619263,1.2334617640200607,0.4314948708078684,1.0784905108489937,0.5176904442312048,0.09186965545485037,2.054446909970289,1.0942023531509504,0.6055677300956267,1.1352005984327023,0.3178007042028611,0.3593612621296316,1.7407294042073396,0.9040000999435344,0.6975013974955085,1.241398024115417,0.5822925689502404
10.25,-1.0463402640493529,0.5798853600627838,-0.749550635536394,-3.156751772255344,0.7098667475441056,-4.398636623731078,-1.2681829187243123,1.2171992230524369,-2.5524422264988154,-3.664029805742992,0.9851138660547765,-3.0390378542160876,-1.5175213641647658,1.2812854802595646,-0.5040442762282589,-3.7857569388758128,1.4754591910733428,-1.7760417993402822,-1.5144396405060911,1.5711212477298822,-0.27482949846427296,-3.47824316810295,1.8778938287174096,-0.6929088226886115,-1.3618783442136344,1.9386179835989883,-0.2803368725011749,-2.8545418463107852,2.166078425161455,0.12975208792063597,-0.9804639186342747,2.1929075755715313,-0.12106965742989922,-2.146041863660768,2.3238269584792004,0.6526960509490509,-0.6499729267576986,2.278489538066987,0.2761054812950075,-1.483461092524534,2.3694427644694116,0.9697792360125757,-0.5357443676317393,2.09081466149633,0.8187441418700422,-0.9224904589535132,2.3952994124165894,1.156608861996531,-0.42098485106222183,1.884017492497483,1.4428908565016045,-0.3929682025300618,2.3816394086116555,1.2483524603428302,-0.05279793681008749,1.5815934797178268,1.643749720295403,0.019829481840840657,2.2988094441304963,1.2334600972791765,0.3218036726786788,1.1056582072742034,1.028526165940174,0.29201784480626714,2.1537350330421523,1.12340765889698,0.6742096971186082,1.0266983755629437,0.439716286586771,0.4335450352701642,1.925299735874808,0.9197874380123688,0.8102032800431894,1.100154998633478,0.367479716323059
10.3,-0.9061702787115847,0.5459045609517679,-0.43890778854636053,-3.09488475916869,0.7145366296851918,-4.299262234260033,-1.2205892932436215,1.27545579333407,-2.1244018727896057,-3.5671592005144026,0.9057985190413786,-2.9954110570846146,-1.543470226080169,1.2321630772270555,-0.9285090632558006,-3.6462065379921516,1.2309168295511297,-1.7771948674013305,-1.5091678951827436,1.3512404540592513,-0.421812308921675,-3.410063442997613,1.7009129581575788,-0.7152608888853296,-1.3396594568484694,1.7111158161475357,-0.307003984662634,-2.8460708070829277,2.0319940609660048,0.1595811668071323,-1.0803463696370001,2.0528130839808125,-0.04639890062497992,-2.1022997509112606,2.213878528161337,0.753847886086908,-0.6393793125328271,2.2343390437601784,0.32165232761516693,-1.410489598815392,2.272032816645644,1.057799715406439,-0.30082754372348974,2.225715438753674,0.6725473815415973,-0.8078712469851723,2.2795463533921034,1.191436132745255,-0.22765182275895057,1.9987459222687065,1.0729203443271405,-0.31140679572355445,2.3001374879086267,1.234085272042399,-0.08922505244422085,1.7840929728287762,1.5297767795815522,0.13981871564211268,2.24879261706056,1.2209538310620283,0.28660173172138914,1.4505696714748213,1.5588538032246517,0.46127617653806574,2.1332299702162527,1.1273643457571696,0.6182441257991451,0.9831505324848213,0.8868963136250415,0.6475822600022862,1.967590938836421,0.9426945815412738,0.9074693637737703,0.950976500721648,0.41508784388166187
10.350000000000001,-0.6600372155746621,0.7996114530092834,0.08563889530465363,-2.9957535396598045,0.826121600355787,-4.172175346951088,-1.1565045290130505,1.2012231251186982,-1.2277968948752673,-3.4424293608806833,1.0049749250079687,-2.867636134871654,-1.4396250389280567,1.1828016875713185,-0.6358361394659964,-3.51014618446972,1.2141353891152518,-1.6946080995275392,-1.5672624124167265,1.1652315772601374,-0.34928897324964514,-3.2168885279880177,1.5363681858588096,-0.6569356876273535,-1.3409511212608973,1.4350719383943304,-0.27765723694637884,-2.740523930924801,1.905998084882936,0.17258795483635847,-1.1783739558736024,1.841207998046315,0.1482276636056553,-2.045979048291775,2.1183799722711494,0.8065253208022805,-0.8800562121460251,2.115721611143375,0.6285601444030449,-1.2990773171628023,2.1733551121684824,1.174279549365218,-0.35221344881333816,2.193550335852342,0.8362716508456152,-0.7021061998442946,2.130727867965816,1.297111961343107,0.0321230089401896,2.0851558055514765,0.9666844350562407,-0.2024698578709616,2.0997367155564706,1.292666177776477,0.12470829632287961,1.8160760420605144,1.2089114755824608,0.20989658212767548,2.1127782184571764,1.226978403736853,0.28320294445191363,1.5894410902529295,1.5194013560352244,0.5789123352320136,2.0333470751745963,1.1259152553251108,0.6278673734400638,1.2501947434248128,1.400367194318299,0.8181475138846173,1.900307238804364,0.9474635303423606,0.8956077613055631,0.8433283177330433,0.7508555289659262
10.4,-0.052200162919841454,1.2060066757398449,0.14772123322372668,-2.6729343063345423,1.1635285603622991,-3.9960392780389813,-0.9699606545580934,0.9657443463867776,-1.5771279182331122,-3.2700368121409396,1.21496766451894,-2.7428752320397485,-1.2839885368216373,1.0280784192380892,-0.51383564908061,-3.3375382385487917,1.3917952359613617,-1.561328858116966,-1.4287892761842749,0.9684169291311293,-0.352781688114157,-3.048724419147848,1.5918828628163206,-0.5521255062854058,-1.3793137145976964,1.1184540890453762,-0.43377004544483166,-2.4941177256985814,1.8470043190860408,0.26289575386817754,-1.2024951419039005,1.5443012330198265,0.1157467844860107,-1.9058211261344704,2.056467588414721,0.8366988434392586,-1.0661067078399113,1.9405036167718808,0.9221599217229902,-1.1999855548600635,2.1249141430535734,1.2317587277283049,-0.6298402123397644,2.1152003093033813,1.237959719853016,-0.5375678040701493,2.051732011300764,1.4077165782964651,-0.009377994950761859,2.0770553534665126,1.1548026567208551,-0.07585300775160952,1.9177783250067004,1.3991358949572208,0.38499841062111334,1.8754941806769245,1.1061940523541738,0.30714887309115646,1.8514199806247422,1.2975229830203217,0.4886280509437907,1.5699296538223146,1.2558087461761345,0.6342585340009554,1.8574963824509938,1.1450437519261762,0.6397825850850883,1.3385041847195476,1.450882303170668,0.9265889188633558,1.7615173489705604,0.9523581878614434,0.9311036205280425,1.0321060814109915,1.2038033632558391
10.450000000000001,0.45274269399724626,1.602409207679424,-0.02609925315754094,-2.3815128218245496,1.5194703935360376,-3.878919400226052,-0.6739855565645845,0.9345481435107718,-2.010430543562811,-2.8129836376066564,1.6876420707250084,-2.597337521910735,-0.9301836563300847,1.0072927024890834,-0.8838573562154459,-3.128868928560866,1.6583141873158658,-1.4746924342733303,-1.2089073081283979,0.8277855178507434,-0.6311255747786719,-2.850115578703054,1.820020022203921,-0.4360607024614227,-1.2265077347195934,0.848555839199459,-0.715592880708261,-2.305451323527792,1.9701701771706892,0.36692810856250535,-1.1565923754457754,1.1660974216371032,-0.20821911778413282,-1.6183584750553193,2.1053694879904694,0.9283734042662584,-1.0416528348957699,1.663536242950633,0.8390918007857671,-1.035757389835159,2.128351851542032,1.2620362217577519,-0.7863910053084242,1.988445032584583,1.5414433963439642,-0.40848428271174075,2.0516670979280627,1.4557558180368657,-0.21210927328405682,2.04926160543814,1.5580296835826113,0.12149857879966586,1.8636037174812836,1.4899381221763797,0.3979292055053545,1.899002744627452,1.2541995377558146,0.4412500622235749,1.6535354742841335,1.3927466288946238,0.7349504394661117,1.6185746495004358,1.132830493409768,0.7147194388564237,1.5572337734663266,1.2173646449050772,0.8204745299718095,1.2896788415137483,1.260388292106255,0.9650739286977972,1.5593331241062236,0.9783482214261069,0.9443465114789711,1.0732898982493877,1.3544753193241978
10.5,0.7162636718555974,1.994116507554911,0.015624844779114471,-2.1987501935742015,1.8106162155057648,-3.8389610832935204,-0.14576465590174914,1.3770427805375762,-2.3005862684721183,-2.467753889116433,2.1019322246011063,-2.5687609622578367,-0.5530594411385474,1.3169961532973153,-1.0600790939400964,-2.6248256400072023,2.1616118021732644,-1.4129768163351974,-0.8197271724716695,1.1116414594511093,-0.7043953192158176,-2.64794857448583,2.0973642182962537,-0.4034834187657488,-1.0010160760205657,0.8185980404700117,-0.7686674977364669,-2.10672392324339,2.216845223172368,0.4508401406191176,-0.9677649511722279,0.9160898015531176,-0.3355560716776642,-1.4274358569256274,2.2801144103780513,1.012465909861875,-0.872044215870184,1.2872083613113334,0.5191412444706112,-0.7302439261257199,2.270240534423509,1.3321698548344352,-0.6419561727396388,1.756365493152083,1.4008712117605229,-0.23583977554588298,2.1134185417129703,1.474954996199247,-0.2719283414133622,1.974831788880282,1.8326825238120787,0.26443795539364157,1.9083396686557408,1.5208907759046497,0.2970431219945961,1.9258138834623169,1.6115858967182102,0.6505085504796959,1.6264889727688159,1.4577598279450459,0.7994888495464133,1.6763763537838963,1.2088760394941063,0.8440627703101278,1.3579929293980597,1.2946562423847219,1.044456565404003,1.3358883052710164,1.11584583485646,1.0252275878221795,1.2395072548578523,1.044974500158515,1.0941279420052485,1.0032895217594415,1.2684787376649598
10.55,0.7191583841213548,2.2576284477491844,-0.08920492221609663,-2.1255478013611495,2.051143547826031,-3.882382091439043,0.12702047210903045,1.7737454573191576,-2.1773860325251437,-2.339264074988092,2.3805306288947414,-2.594867857935724,-0.09245639525720772,1.9056432089644781,-1.106319785641056,-2.317602317702998,2.54427603592128,-1.466585720721879,-0.41001045374553513,1.690395421932666,-0.5646016917349831,-2.18542459282808,2.5412350854792365,-0.43871477087108035,-0.670356692500764,1.311976258983551,-0.5329892112399505,-1.948641896778649,2.4666218983661325,0.43395432141851265,-0.7738934780970421,0.9989111980405034,-0.21464141442438966,-1.254837547681027,2.5155143988293704,1.0612663699996827,-0.6337305412627301,1.0816627181201488,0.45486788526134125,-0.5585844726962774,2.4745095802150296,1.3875204455193235,-0.3997288871423821,1.4031608382600316,1.0566805235429442,0.060240152788910706,2.3238770649892215,1.5135639812912982,-0.03763012627657414,1.7925303523765241,1.6231825846793217,0.4290516223691476,2.0167985817562273,1.5250032867098762,0.3143823601638932,1.9020072308947438,1.8471066058147914,0.791943586573236,1.70945870220093,1.4702692650444227,0.7699942264656632,1.7574861244079376,1.496637632690401,1.0472819082695484,1.3577622941625789,1.3341508023810367,1.1363970204971665,1.425541976284338,1.1150325097614593,1.1402821143801223,1.050004669740241,1.102194475738682,1.2912779861015782,1.0472130445111767,1.128809010669356
10.600000000000001,0.21033795932964447,2.495247757368646,0.20509149339876617,-2.340201816870071,2.238057921454193,-3.995201210248312,-0.011704405875277324,2.070320360698312,-1.7946056313189236,-2.410158192289169,2.560347921973991,-2.6646515891810294,0.10920801316477347,2.2838161564260933,-0.7871639984065937,-2.287513709157478,2.7608979903404185,-1.5288887676444318,-0.01037333647586891,2.2965201677114324,-0.30989081993459355,-1.9837076901061934,2.8294182714897254,-0.5452598225543759,-0.24539342246378615,1.9907659969013434,-0.2738368415626267,-1.5974686008871197,2.7917537997646535,0.3244855765591148,-0.4976377646821972,1.515434594269532,-0.006000219243313398,-1.166076682699364,2.7117362129181766,1.013195368864217,-0.4929223085040475,1.20725972230341,0.5574419706807401,-0.4331715034679062,2.675709224892635,1.4084677872602425,-0.16402734763220544,1.2106940516981495,0.9614063300772057,0.19366110469665188,2.535443839574003,1.541948479312616,0.18866488342845755,1.454153713021175,1.224504246769863,0.6909118587722762,2.268881680474555,1.5337773368591745,0.5638251997488977,1.7646793121953217,1.5791896846304465,0.9348912127417153,1.8513963534412925,1.4609443003879607,0.8187269294857332,1.7801639563597036,1.6945412802486446,1.175208783203101,1.4707272234030577,1.3311670283032289,1.1396329457393202,1.5568860487043115,1.3208425526836416,1.3241720900380471,1.073853094332532,1.12023088285457,1.3861471793978175,1.1612791408355998,1.068828733180217
10.65,-0.46201852060580534,2.5672232142327474,0.3692923965853738,-2.6947324829404207,2.2885518032200336,-4.086775321139137,-0.35154037575301134,2.245268741778189,-1.773363020927936,-2.8453241326086753,2.6621451958161457,-2.7976305605435345,-0.16793562392706196,2.4813293088983532,-0.367050498181666,-2.4879593593809535,2.854292305934578,-1.5995857452892437,0.12018681932916886,2.5923271950160682,0.04990150044668451,-2.067320417852203,2.956390094483925,-0.6145751354553664,0.11985915085329779,2.5117944125804263,0.05999849598386686,-1.53607651916293,2.9539939993712947,0.20244863733242413,-0.07296084455449625,2.1454148461809757,0.07161524158002897,-0.9663492174623656,2.891259674070472,0.8701554778306653,-0.263613680901303,1.612678031608589,0.6434030616623975,-0.4236162659363041,2.8058038017368814,1.3509078525601104,-0.10064800376894428,1.3082133393979893,1.0375945805371694,0.2597817039278505,2.688434941571385,1.5470234216396428,0.361028982199819,1.2355223795569976,1.0860878300560275,0.773841940299631,2.4692693741411684,1.5433687537513496,0.725465891323156,1.42994484622593,1.1270959235513842,1.1449578203594912,2.120248890774936,1.4484558988531526,1.0317411193273684,1.6845060963894836,1.4036771997263755,1.2874998442969643,1.6331131263520082,1.3131171432382642,1.1855217415862538,1.6212349226832583,1.4849098940037773,1.430888522459841,1.2077072839736058,1.1067529226976902,1.3941081840760132,1.3347292475242378,1.1855639167778693
10.700000000000001,-1.1039676744798264,2.4360474501681346,0.23867141516041068,-2.9962990861912298,2.22789890469795,-4.227016061851336,-0.4404475867267479,2.1319157677642893,-2.2116515086013178,-3.277895612773707,2.5854835080824077,-3.037211508370148,-0.519240718335213,2.505265809726669,-0.2946814526579926,-3.042493639882604,2.8493948307953,-1.7070350007921364,-0.21677677841575171,2.6587310611254176,0.2161033633907523,-2.362875941468392,2.9559248035704777,-0.6663580437430938,0.22700704955464168,2.703062215067253,0.3401450635196044,-1.725256799606667,2.983186294201494,0.1477272628529902,0.27203338759643025,2.5449419626064897,0.22708608612398093,-1.0492602779904026,2.9221031394789274,0.7646210853588964,0.10969947176763517,2.1183978864896873,0.5485172591327623,-0.38411062540638863,2.8395479396978094,1.2133266513950824,0.03729706035484315,1.5571631265820793,1.1009481928721214,0.19354962171199475,2.7508679091787913,1.4969568995053073,0.33696868685735903,1.2642612292714448,1.1704483758811355,0.777854681169261,2.568228233711354,1.5438261150858934,0.814613759864164,1.1654534652911415,0.9587058223637347,1.172921448487143,2.296204066234827,1.4489086553629376,1.1198686149857429,1.3554731134675846,0.928296713325841,1.4366609560810017,1.8981552544863423,1.2898580628796712,1.3398942898650426,1.5698835030570317,1.223661380594023,1.5084653974547146,1.37860295336787,1.0854363775581695,1.4187427671091601,1.435396049768069,1.3110751812703625
10.75,-1.670145684114322,2.0648084450095863,-0.09541303656755767,-3.2572136301890264,2.018715536793626,-4.4772092587223264,-0.9355298387053073,2.0128212961261416,-2.759482333941353,-3.5775420414534187,2.419223340295392,-3.2540793038947644,-0.8853504231649922,2.258500873152663,-0.8619541594255686,-3.5212079236122706,2.7006675083766396,-1.9068645645803528,-0.5856383134855592,2.5869448111331264,0.1544235896063073,-2.9354318990580053,2.8445305846760576,-0.7128081110914875,-0.042488426250763656,2.6455162046842013,0.40650901209976165,-2.073187096321756,2.8955179575504975,0.12510818342533092,0.3944237886798958,2.6406417963474,0.40831840188549945,-1.3197142344082646,2.8602784024739267,0.7355858458980813,0.42063125998586104,2.407581713375218,0.5176941014626846,-0.5921321838366289,2.7516297829174334,1.1424668560891749,0.30302833812062613,1.9208891553393095,0.9876147191388656,0.08791000571809704,2.6557805595305166,1.3900768022092302,0.3468329759407591,1.368475144861328,1.3062945828918082,0.6476995061870605,2.568630505359216,1.5102022457506403,0.713907381805838,1.1119892990758442,1.0797302728993388,1.1192215131668526,2.3413360528940452,1.4522376793578688,1.1338948378470763,1.0498131102771127,0.7487541253041153,1.4117828120999398,2.041451652546485,1.289013066302187,1.3621909865881214,1.263768065711619,0.7776813352945866,1.5952394892806554,1.624101314448817,1.0604650816506944,1.5097612948524006,1.4345289249406652,1.125126729636291
10.8,-2.250784439780144,1.557607362877372,-0.1623226229452361,-3.697187094122314,1.8925457962204606,-4.297087267371753,-1.5210363056885905,2.035561543699869,-2.763198386224966,-3.81638097757516,2.1227437881571074,-3.469538970629993,-1.3974915693650334,2.0294174451542717,-1.4771807538965842,-3.826150005784501,2.4838814436975176,-2.0776645757367107,-1.1544230954063686,2.279299656560369,-0.10070001670966922,-3.3812426674738205,2.639235597867026,-0.8288720949195838,-0.3179979401478583,2.503674178470943,0.3582908830217493,-2.579182158674027,2.69159530441751,0.1518119198390444,0.27066542279440764,2.4863079683129903,0.4727742962069027,-1.6767954395064422,2.702029839077121,0.7426622314447329,0.5580190193344352,2.4340753109632303,0.6347086395655772,-0.9114200551294438,2.615473334479042,1.1398228337258764,0.5577437384990069,2.131095482481844,0.887004943322956,-0.2134673220335337,2.4717318517475118,1.3571954829715294,0.48910663091392625,1.5974979508065559,1.2824153192280026,0.4248776826867884,2.369536723135334,1.4430012843300033,0.6002994974568361,1.1034393238874045,1.3389355799750953,0.9406362621252473,2.2889520960996124,1.4367386048923674,0.9760985489723562,0.9178276094176017,0.9167275302221529,1.3092609441543557,2.036796086404781,1.2984303783322941,1.3177007131791105,0.9387613476225871,0.6024104651516352,1.5243382219405088,1.7307224868711424,1.0630838717679851,1.478647641598358,1.175947237057178,0.7680069145622643
10.850000000000001,-2.6127022207652226,1.013249899417365,-0.18140450610201314,-4.050155443800354,1.577626733036353,-4.19815580501313,-2.38116797884006,1.8291102673671806,-2.7090889693175404,-3.876519801728313,1.7045395418309683,-3.8227234011102604,-1.5864474241703022,1.7812773040846523,-1.9128220445537265,-4.021600404898744,2.1417439735230848,-2.214417339420902,-1.630264489066493,1.9615656831334887,-0.4498517228299952,-3.6453545196896053,2.397414871339004,-0.9264289626713351,-0.8768765124839546,2.1760061232341554,0.23207890604342585,-2.9268950806738925,2.4498351761054447,0.13175211404609755,0.13685656329895846,2.306604225225348,0.5245055221237618,-2.0560860553321048,2.4285489002589262,0.8325459012059055,0.549971908082294,2.2201782701682227,0.7289868668164783,-1.2402555252475311,2.409032849964352,1.1696231300070925,0.6856871904470918,2.1209310693081673,0.9768715357991928,-0.5485729368488546,2.2829105445911484,1.3743388224130504,0.6831304697473373,1.7610878487285362,1.195712061308178,0.06491914743817162,2.1154711013539917,1.4407818340391465,0.6430359478686569,1.208338284572989,1.444787618543374,0.6322402852502229,2.0121410964311113,1.4058661974888165,0.7679147888808087,0.8242997014421114,1.2997806367964182,1.0981160395945366,1.9421062871578223,1.298114959321408,1.1223119912666844,0.7407710322958392,0.798449005626856,1.3842019467535716,1.68263346622902,1.0785133702863463,1.3930995006431193,0.8584451612607218,0.6052305197304797
10.9,-2.4888509405621915,0.5061538129127625,-0.38050672937081276,-3.8206147923360367,1.1753522520074555,-4.513218722967663,-1.947127872843536,1.368314262413911,-2.5858966878372867,-3.658774530537676,1.188464887107451,-4.2923080895272445,-1.8267491619700573,1.2187431106037325,-2.2584814077686883,-4.052580576321829,1.7120592941277217,-2.44205113501063,-1.9792001981715606,1.5881570836510095,-0.7063632481580655,-3.765950369062878,2.054025441156495,-0.9726267831823088,-1.2929318583460008,1.8240775015473425,0.03893267786027654,-3.110341236399594,2.208751489440802,0.11061644446256569,-0.2838054074713323,1.9924466846169573,0.5363649161805533,-2.2617890226049875,2.172562083253924,0.8920303078069236,0.45443969897086234,2.0348759108511945,0.9633022453498677,-1.460654888535422,2.093925329132955,1.2991041816682114,0.7056576860341681,1.8870211363195202,1.1045728543947877,-0.821795991777523,2.0522042640982208,1.4163276680197345,0.7857349961260878,1.7436306064896694,1.2696195595969193,-0.25775976376126053,1.896439329428793,1.4681049852371575,0.7928130177267949,1.3467202320069596,1.4043886996513153,0.24534065313472908,1.7134289441357946,1.4222641499380284,0.7504806156748989,0.8110184278949819,1.5249779304455575,0.7339691329497322,1.6120648065059533,1.2937852176257258,0.8530904187920957,0.5744993493005186,1.254727438777475,1.1551707102482078,1.5561630968695586,1.088524705003671,1.1768127859803776,0.6103670650003901,0.7838895990995118
10.950000000000001,-1.7970037550850109,0.11179294133424728,-0.8056780759659659,-3.536264918145795,0.986326662720185,-4.617724431526479,-1.9188872550860667,1.1514197665071468,-2.7812952169443923,-3.3641694376703946,0.9355902893348358,-4.474866605234933,-2.011671212593903,0.6726044033906182,-2.6421375185827607,-3.848242189434643,1.2422618175731353,-2.714100804704316,-2.456090700078993,1.0662746903816773,-0.8106491510949339,-3.765004214071457,1.6727478551286763,-1.070587326843906,-1.7506356466308786,1.4595305410994217,-0.0003259774549355665,-3.1426820482941142,1.9034215970485646,0.1388602367027647,-0.688846348828152,1.6636137467606726,0.4812855480393486,-2.3383775149664032,1.9557484230363749,0.9293843359232179,0.11369344362779454,1.7603348829521566,1.202707111558827,-1.5070120659771558,1.846131968499553,1.4057460048694437,0.5004194925840428,1.7239794815560925,1.4964179434283809,-0.8771794172312841,1.7240439544516613,1.5587286102669895,0.7854636664412433,1.5238193554053758,1.3957522562369458,-0.45932730818804224,1.663413162792955,1.512063137182006,0.8745939114219956,1.3411875969645703,1.457004013153628,-0.043955677648366276,1.4844943767149432,1.4508079999643109,0.8809772048492631,0.9295464360963965,1.5356803106047996,0.3459209372643679,1.291163633012014,1.3168725716431144,0.8124979801352598,0.44634753376513414,1.556243511775706,0.7612386600637233,1.1945780194905016,1.09951077150021,0.876191950930507,0.36971149149621996,1.228672451139757
11.0,-0.8030656745775508,0.03422558437558984,-0.8485068992579206,-3.030329856442715,0.9236527766774372,-4.405421104642886,-1.8547179976217727,0.459495298748807,-2.9875221940201566,-3.0910688701695355,0.8486372142603129,-4.444996612876061,-2.0011673218423924,0.503661004731414,-2.7322878298760744,-3.5652434681670497,1.0506068235403596,-2.758096724097887,-2.284770468241491,0.5565045328525842,-0.951785970573193,-3.621966988906977,1.3134633046569255,-1.1767697312463143,-2.5341633116186837,0.9728991221514245,-0.17954174255265698,-3.147980007509461,1.6192487426530466,0.13213548406423525,-1.3611835440485653,1.3485881142043064,0.3464641129982383,-2.2821346181864577,1.7185803753695095,1.0030393338895283,-0.4007612208947875,1.4877273395561001,1.1990876685975864,-1.4701142543655399,1.6726891970022233,1.473296725268598,0.07684908863397899,1.5074580032718052,1.867825538468817,-0.7717576764154588,1.5044148944950475,1.6786110607626492,0.4628697048120882,1.4034913097388357,1.8327477365977078,-0.36321490439862103,1.3475278469656005,1.6454354425404794,0.8663742924151563,1.1585172023464214,1.5436358945966286,-0.16802752682604005,1.2668488067819061,1.4892795867479591,0.9571853272786819,0.9425975242748628,1.5623738516970205,0.10335900732466374,1.0688553858673477,1.3403956567898823,0.9456751624020512,0.5371452234438516,1.615223301411421,0.3915495925717982,0.8702557464011729,1.1203029978322676,0.8401168303284976,0.13399311012598303,1.5473843466528128
11.05,0.1110655798775127,0.2673104576137329,-0.7345053072861564,-2.576188704757265,1.097048372467481,-4.140096706582838,-1.5429220210525894,0.4451185911060115,-2.856112318400625,-2.527261518881505,0.9256414759017545,-4.123343913042659,-1.6504402950735686,0.05524067370286245,-2.720098332113053,-3.2398976850524974,1.0306255726324975,-2.6651142110091097,-2.2365119578235677,0.315687296653235,-1.0752200088124861,-3.3477355456519975,1.2071321606062306,-1.115706088998052,-2.373896591978359,0.5090793090781176,-0.3672120160671415,-3.044744156195738,1.402628739630913,0.16663658067986198,-2.357417229929097,0.9360852297551456,0.0895624792354943,-2.276352435800213,1.5541060909421596,1.069099180080768,-1.158332408912341,1.220047508412544,0.9050672108230102,-1.321254537429919,1.5189506453523787,1.5656795475414298,-0.551574684099593,1.3116744074095856,1.9224947547707667,-0.6332155041340304,1.3870872653708255,1.7494729386883268,-0.053351943773874755,1.2555775699544438,2.2175332181972385,-0.13080512298885516,1.1711544593727485,1.7528156074853896,0.5329369286037456,1.0930593991456277,1.929852695520911,0.05436176849754837,0.9827715247237279,1.5997508779237735,0.9715422827314932,0.807860732649991,1.5935710400165246,0.05469063062309765,0.8790556029407315,1.3694279069135722,1.0307007080016066,0.5655394866666921,1.6227620614046738,0.20228086669536793,0.6666951379739661,1.135816283429938,0.9893975373736577,0.18431197776875652,1.652366202196537
11.100000000000001,0.8374402710032485,0.6784617982774207,-0.5957843249257423,-2.1129707180001978,1.3926617986792855,-3.8896522270793765,-0.8729301213718852,0.6112476442945483,-2.6922248603981505,-2.049473694644428,1.2000981143589433,-3.8573314622379584,-0.984806162249336,0.15228564297671676,-2.557926688369573,-2.4785408431004763,1.219110543103661,-2.3107380785491993,-1.666336563666667,0.06086865538673614,-0.9934664547768066,-2.975644044023227,1.265981689801506,-0.9957338902652402,-2.271116305525956,0.24059610248909924,-0.3923052970904647,-2.760882971322256,1.394948277666993,0.29966806762669496,-2.2930067114875206,0.5455766500128301,0.13999406002467166,-2.1769512092661625,1.491240210141056,1.2164643874264058,-2.169268162813501,0.9206137310880524,1.0096675244556261,-1.2419813603321206,1.4721096786163723,1.6882096344855957,-1.1962788162637956,1.1256823705315564,1.8476151577341935,-0.4021510161060293,1.3203505972348728,1.8364635189388323,-0.5990235162954316,1.142801743450736,2.2697961758746,0.0858642217326544,1.115539440376414,1.8087472583176312,0.0504894569066523,1.017289489973548,2.25380698919605,0.3810378455189056,0.8585908613629301,1.6802859178548213,0.7133342283601012,0.8020176755164298,1.88035938492843,0.3731809015201826,0.6395502381059681,1.450927816315805,1.084879369261675,0.4798252302452119,1.6074662338802144,0.22128385517783844,0.5119117392178696,1.1544858448748418,1.0921493829080644,0.2200108839306988,1.662187017977776
11.15,1.3410052707316866,1.1680741553205436,-0.4448978636081096,-1.7333883050301413,1.7351539049757574,-3.7580908922161904,-0.8945439150756704,1.0814526177523864,-2.482598774576646,-1.6292715986520223,1.5537287541856455,-3.653999578652949,-0.2075826234871132,0.49074239044922585,-2.346862803970241,-1.890122979074449,1.5925719739445294,-2.117503126023834,-0.7202805469246369,0.2749332010693075,-0.9127123581267402,-2.103947829655879,1.5352659286432973,-0.7072180809258621,-1.4795174645607625,0.16709894426084193,-0.39495594149979607,-2.356986588704566,1.5300101786291291,0.40984932308178124,-2.111814276437396,0.30300077221956734,0.1593063237277405,-1.8693210801867721,1.5810930693623464,1.3857110597133993,-2.1027738235510265,0.5971655790809549,1.3282591352757935,-1.1088508072471193,1.5552571023049355,1.9132141668293778,-1.7969272807224317,0.9044199075442108,2.205508604593478,-0.21654295627295816,1.3761210402169854,1.9819253105489631,-0.9009699694826163,1.043616328618961,2.311558563497331,0.37531532277785384,1.1306260648832056,1.8742828502981335,-0.2533735815216507,0.9851433280525397,2.25644977841766,0.6485831149482513,0.8637282537732083,1.7131878978031612,0.3454206800887898,0.7962724855116063,2.1010542586004415,0.7607356064947757,0.5703608863015597,1.5002434703285816,0.9235202716603649,0.5324871372707798,1.793090879646087,0.6050985118414065,0.323182829561216,1.2066822241369513,1.1863344901975488,0.17831269109390224,1.6236878690454566
11.200000000000001,1.501045567884923,1.5460147270471771,-0.3019201444423472,-1.4960153861471115,2.067400213510656,-3.7106867990988834,-0.3267392890079037,1.4566585606152531,-2.1934639204736164,-1.3729670955252615,1.898899960920663,-3.5433819404666633,-0.06455408484429204,1.0943562403367706,-2.0406872619905663,-1.4590281191506227,2.003744643791553,-2.0073521744558986,0.17202193271624822,0.7827679523961188,-0.7456264387762703,-1.5206533495156105,1.9424196759152434,-0.6193258085599163,-0.41435384550567855,0.48867744680074265,-0.532697621167953,-1.49293646778208,1.8367145928094781,0.5707856667769473,-1.0855370937559745,0.35933599031922503,0.03586343101381795,-1.4682763052438563,1.7777555462716483,1.4541224079877413,-1.7201149988684836,0.41823076690769145,1.2814297232731424,-0.7739372451281934,1.7286039867340597,2.0832137094445002,-1.4885773481342321,0.6357419741108525,2.6018840704866912,0.013166934511694706,1.5749317875491224,2.241465006671289,-0.7737912477901014,0.904526241590526,2.8337003248819292,0.6622146512032767,1.2680009962511873,2.009076987742123,-0.15488158339443836,0.9648247708307014,2.2811180148310117,0.9687845938758599,0.9494256171573923,1.751277572095341,0.26948100404931297,0.8372954824219662,2.0334198714934573,1.053892122080744,0.6301860591590092,1.5099527663921164,0.668109206812034,0.5905160376650117,1.8957194022720596,1.023496440748044,0.30647026237400676,1.2270483252533348,1.1043326772626691,0.2839556747296395,1.739336993973481
11.25,1.3424081221098014,1.7239568975472739,-0.26503524117480515,-1.5030188958318291,2.2452674032344926,-3.7109224649708517,0.4835390944120561,1.674153013806984,-1.8769085792165483,-1.313382013671558,2.180731676689764,-3.459578712286695,0.3608575682601951,1.5481783105157467,-1.5621138051018078,-1.283347938719741,2.353929337815946,-1.9528070947059084,0.4918602049704195,1.52525422105794,-0.8672183326624741,-1.1778815800958142,2.3388784305900834,-0.5888348919218012,0.42822325349993395,1.0929004134184068,-0.7470715261907865,-1.022511623316058,2.212540349658952,0.5600606944717201,-0.09672236694691039,0.7325130040204,-0.16614585678265503,-0.7295836077778706,2.07957913319386,1.4727899118361232,-0.5259204561931881,0.5322344606404594,0.9274624845381184,-0.4210778209323962,1.964806253771233,2.0939762073237644,-0.8839750253407008,0.5473362621723465,2.419561709568675,0.36517711593011093,1.8099506175591622,2.38098409572568,-0.22060555443452512,0.6886049624174504,3.1833785912202126,1.0088852214175592,1.5443941233079594,2.2528030257795773,0.4546973771910787,0.8889376204553712,2.8197037306295147,1.3311783409198963,1.1458198952484944,1.8544703550496489,0.6420235157211911,0.8851079306609597,1.948196637877495,1.3800540505015357,0.7719853119086306,1.5223643117249108,0.7327131033350054,0.6944593905397977,1.7688170930152145,1.3216641778173388,0.41141941371460544,1.2180116347243302,0.9245406325611745,0.39669107974351575,1.7383717573961208
11.3,0.9353163525823788,1.710638156522257,-0.2627591567904791,-1.7166261228470692,2.3317778483026665,-3.609671595741095,0.771837998401455,1.7979455388561192,-1.3758171174670148,-1.4777205761910928,2.309009515140734,-3.3830393709123796,0.950698528882131,1.813636570797952,-1.2177360813084248,-1.3587770066643357,2.584573829180379,-1.8810710169213096,0.9183176333637335,2.04836553550335,-0.7521932735322183,-1.1308843026270887,2.6357480045140558,-0.5625655507623417,0.8121017150140717,1.847676502827122,-0.7090987432375015,-0.8359217401652019,2.53424820048295,0.5402614700532338,0.5902642917433869,1.318406453339791,-0.4559975033391964,-0.44700973482031614,2.3765287149340018,1.3953696618156464,0.24492359464450597,0.8882831105559823,0.6449978816145633,0.10202378354160047,2.2298810062803263,1.997149783610923,0.17551992329844018,0.6223789437283322,1.7251907011711407,0.6278920738408456,2.061014453245844,2.33867165004632,0.30074696704319603,0.6429605774751088,2.9020763045286966,1.3521760595327148,1.8136985880167933,2.3426034578337727,1.0239491583617562,0.6987915906750857,3.0769033029541077,1.7735551269090344,1.4641734615288249,2.046442359049896,1.4342844015048541,0.8524561992577939,2.3770474478560497,1.7862717830759722,1.0061155633676122,1.5869940356531902,1.238125724940101,0.800759695126309,1.5466129212339845,1.6347677004570116,0.5935871596612752,1.210688854475787,1.0539495915836639,0.5519596156244215,1.5890298065522344
11.350000000000001,0.23124262924629918,1.6511760210489568,-0.06321392534943325,-2.112041146270589,2.3129483764471135,-3.498392620792703,0.49362991366293985,1.7997494958406677,-2.3299852298278756,-1.8496167377936645,2.3552500740435924,-3.246395226429515,1.0069369985918195,1.889212416746283,-1.2503916271810729,-1.656869370520453,2.6487857422600825,-1.8029327783619409,1.206774686236443,2.2787083000752415,-0.6432916935207469,-1.3389770488198716,2.775006509674951,-0.48937840601212645,1.1798243118838023,2.326445696322049,-0.5620784883662884,-0.9333363938683092,2.736435646169005,0.5594500603652852,0.9452695828506825,1.9819404306576693,-0.4800115508113927,-0.4470335251522739,2.587287259786811,1.355559810106759,0.7308266687263139,1.395041606694496,0.38976870179505496,0.1627803573474651,2.4240807507887894,1.8940537209922215,0.6307652309818635,0.9082092409393969,1.2627051276293848,0.8889963445471505,2.270648439821461,2.179186933621864,0.9208390683112733,0.6573435379709358,2.0486006584097014,1.4994586153521627,2.0567514354094563,2.2673734624433637,1.3230366987400815,0.6400321228813957,2.6971360667135187,2.0784996830868785,1.7414813537817375,2.0844636693928162,1.9027658279932,0.6636640017924991,2.516934134552123,2.28692989184216,1.3374319156310155,1.7131673416913296,2.0695186270472345,0.7989211424565219,1.738917371067789,2.055851811048206,0.8468384733988077,1.2395373755240262,1.6026285767326316,0.7083347478197345,1.3013909198797928
11.4,-0.8774729668648517,1.665462158577836,0.556896243424876,-2.748354038603078,2.2130819296127546,-3.514378672172743,-0.7473712901514644,1.7705180407564527,-2.5637626747531757,-2.366048931269864,2.2914896838910748,-3.112345330619002,0.3611082955489828,1.7678503103442043,-1.834374934051871,-2.199023664709383,2.663020578339169,-1.7370814606234397,0.771994313601164,2.3045327338477093,-0.7496596987389076,-1.730939643924141,2.7645420265814225,-0.41624958553489133,1.2850186789943625,2.4749192204510675,-0.3132518485730596,-1.2473135128757784,2.7658216975042493,0.6362686133268092,1.2370105253530688,2.3578271251495293,-0.192506627619625,-0.6787466903030515,2.676171539086981,1.3787825286758904,1.0057775607608588,1.9204995005740995,0.20270657945975246,-0.02154665089602048,2.5130445235849486,1.8585633144321312,0.8940495114309642,1.3300406693533833,1.0287057486462055,0.7326577608041385,2.359057806706415,2.0880779202072173,1.0388389715467583,0.8300235429398848,1.5515887912579949,1.4995380555223914,2.2031307365014263,2.101834930274956,1.5183174252237037,0.5995784551078311,1.7926059459405899,2.105184121555448,1.9594304647607697,2.0004094298162665,2.006539608283068,0.5607842752715848,2.0758397597998166,2.5316046834026817,1.6022657333595025,1.7100470254892601,2.423950078640865,0.5996193333666326,1.7656866179710893,2.577470120987675,1.1696671627458999,1.302673076347149,2.4213271299921537,0.7326467182556657,1.216732666963255
11.450000000000001,-2.0840974340124974,1.6477032276010053,1.0141623535956608,-3.458614355147649,2.1754045387514176,-3.4245297318930055,-2.32939393691961,1.663438441794383,-2.177513171306373,-3.0712463125009037,2.16217092123852,-3.174927993312353,-1.0512404515867746,1.5801181728481304,-2.1300080551464617,-2.807683679387716,2.5429398036788853,-1.669538017788721,-0.3292541164063776,2.0532531680604076,-0.8057381646695901,-2.3975442882060527,2.7833539297256813,-0.4290656756730016,0.46561442792315955,2.4890642805108114,-0.15556706982920065,-1.6806691363040027,2.686872951655912,0.6970741633854138,1.2978075706469192,2.4296702123774354,0.2167311063564209,-1.0603366468261788,2.599422965777567,1.4548096857290216,1.2510369594255408,2.1889980418504758,0.42262750240455094,-0.3610623644921729,2.4912885574932853,1.8899880229497668,1.05253903396966,1.7061845400104443,0.9079705945848155,0.3909278727150056,2.3352542557161926,2.073007537696554,1.0791838251910915,1.1248923671130298,1.3614734310632124,1.1602937368193134,2.1957857330150587,2.046842759533548,1.3747091080141105,0.6545181881049085,1.3711629956869202,1.8788516521037524,2.0424221679302335,1.8685719578259263,1.8939186574439673,0.47054220156512483,1.275168771555287,2.448185372260805,1.7848471568198643,1.6362878628404869,2.3822442223609297,0.45140719857602685,1.3946654886649366,2.7516982844134574,1.4083683051760132,1.2738740990200488,2.672728221093203,0.5228321862276104,1.1803785164028648
11.5,-2.8847745210528144,1.4216138421572864,0.6237271950607718,-3.9738895157376763,2.019942768049162,-3.624912329509795,-3.3006110114926956,1.5895436335355402,-2.138326008702391,-3.57987666203047,1.998460934646299,-3.5401279295773125,-2.3053527280419535,1.3416750861940376,-2.241094544130847,-3.54214368541379,2.3784189968290046,-1.7818450970949562,-1.9093449992715357,1.7248054783722986,-0.9079641358464755,-3.0052184241159274,2.645536698055866,-0.42209000545305075,-0.7477652571561397,2.178074808568613,-0.1483055985107865,-2.405400912506943,2.740225397322509,0.619767438317449,0.3395881412024222,2.4743996488486744,0.40729683281648943,-1.485263930352052,2.4706698139021577,1.4989459501091074,1.3525352169106832,2.220773107402525,0.7561297359918613,-0.7713359219248206,2.3287341410958096,1.9599777719190214,1.26767303144499,1.888857130401734,0.9502339353629805,-0.02145367594465153,2.2207082659453237,2.1128458740384204,1.1238722373412626,1.38587222834314,1.3230803391081003,0.7030657332895496,2.079340639553189,2.0576805349892244,1.2440353355362799,0.8198557123266694,1.2698961836026468,1.404154145135652,1.955234179448735,1.8560163167448696,1.5771126264467266,0.4238460997973481,1.017265799530009,2.0448994344927263,1.8089012142338223,1.555738280417212,2.0605184142961783,0.30736040727500513,0.8924622681863049,2.5777630740494617,1.5510808480820115,1.2215037303001852,2.524326687210606,0.3495179328547704,1.0236034244836343
11.55,-3.0315372465205783,1.2076546208505594,-0.26600810623251775,-4.018476849253223,1.85143167206267,-4.077803403285679,-3.172462617488532,1.5435462996435676,-2.745914114364835,-3.7410511254904844,1.7870088305375975,-4.001985061799192,-2.6020325843293715,1.1591335162199297,-2.3757967882917748,-4.032027945568455,2.246777664802817,-2.1336874790288074,-3.080100950147851,1.4625340925613828,-0.98406451621568,-3.6394230745374356,2.4787604686278164,-0.5251922752048044,-2.158635795097305,1.7855892170209373,-0.3134726774081271,-2.93125324186041,2.620334553928527,0.5889661231382592,-0.7300163303865337,2.1651192859471267,0.3019293780538692,-2.1986764204254428,2.573772449475613,1.384037827653244,0.5413137324422692,2.31591329914081,0.7801689578340716,-1.1501053836820319,2.174319929251596,1.9871255380737418,1.4321022856520949,1.9254705957349953,1.0717023619133617,-0.42663302751785537,2.0009307340439553,2.172842137953963,1.285592074278374,1.5053441996018386,1.3304744292012676,0.2548331501798584,1.897276013066258,2.1022148257298356,1.2067598861487046,1.008250189692851,1.3091144088899083,0.8762011949139525,1.7697111884996852,1.8881837266952106,1.344869076053613,0.4742527782628776,1.0044554332771967,1.4823125805859894,1.6590184329896318,1.5788896841914657,1.6443316470577363,0.18261662933325784,0.8159846041324259,2.048861999014173,1.5231507264626543,1.1928570465501953,2.0683065236351124,0.14067049596878678,0.8722442143524745
11.600000000000001,-2.5100408787693653,1.279491821762605,-0.8484194867057077,-3.7469264790057455,1.8790965835869944,-4.368397263468561,-2.5855409626417387,1.4340501368961873,-2.969718895227185,-3.5997067319437326,1.7239086306951101,-4.320436889596095,-2.429014051461471,1.149681807444967,-2.1525851732443115,-4.130854098694208,2.094478017482544,-2.5033038952906095,-3.29738478566991,1.2841946213925701,-0.999364516965465,-4.014854519750033,2.399302212745291,-0.7813186787934256,-3.1385579924247655,1.5477255098242624,-0.42083462135195415,-3.3716426663900645,2.478203186970307,0.539283765915819,-1.802580579173479,1.772243256748034,0.018583145364500675,-2.588327418352949,2.496378163671269,1.3412737748568215,-0.2624306665798901,2.045172931176512,0.5913718809897887,-1.7929117077567946,2.3268673726101174,1.863365122270415,0.9682057422876751,2.070112351592796,0.8811384988470478,-0.7356377623481292,1.8435905192125746,2.184746240993378,1.4583943420860033,1.56550813226561,1.3507473140771937,-0.11877054225334582,1.6494249175477438,2.148557030779917,1.3203485061695774,1.0846734270228495,1.350534467285325,0.42449846656615,1.5460378878563263,1.9311564036029472,1.2663161110318293,0.6183842007949655,1.1111336537841812,0.9230967566075998,1.4268324866452908,1.6226170572728198,1.3720654814324018,0.13977792618853568,0.8237691552359729,1.4399999560250354,1.326955816893045,1.2393200021582318,1.6097818522303626,-0.03898177641156764,0.8970748778345488
11.65,-1.8332649215902517,1.5202317427190948,-0.9108339473905465,-3.410313420320996,2.06675516501025,-4.3327333809684125,-2.2552507845957503,1.6286066207310064,-3.003903014401967,-3.2449927807906676,1.8703178491795835,-4.39313474805542,-1.8875744200702091,1.199116423041751,-1.8916122760959677,-3.896350485969764,2.1243987936383757,-2.6971411006023316,-3.0675779423075835,1.3097647524126084,-0.6846917375525909,-4.0036474233958685,2.3278041993541976,-1.0129930666439813,-3.3151861235264692,1.4270140188176819,-0.3163613066179888,-3.561150164527316,2.4545020865067624,0.4168629522864453,-2.5739840040385333,1.5820500070283188,-0.0006882412126418824,-2.786980017882912,2.3951799036813526,1.3614012513676843,-0.9596657605707033,1.694759824109478,0.460499993144712,-2.0213113176021213,2.303012480063582,1.8272736834725611,0.4451079591637388,1.8558314296945593,0.8011237085865157,-1.2644283079107232,2.0329535574809388,2.073289113631711,1.2953978695863535,1.7631681602829916,1.1092286107502614,-0.3461773643176569,1.5061177206314724,2.146692462907247,1.4673940820274012,1.1784671743780006,1.356732400332111,0.09988944239271547,1.2948268620754977,1.9612463170858196,1.3550945837078388,0.6628286361054028,1.2170697261473098,0.49223124712498123,1.1840766433192895,1.658085048558392,1.2851031842356968,0.24807469452465336,0.9764738588465223,0.8809303805985635,1.0675898231958358,1.2845711280387289,1.3425866948132887,-0.151007866179242,0.8402734163610983
11.700000000000001,-1.1769276160503541,1.7899068378513696,-0.7244899327658966,-2.983422325783822,2.2957632999253774,-4.172653910790751,-2.071386621237824,1.8504144245477574,-3.049429263867337,-2.8525183947659016,2.1076566092738913,-4.252625673218581,-1.6922762459485734,1.4627514899389142,-2.8351832686755296,-3.3944248500964136,2.357064237111157,-2.652381996081663,-2.594111055645957,1.437987141489315,-0.5456557285514747,-3.682027810474322,2.4293210843977375,-1.0941432114610672,-3.1346465103858843,1.502673019063682,0.14042853769242236,-3.411894773627786,2.4587430035459445,0.3214951663382748,-2.8220113459912115,1.533129908532216,0.3706737812112349,-2.75425171089946,2.416818339294997,1.3643238401192415,-1.5662861731412383,1.556712790990023,0.9197227552295089,-1.9730132941850798,2.2481702291179206,1.9066511800340002,0.02987396662299746,1.5769458233517164,1.1739188612653721,-1.3302315124306308,2.061056448037819,2.051332082051054,0.9763835237327672,1.6196351941546963,1.1393113586021641,-0.7342614697986782,1.712789969863664,2.0567670982187702,1.4641244092426917,1.418661055432985,1.1546859379885264,-0.043866293882470764,1.175991114626851,1.9474120991894206,1.4810972083810705,0.7890853708830987,1.244854679916048,0.2252538777767077,0.9477187697876133,1.6714973087639189,1.3713379470795053,0.2628404514042538,1.1440567516075406,0.48703675183146,0.8234289701240671,1.3088650698427562,1.264231101616936,-0.08499833984249427,1.0042976173864095
11.75,-0.39641478788240025,2.009431484599681,-0.3800207498249117,-2.595439570521214,2.466340021019857,-4.0017558757496285,-2.1623281864988257,1.8405037816901653,-2.7635638024632776,-2.3940715598098983,2.3246138100102454,-4.054002860098824,-1.5347671711540212,1.695045506467788,-2.9192403378495433,-2.832462167555656,2.6299275559000157,-2.4860304807227718,-1.9811177055085287,1.744709352888405,-0.9486663095961267,-3.0671487336603676,2.676557832539175,-0.9839308059171792,-2.6841148510848236,1.6169074806247183,0.3074275631124026,-3.0413477278746726,2.5884350238401255,0.3134424767172006,-2.8145980382627958,1.6256529447078083,0.6410371852555329,-2.4712555728438623,2.4723190154803176,1.3684363399207378,-2.080632023356493,1.5657428037337642,1.4845507626695866,-1.7199487167135352,2.2967484645258995,1.994982731422843,-0.49066889484381004,1.4820504948616975,2.124593450033894,-1.0617889863262153,2.0486970227561407,2.1629013349175374,0.6459278568851112,1.4139348119524717,1.7132015739010973,-0.6513562195280276,1.7819100989647785,2.047532170144547,1.2306332027263331,1.3462159590947071,1.2258412095462528,-0.28115024202470806,1.3803013355285465,1.8798448056291306,1.5400411445617923,1.054677726717028,1.0924987173225813,0.160000051922351,0.8582440724415141,1.6485184406404885,1.4955000825406486,0.41174745585161127,1.1907606395680803,0.279333558569439,0.6136174505073066,1.3074654420772218,1.3591635702202691,-0.10291430917753575,1.1962875386870002
11.8,0.3691699035395329,1.9234438174900388,-0.3958033239621311,-1.9481670988510658,2.5351568106641897,-3.838141243505744,-1.4113657041256578,2.0205769488483662,-2.512238889104861,-2.0158497145499465,2.458178640666533,-3.880436733132946,-1.4355545511382113,1.7263705039981874,-2.6465793521006944,-2.2402893897640563,2.8204546906694183,-2.30854475853707,-1.3694574690069883,2.002588756341635,-1.135608288294956,-2.401315893638838,2.915291465057881,-0.8331203832621425,-1.7799020219893023,1.8948803944852355,-0.07731350273349558,-2.351972310367101,2.785987565979564,0.4488971903974348,-2.2825640292295133,1.6618563482219342,0.3520582046940358,-2.075121197275811,2.591938137271814,1.404368127346558,-2.0888295208461463,1.6480325718344564,1.3993077533628968,-1.320496750916167,2.3755270781935423,2.053310131873438,-1.2582304037249488,1.5301882365287467,2.7758999088172676,-0.6225265071606678,2.1043325988983863,2.2862650229921533,0.1902402216157979,1.3414030870369378,2.711024130188092,-0.20820581634354518,1.8016593829792438,2.162226588389343,0.907968784705032,1.2057400802003073,1.7850661431468096,-0.07245889805536088,1.4760543710063745,1.878658334880211,1.3429606632130473,1.047724858559731,1.143849461965595,0.06989914256033458,1.0444666205429165,1.6006941180408418,1.5872473554956792,0.6844748560282019,1.0676691966645264,0.28281096481487467,0.5542132766661734,1.2790071550097974,1.499969466211427,0.05418453950894564,1.2350852644460113
11.850000000000001,0.755797781718299,1.6384923532362796,-0.49551041340704427,-1.6173696181747443,2.4517270091902765,-3.7214625457524386,-0.7666832704120471,1.9433794866055705,-2.2994867353029687,-1.4745830417563255,2.4279189883099495,-3.6967042682883444,-0.7393193620292136,1.8582216307135584,-2.392839376946717,-1.8046330079872686,2.900450300284274,-2.184272336863,-0.9764951545990818,2.1199781935251147,-1.094255679826755,-1.76962210903997,3.028979779370382,-0.7004593721886243,-0.9366827863262777,2.1167783046630824,-0.4164533356168274,-1.6708943837694257,2.93286168394272,0.5571850189569494,-1.1802127201469133,1.8396802628477045,-0.1400943292107517,-1.3646592124637635,2.6947447592562224,1.5301118789374146,-1.2820564056526784,1.576563710682922,1.0930169501719411,-0.902198674422463,2.4612735339309166,2.1123079575131776,-0.9815039987838334,1.5776958396552025,2.647402566648503,-0.13330602416689707,2.1830177659107797,2.357927035491265,-0.34189773836437176,1.3923261370610835,3.310861502965367,0.3635513559419401,1.8483377877726115,2.2789705643580236,0.6755924344879287,1.1439524297383297,2.714524827737524,0.4931887022326631,1.5160289620879386,1.9761093176378253,1.1002860014989655,0.9651252289326689,1.569788040981966,0.37757426434491315,1.153344220198429,1.6031013390299254,1.4316492806205825,0.7354833663318732,1.0707102228910585,0.32652264166946665,0.7117886163719689,1.2477859055405693,1.6272488098457405,0.3176831435177202,1.12557180324365
11.9,0.9266802565386357,1.335240683785137,-0.5120379145506998,-1.438462932934117,2.305067287914282,-3.53403196075041,-0.3104317258486824,1.810220140754854,-1.420785441126819,-1.2698922104475807,2.29238367875634,-3.5290788772416115,-0.14263209636398333,1.7474950658865553,-2.0933186501737993,-1.2600093677326818,2.7408393967108147,-2.008370124458192,-0.2985908481424474,2.1429926878889236,-0.9668379887295515,-1.3629808428325063,3.0378409007642704,-0.6278762065768917,-0.4837045798904317,2.255287142390679,-0.6015593255924181,-1.09566369240504,2.938881829557851,0.6397524986500636,-0.3941909617478392,1.9748429536648637,-0.46921958993581336,-0.7570802042637403,2.717709329310196,1.5863059423182357,-0.33731273636639336,1.6184125307544914,0.8187454967073049,-0.23504240403887877,2.4487197903231017,2.2031071910521804,-0.0052692324935739165,1.3900340041179036,2.375749810830028,0.2916299397751576,2.2209486595785055,2.419131714564595,0.19340632888098774,1.386366876938449,3.1727432672538476,0.9020103539661939,1.910369300447985,2.3357030869809168,0.6462027688664138,1.1722989179780892,3.271674277516248,1.13860755769422,1.5442713516601136,2.062888617956733,1.170245613805619,0.9114426778409922,2.3650099608945236,1.0160700923825328,1.2033648309215517,1.6736302101380351,1.3231546059605068,0.7057801008220871,1.3084353484539608,0.705946207269923,0.8230124993563637,1.250544584823136,1.5252181110594139,0.41838234085738285,1.0951876709070785
11.950000000000001,0.8789637008448942,0.9805540240504255,-0.38007104114202267,-1.4021692510794326,2.163816700658314,-3.3225227661846257,0.24570232444250806,1.6895084807242509,-1.1645415802497636,-1.2060806591032636,2.114272074556851,-3.3037251111766985,0.22759424929646133,1.547492343661376,-1.2325016939479077,-1.1217451143919543,2.510070810169873,-1.848689150192877,0.28395837544092806,1.929290751092673,-0.7493189402881486,-0.8922441585417396,2.7493572135418276,-0.4760759986102747,0.06817146854377898,2.1509791617199956,-0.5250960952585916,-0.7885402111651718,2.873540639172276,0.6701566119919389,-0.06710445021232792,2.0817696415301,-0.5661666738842288,-0.3153085455042781,2.6092200358566453,1.6253504895308835,0.14999004612413075,1.6473533957364546,0.6496508096728506,0.228078456915215,2.3443760830925253,2.214529969375656,0.5451727992834546,1.3036724877189236,2.140456872348034,0.8564626869994107,2.096448362381129,2.469631259133729,1.0789735260579831,1.1019769152039718,2.818230374058942,1.307503979508855,1.8964370825312793,2.3858846820607327,1.2406046740974932,1.1094205876892207,3.1088533421193465,1.6825177082837328,1.5812759744608496,2.093427718540599,1.4880102624930978,0.9085637752275879,2.8810163550832235,1.6827302259069565,1.2096771794394812,1.7236339725343053,1.6162313062961269,0.6627694619656321,1.8953272204969613,1.3749509716945063,0.8756413769405169,1.292285437271592,1.5401433903381325,0.4373350064713376,1.17307972146575
12.0,0.5634990016192643,0.6836200987453185,-0.12299454615896606,-1.532150934756853,1.8888868147385862,-3.083502043204258,0.193908832272216,1.3275778284536564,-1.5760257768281738,-1.262194105365082,1.9664586660399141,-3.077049928445974,0.5996745439420386,1.3494988311452438,-0.8481292796641728,-1.1350727123084647,2.2566511378682996,-1.6510054902530569,0.6053456163723945,1.5870676790449199,-0.43371339405432296,-0.8467530034627835,2.452373707308766,-0.34405235586024263,0.5594565006743821,1.8659765831852915,-0.31736112236051595,-0.45019113270763356,2.480359953518936,0.7857272248215041,0.3412554799450006,1.884825559789975,-0.112592198766153,-0.15147046697432387,2.478939266399256,1.6267465322073638,0.32669406818319247,1.7100970568930836,0.5090002198767791,0.4890588931367734,2.135779787104699,2.2241982863128174,0.7446879242782649,1.240702675372129,1.9968588572982333,1.1346904853646578,1.8846355288115335,2.4578692307281957,1.3379404366072591,0.9330318491413683,2.547050410965857,1.731195116926223,1.6806239567077252,2.4084637099744564,1.890238723444937,0.7693306222130012,2.6792691011728262,2.0433125287575926,1.5200252209182397,2.129586636252503,2.008688758861175,0.7997316326442289,2.700226566697358,2.195785708269611,1.2200879355292482,1.7296071396782964,2.0680957018399497,0.6325140761009028,2.3490930344680065,2.0220597999916468,0.860594963729957,1.3087056612415087,1.941943824975576,0.40872774333937173,1.5269468621947566
12.05,0.0738773239555549,0.5745627759813636,0.411176841655615,-1.7955816959660709,1.7430301996720443,-2.979481702446034,0.22477696586814844,1.045497912344641,-1.8034524868298896,-1.5087774430733525,1.7116609956182405,-2.81956762792279,0.597358272200136,0.9812065901538013,-1.0497410822156532,-1.2683917584523074,2.0735716910627833,-1.4785697997523939,0.763731477084514,1.2856286344468062,-0.32005722664289626,-0.9423186517353077,2.165132063820292,-0.19560397595839163,0.7998168553386966,1.4561963737989292,-0.09433438022167272,-0.5047423800523543,2.1579196027940695,0.8764463442858994,0.7074022054033293,1.5901534255120633,0.20422798724300206,0.021114737205349954,2.0216669893497663,1.6994834640842704,0.5998667226067345,1.4529451915141596,0.879368210172115,0.49425620962361805,1.9583928639366954,2.2104381141351492,0.7731863153436417,1.2599933111333885,1.726437614722282,1.2011468227235778,1.6048001125237565,2.4573904749361697,1.3409409614961312,0.8167693809135637,2.40819190029932,1.8184969776769577,1.3933690453888126,2.398453623748814,1.9502129132794475,0.5642474124447227,2.3563398641938784,2.3116185996240723,1.2407109697957708,2.142097303096324,2.4283251075096457,0.44183909467887683,2.2049629775328583,2.4942545609593036,1.121008305161757,1.755186856743144,2.481573799229421,0.4946136680144749,2.2082939838607074,2.479421097044856,0.8469970832808871,1.297671239907529,2.4068469105240737,0.3602129940763185,1.8919208987752474
12.100000000000001,-0.40661731397372625,0.6184673247025725,0.8882098919962793,-2.0967802758409304,1.6615971495703485,-3.0270557164587775,-0.4819481283769982,0.8525082433703763,-1.8411311496565004,-1.8415490220027486,1.6241888699088403,-2.7100257785879456,0.3812969572645386,0.6935817143901992,-1.2485959778605211,-1.5913819900999027,1.784750565890021,-1.2633326409296197,0.5978438331154239,0.8505248072157686,-0.3838297772699698,-1.1455082577044307,1.9891767557251194,-0.08838876683535002,0.8220206885201706,1.1229978107018326,-0.08476016293508139,-0.6708754863935873,1.8819554275572559,0.9663639773505817,0.8678984470954128,1.1983619456947356,0.34156429550271694,-0.12475171677188257,1.7157615713696295,1.7444372389856033,0.8486554638450571,1.1996595028356165,0.9328686839746032,0.4935311916599261,1.4839334360449685,2.242585096640477,0.8887920149661566,0.9711603590379986,1.7712243799743548,1.058320308321914,1.4024652245400748,2.4419656794797473,1.220291033558434,0.7889603977229596,2.1523276235152258,1.7062641487629726,1.0760777776337171,2.4043889428620733,1.7953195892162077,0.42160780127353203,2.1888395463906503,2.227272193894043,0.9109498231323165,2.150078752694786,2.3288473525571063,0.2267041045495114,1.8227229804939236,2.612438748338528,0.8052571691972554,1.771434743084166,2.7151450471267657,0.14101207006335004,1.696004414349556,2.7071064802486156,0.7211618629655181,1.31783780497855,2.7140049798647943,0.2083541529429349,1.8808980321292128
12.15,-0.991206437312571,0.6775103842643471,0.9693226479408423,-2.2850637455920575,1.6167632427295997,-3.206892641736726,-0.5910499458178411,0.8838987860244185,-1.8991219421553658,-2.158246635821799,1.6119064116244708,-2.734497549845485,-0.26595970870009267,0.5618513941922731,-1.272400879498682,-1.9623632908679456,1.7229354072423764,-1.1945567978889793,0.14426679962165911,0.543561529620475,-0.40436528044525955,-1.4807055899632005,1.7061587778626919,0.0741641653591385,0.5768076606050481,0.6813486287733856,-0.07135647889367588,-0.9219217810916636,1.7488290651752125,1.0112311134310992,0.8391268515730637,0.9007591800216129,0.38395311958310796,-0.34014480828038707,1.4890107771947925,1.7787187800676096,0.9637792416162836,0.8811725909089498,0.8181989970727354,0.2755259572085489,1.2286254985652123,2.2471718012155684,1.0245329031134767,0.7897223420263388,1.5259843872637813,0.9002174545933617,0.9544954496902669,2.444276762476758,1.1739271751787517,0.5084618416246208,2.110053956462479,1.444620816483786,0.8703749020248797,2.396110087622668,1.5522397069013982,0.35021914438543766,1.9736672228755832,1.969115874785059,0.5863272063686242,2.169816873074629,2.04163820112031,0.06941263470815906,1.6454978969926697,2.3878701901690036,0.46049405362647455,1.8019706759432097,2.486160554953777,-0.07668223551291709,1.2807439834358003,2.6923361024102244,0.3915887644833127,1.3444260478080272,2.8035776564551513,-0.13256324067435832,1.478089540103722
12.200000000000001,-1.2669016078320345,0.7365529710371684,0.5568111828021081,-2.4129031959746605,1.5881802151519908,-3.588021632312216,-0.9988584330699308,0.7334888521489001,-2.2570695122302937,-2.323683798445555,1.6116157869443892,-2.8519514092137532,-0.520874722848665,0.5669743450132727,-1.162518636337169,-2.271948704943827,1.7510339509025963,-1.2328983443526198,-0.5194850243791564,0.487681302378034,-0.3824585776848811,-1.8200762637607815,1.6784834169543084,0.11799729882309373,0.07310798527360118,0.3914733220296749,-0.07713240867981302,-1.2116470116686884,1.5067162881438234,1.1193495445678803,0.6106102242342841,0.49915327899297335,0.3925813731707657,-0.6109793390711094,1.42050572804707,1.7736300545410821,0.9364390899822219,0.6504149237989008,0.7573373177205978,0.03441100644034023,1.0752091843416611,2.2376838107808106,1.1053283719659626,0.5683477150315911,1.1354414866939766,0.6354795554184456,0.7707355632755464,2.4197777589372182,1.2074097169595253,0.40906727631891415,1.786873990486885,1.1616811088070378,0.48203305805070595,2.3809656628104103,1.3738555603700258,0.10208976331518621,1.9674855729426937,1.624692308727429,0.3943323615797123,2.1705635922817943,1.7128622379007679,-0.034138146157658755,1.5414378913230269,2.021292308170435,0.15114382016993666,1.834492885652519,2.0959992643913203,-0.24244198676331147,1.146938691963983,2.3619111561131723,0.05232862140133854,1.3937163782859678,2.4773405892513374,-0.3521112771181063,1.092956839819518
12.25,-1.1938025888360173,0.7664931504127633,-0.055474702720960035,-2.367683366478377,1.6030081857013068,-3.804391871655318,-0.6824276686791308,0.6195036357587933,-2.4943200198146442,-2.379900157824242,1.6318323448643879,-3.1175678219014213,-0.7210042550283651,0.5412734086893378,-1.0967641758509998,-2.391139157387352,1.7620804988320415,-1.3267016028793055,-0.7854634003392036,0.5136169623118869,-0.27590316332365394,-2.06273092939818,1.7375216860901643,0.08698112025932625,-0.4798668202781333,0.3923715334231095,-0.06495313956331053,-1.4652117316691182,1.5143141238086022,1.1484180168551572,0.1651930413390752,0.2438129288123465,0.34457529372960793,-0.8173000203798875,1.2438743033096644,1.8324860038537127,0.7760943483876681,0.3221116909288484,0.7192002680661627,-0.23010648060908245,1.0775784058691373,2.1990644605935095,1.0873878274663995,0.41785827716432267,0.948082311069099,0.39110545575673505,0.6990796449120529,2.3813579001345264,1.249666112378414,0.2884071467207311,1.3274731005334024,0.8774551657125063,0.37717219828103055,2.3385414158626205,1.346089268396385,0.07988793084385004,1.6909571046252188,1.255019263001067,0.08519564212861042,2.1465334387217494,1.4466405277580385,-0.23714295481672165,1.6586233847413012,1.6280961943591832,-0.01580863486754236,1.8415571119152652,1.7158852212542735,-0.3625699792650563,1.208580872194679,1.9224395350397572,-0.22689320734949447,1.4337129603763936,2.013021654863058,-0.5190223168503927,0.9941406499788394
12.3,-0.9975437969075186,0.8086669944915486,-0.48210249991307674,-2.262949911586727,1.651603412045266,-3.8704181185181006,-0.6242931224893831,0.611708682816124,-2.2483548385510184,-2.289229255581504,1.6821402113060069,-3.2326656397998343,-0.6227023157573477,0.4986733713806659,-0.9338083418924645,-2.3651573287264327,1.800404437467935,-1.5171123168072453,-0.9208592105671463,0.5974338171812572,-0.12146693407625864,-2.0944723816769617,1.7370399429937722,0.03126669801088111,-0.6935297103834874,0.4444514593756437,0.15095665943233755,-1.6007102290065678,1.5897945096460786,1.1312785107985612,-0.23971622979562168,0.2683944142117429,0.367216855798591,-0.956308415154945,1.2819631354893124,1.850236249891808,0.4505947360984104,0.10523650388613537,0.7418226984444936,-0.3387907404570978,0.9779296338633214,2.217300315006816,0.9895106940465577,0.17235629715223622,0.9557046156781155,0.15420601075766704,0.7655915982504036,2.3240988339770596,1.2310190534680374,0.21837319323891013,1.1200656688940007,0.6494972431433954,0.3825426552540856,2.2837006442205086,1.368110388481622,0.04953562743925588,1.2954737802637561,0.9749646348730323,0.05612340532413107,2.0945495360519217,1.4033691244884383,-0.19227335573580334,1.5026930278852582,1.20694386622906,-0.23825094603910468,1.813152952337943,1.4036918622244303,-0.5137988936938933,1.458828723082126,1.5087366829432058,-0.3627600184773394,1.4431884145076157,1.6081611996060778,-0.6411318465125012,1.1464059383569245
12.350000000000001,-0.6378229827018789,0.8744768627517764,-0.63000412975081,-2.1042257257591945,1.7261661868413913,-3.7983004766618853,-0.6394904853169758,0.7341423430505196,-1.8511006336808122,-2.12975482681359,1.7487816467613149,-3.2196756653255965,-0.5745622503499124,0.6872294715816163,-0.7480348927609297,-2.210661991765832,1.8680932559138386,-1.5917603140012226,-0.8765430125026279,0.6451409500180869,0.2435004454498244,-1.959976205035563,1.7605146669405336,-0.08290104266893028,-0.829589639101382,0.573182976365465,0.47428250762378477,-1.5211301643692288,1.5560841315988672,1.1111381170745105,-0.43147129223654557,0.33048086630029916,0.663347207472615,-0.9708381948426492,1.358623553836078,1.8417644948692646,0.1292428864327928,0.12690756822680171,0.9718978650349357,-0.36018363372871676,1.0379451985511734,2.2223390447114277,0.7749486174017708,-0.007873497583604783,1.1627794784750096,0.1392575688010922,0.7416914389450913,2.310125834809278,1.1907382620017177,0.04900583617176102,1.1527124907422104,0.4560594247617811,0.49855498940110543,2.218128708144068,1.3532971615526268,0.04773563800713554,1.1308368094166075,0.7777659669976966,0.12601477326844357,2.032128110936695,1.4309619421650557,-0.148321637605774,1.2403555448584958,0.9482306414888608,-0.2008758187923121,1.757569331796972,1.3802976529329858,-0.41336407408717635,1.4222614076051967,1.065015212053626,-0.5000218252066579,1.4127810032456223,1.2819098000723974,-0.7384622384344459,1.4361812847434583
12.4,-0.29417564459809165,0.9537245376924108,-0.49546508913359855,-1.8366336805002526,1.8117424345491884,-3.6474679330269186,-0.7019843184610923,0.8948682737267764,-1.773421035141789,-1.9122679457867076,1.825485554239692,-3.0955355516445726,-0.6445744036018204,0.8595646845532483,-0.7577176734501925,-1.9775575732332396,1.9332033136171,-1.563171963445693,-0.9011255065331178,0.9270635936482756,0.46905668074623996,-1.7478919428740625,1.822278179723038,-0.13117746182696788,-0.8681821741407161,0.6816614673448202,0.7543612041303366,-1.2722734781738332,1.5359082895289156,1.0531623862651895,-0.6285990518481843,0.44557121004714784,0.8940676356366625,-0.7789254938973933,1.276715059761564,1.8430352216759682,-0.07294563423655775,0.17688841770625618,1.4066424222704426,-0.26402712067917555,1.1029808887178882,2.2121048122678655,0.48503598587473706,-0.0036251441351331515,1.622767462777726,0.2208936336001699,0.8136743007479419,2.2991557566964125,1.0314271204771746,-0.10393843873511466,1.4030706302348457,0.5211849264006307,0.5397939701379872,2.1796300404880964,1.3667452032516536,-0.05437860887540946,1.1563276854337996,0.6369365677536365,0.2746034264909536,1.9646585724812016,1.4336773661924584,-0.09784822755117017,1.129684934203883,0.7899351825772483,-0.08172059136752452,1.6937293323619684,1.4334324221292585,-0.31189445705507424,1.28297766710545,0.838119629092624,-0.408533815843084,1.358231119159321,1.3003249212455423,-0.5944332232946613,1.444995354952061
12.450000000000001,0.05301848742835004,0.9676693521949475,-0.31434899118842075,-1.5482388041841322,1.8602576368830404,-3.4839618847944074,-0.7079818680495166,1.0075848915220251,-1.650837837672862,-1.5851686965652512,1.8888696927630377,-2.908989277347629,-0.5775846909844207,0.9959016564530535,-0.9230721419275205,-1.6855375534368733,1.988262144883275,-1.4487475213121148,-0.7412995930650088,1.089169680918376,0.34789784185051076,-1.4704872701444582,1.8655827111753354,-0.10628325900278845,-0.9796988173316503,0.9601807471757636,0.6705595394603932,-1.0209295398721618,1.57023702980716,1.0149320320573985,-0.7313181256142829,0.5671899856453659,0.843059445907017,-0.4336495719129019,1.195803127291284,1.812331775061522,-0.29938580812559357,0.257273138497792,1.5809473395068943,0.021114060875913054,0.967403453490232,2.2180897702564195,0.32145331283902223,0.017036284461787732,2.128824723541341,0.4029695234901176,0.8587804612161865,2.277830764994736,0.7916717355468419,-0.12332192915659268,1.8745357591135154,0.6832461229666453,0.6147487757823722,2.151335861880823,1.248854213513447,-0.1894180499555841,1.3612721717405978,0.7646097943411068,0.36621515475479427,1.9095131631455586,1.4938569421747503,-0.14289249262420223,1.1341982631740064,0.7044001499544272,0.08404226256028657,1.6286702466415737,1.4651310763367085,-0.2241967937617309,1.2014048581569197,0.7214217370074216,-0.2551250283546125,1.2976307325168805,1.389172445067289,-0.45069082372686387,1.3611857485602745
12.5,0.3316321208779746,0.8673203296130176,-0.21821278318357812,-1.274652157470122,1.818595052503591,-3.3614969307355778,-0.3997793663913245,0.9734916172724253,-1.2473864192528388,-1.2721011572272634,1.8980698704424181,-2.736523816994183,-0.4358182904417256,1.0647999448264633,-1.0112119116753036,-1.2914463032149381,1.9944615687920386,-1.2843097239065782,-0.4877206927735097,1.148214637391379,-0.02430427386678713,-1.15120485364824,1.881053655984406,-0.021169276422827732,-0.6349151000139761,1.068296072693397,0.26193073048263377,-0.7364240116703957,1.5770129975346636,1.0236653102936888,-0.760363620522881,0.7871156478547184,0.4404637244169084,-0.1698072739777512,1.1884988917423156,1.7712310381983798,-0.3297769153082708,0.34880353597397207,1.3438821671437342,0.4276928117776535,0.8225705834290897,2.1897473105458953,0.2183307908608183,0.053851117756952505,2.2632019086691737,0.7514756761024621,0.6735765629176216,2.2769629074478637,0.7329955989070032,-0.14314214835952999,2.344443129365062,0.9223006206584028,0.6368526419131548,2.115134973752275,1.0814383519993649,-0.23338530815763237,1.756047943004101,0.9831717441206766,0.4375689706714647,1.866451657113788,1.4148846694930088,-0.26650796276220223,1.2545565827728626,0.8769723851340938,0.21117953648499554,1.5647738316372228,1.5617760962621121,-0.22229152462923168,1.1873326656234882,0.6887480672221624,-0.0845493145594034,1.2383735002316714,1.4560266670825965,-0.3379324569997448,1.2824214397469473
12.55,0.5003278255797616,0.5962146789225182,-0.12232151600172002,-1.0965529339340918,1.658179518936258,-3.26129896318496,-0.04155668976488203,0.8440643389062719,-0.9518937981420206,-1.0353875510417332,1.7971571279730503,-2.5987544841769683,-0.14039474623173032,0.9882094577645301,-0.9118436409317965,-0.9613033009902505,1.9397487808891345,-1.1545223536009996,-0.20903465842418556,1.1504348171525975,-0.3456056578448946,-0.7582590437207415,1.8113046124950172,0.10168212757824202,-0.25160615027263644,1.0268260527496873,-0.23339216963770776,-0.4391307953249157,1.5446362096535449,1.0719439203586045,-0.30815251034378455,0.8240191911209034,-0.044805140738713334,0.0858765677480644,1.1522524644331966,1.7602921359061918,-0.2219923720989192,0.49731328379029704,0.8173435083364262,0.675973308743476,0.7686532651025235,2.1405158442214045,0.33692445120218695,0.08904784629879514,1.9686557761313408,1.1794751066253095,0.4734474905620356,2.2382063750237267,0.834291282387617,-0.152138472171094,2.4284747449728243,1.3033072305252613,0.4130925608483782,2.1042529822047884,1.1376071048513208,-0.2942785242427154,2.171502756842509,1.2527570584310155,0.4377931496941967,1.8175341688729796,1.3126395737155974,-0.33288921290105844,1.526764013869329,1.1305869999907436,0.27498390613760915,1.5123209185879116,1.5143492380718047,-0.33750610146647475,1.2286108370971272,0.8901993821502074,0.06515336108809056,1.1728461275332973,1.5786331639926616,-0.29792574753201434,1.2610780419566678
12.600000000000001,0.5058337927848724,0.16680574388929453,-0.07367243340436205,-1.0147420821962783,1.3350688752822348,-3.132236667532866,0.1431911156624217,0.5512946042033464,-1.1097795014549128,-0.9346697953203709,1.5673015842808447,-2.470503068797858,0.17342726020426147,0.7938072469443019,-0.8441029408117471,-0.7605205318110819,1.7694810888629942,-1.0501321548581521,0.051857807272007284,1.0231604964011471,-0.5032638920936942,-0.4778190754780365,1.6935279542709658,0.1803409420848845,0.06611198683398989,0.9865681549254166,-0.5155696521418932,-0.10883731219996307,1.3987661433640586,1.147631650611003,0.13633975758042904,0.6924422653855079,-0.37119622506095706,0.32153216426713094,1.0734909300771633,1.7754660624536656,0.24621022694692973,0.46944629536360205,0.3849264341228864,0.8757578921972264,0.6907368475741515,2.1146526766511764,0.5303061419607613,0.169701191276172,1.4289243778348497,1.390767091428451,0.3762788525892313,2.184156603979156,1.0412282448308219,-0.17695140395307352,2.1084002824380557,1.718909271963751,0.17335899920337905,2.055139088348733,1.3726988029873912,-0.34375668853043817,2.2352332755507645,1.640194397449184,0.189568321590734,1.7999860066149498,1.4367731699285349,-0.42812546951587116,1.867411444985822,1.4097191462444592,0.2568608959007923,1.4562562347065322,1.4550877971624587,-0.42282310603518214,1.3747154601598501,1.1610802238803863,0.11955698504526602,1.1171877834460198,1.5562924970286767,-0.40467774697892267,1.258080069008867
12.65,0.39882430333666374,-0.1922686939231766,-0.1564425901928004,-1.0344539080213622,1.0374229469203877,-3.0435680237070573,0.25352090462186627,0.291693056867413,-1.3644664152935104,-0.9305972725265743,1.172827074070586,-2.3188323311064307,0.28244308136983864,0.3909066501109706,-0.7442934749098336,-0.723164017169573,1.4773682561144996,-0.9496799365316,0.2929494244708155,0.7726025809301171,-0.4486126079287013,-0.35044920581660755,1.4793741719310383,0.24251248648151202,0.25577306445001224,0.8449792330687314,-0.5296291407308875,0.07330633598058967,1.2324620069372738,1.1800314035825465,0.4015454569720982,0.6444815725266428,-0.42189401806085014,0.5467965452520129,0.8666469969288038,1.810330812884342,0.633645200334148,0.2827722828615862,0.16714241326668766,1.0261992520469043,0.5740506955377356,2.1080625911890505,0.8982662530154026,0.09102055618092353,1.0027207806938132,1.5211491862660242,0.26404125691985136,2.1537380430136865,1.241489679322295,-0.1527945219454926,1.5561574378232388,1.8825791168698558,0.041821100570822445,2.004691526709049,1.5822897254530006,-0.42092515247750983,1.922730398096665,2.020240604780801,-0.07240781909741756,1.747986551709304,1.709867451580875,-0.510183213314093,1.9420809261419612,1.7841464484655933,-0.0018858944815036693,1.4379235577098297,1.5929891740938265,-0.5432929055707045,1.626123479229484,1.4343556241680577,0.0875322390484623,1.060183407430515,1.5226512264115115,-0.5053951085239516,1.319628186144063
12.700000000000001,0.22912941372815487,-0.36618148439548914,-0.10494748825787378,-1.1177360004454817,0.8534538437622041,-2.9703783099073244,0.22517303996705706,-0.015503181679371925,-1.4300391696468393,-1.0073609993404453,0.8863702895142689,-2.2272753560747893,0.33176082975329413,0.057201312441733654,-0.640426311435492,-0.7727949842606829,1.0335123907206878,-0.8321369110004229,0.358523438325417,0.3111099908698327,-0.23659173825271318,-0.379941238774375,1.1776630575940406,0.3001833180666602,0.41956683953413665,0.592213873158929,-0.2944795149419983,0.10826527219656157,1.0060539194807694,1.2023063352158925,0.49833381942544785,0.520577492037567,-0.20174472079344175,0.607364364048042,0.6735954330755378,1.8094467408773163,0.7834320669061812,0.23426147276369413,0.15545065918957102,1.1277174877896101,0.32969493055979626,2.1160138407456253,1.1450247409065755,-0.12125833538387942,0.7343606461529459,1.5804664412660419,0.12182581182125674,2.139938709925706,1.4627648241889957,-0.26759293689944896,1.1098129615378785,1.9435368963474442,-0.09415300990491815,1.9808292061847987,1.7308466567558471,-0.4389794513058648,1.369591504296079,2.134848325234042,-0.22750484972382523,1.7095721429948785,1.8788257241727564,-0.6279172300358546,1.6880712411576175,2.1155659997486564,-0.27052976248027605,1.3918747262957953,1.845786030656213,-0.6498809953135387,1.7299627260000505,1.782206110989164,-0.1694731994237264,1.0462809698835767,1.635475570210254,-0.6428502789886759,1.4924686716683242
12.75,0.046860506267811575,-0.31634660159815225,0.10199955296440479,-1.1985769118215073,0.8488214586484011,-2.9219876392478827,0.16846752526356057,-0.06906298320103488,-1.276635549127701,-1.1301519237794766,0.7881165443129934,-2.140591706480075,0.25541147853683865,-0.16596322384925466,-0.5300799581198528,-0.8858625735989634,0.7753188995738913,-0.7736833305047242,0.3454945508004741,-0.06200136393430378,-0.10266587576428621,-0.46573783747144937,0.7639488769304936,0.36702022561940995,0.45706156938110243,0.1449955324958918,-0.08051347361365424,0.020453198760481683,0.7426231443717324,1.2171263636470875,0.5900063641043164,0.302131289390415,0.07485609955294747,0.5493791466036235,0.46412189317279307,1.8017311337905006,0.7823120351679914,0.14249122364922107,0.3163244920937338,1.0672213189249113,0.1322860796078107,2.097705479992118,1.1576274504801218,-0.17373701683413567,0.6316258976267191,1.5613819959181097,-0.134747099269803,2.1374635309205847,1.5572578267497477,-0.4876775713344288,0.8065540015791186,1.92015689464629,-0.2485258710596261,1.9722861290650584,1.8234989281336218,-0.5745128708180517,0.9067669054827074,2.1348945628004934,-0.37637037434896214,1.6998536364443884,1.96894241773894,-0.675088743381061,1.1879009929867566,2.184994780693086,-0.4388508045236783,1.3709362595226864,1.9609583621697038,-0.7967006621362268,1.5871339273880452,2.0591890524457046,-0.43218703192196894,1.012694904489092,1.8435781698365459,-0.767034490356722,1.6168944025128547
12.8,-0.10563163410769544,0.06414936893710232,0.35060250239659857,-1.2572678180626662,1.097793706985155,-2.892248890783986,0.1527079363656556,0.09023519443578798,-0.9897208685645806,-1.22146775336057,0.897747408049292,-2.073345585577069,0.22065939374732713,-0.18359965415187984,-0.3736014079574719,-1.0231088774924224,0.7502986215518259,-0.7039895494962178,0.23567620916395637,-0.2429822909457766,-0.01119591966336364,-0.5913703458901409,0.5829291343539422,0.39471024668366717,0.4056330606793015,-0.21405754919474174,0.02160251576858807,-0.08129095244270523,0.4213973557833839,1.2344416106420453,0.5959852908498016,-0.08483492225390732,0.20496608521022575,0.4191314795415746,0.27193727368098664,1.784238892082124,0.8053076142096891,-0.033026338245920606,0.4661616028559954,0.9296105836513835,-0.03913453590322469,2.0730730604968217,1.0663223129080346,-0.2310619787623791,0.6397132360087645,1.3980496207177318,-0.31751817597340803,2.1162077994046413,1.449062366419261,-0.5363840511880246,0.6924865434834016,1.7988539913084534,-0.49499439039553117,1.972556503406132,1.7934604388888877,-0.7859802649729124,0.6008328317633309,2.0445346346523996,-0.5310952451410955,1.7035178908002924,1.965076703640288,-0.8180339105651149,0.7407801510199565,2.135810723674383,-0.591195397961175,1.3782767105080422,2.0076506585002534,-0.8621113975015696,1.210919491974671,2.089417414555834,-0.6047900138887163,1.0109887994077305,1.900962501892014,-0.9338501018924941,1.6038373882792762
12.850000000000001,-0.11560603200778836,0.5026896675044455,0.4254623098854594,-1.2476144229823527,1.4025230302087133,-2.9359223113278343,0.06988722823656168,0.26583510972391466,-1.27757672349817,-1.2326888782712109,1.2815674413833777,-2.02381932060141,0.14317329121503897,0.08614462260897837,-0.16835426643118012,-1.1139023173568496,0.9445109843607957,-0.6554104803210303,0.16384559878929128,-0.22512226133132884,0.07803064090525025,-0.7152819884722206,0.6296757844701517,0.4500111708355359,0.29166979842696295,-0.355678951151263,0.08796629551210583,-0.19819101732119648,0.3439525179534719,1.2389036710693135,0.5124719756844001,-0.38923826546420737,0.2341609897654482,0.3186053319370252,0.07841848149233055,1.7650411396037868,0.7821764362744688,-0.33255859849233077,0.4976386407159896,0.7749539020391882,-0.14525429992330086,2.037729059410891,1.0364673588208528,-0.35270941514375176,0.677646015594034,1.2023638461661879,-0.43893149854840274,2.0866286259816813,1.2892270013330653,-0.5575891054548284,0.6900791386947938,1.560193581812479,-0.6492514693258578,1.9575463155148398,1.5997901621336852,-0.8207380989659894,0.5297417194028915,1.8454554090674602,-0.7508510939752222,1.7130906650771527,1.8483940596241912,-1.0073830727012003,0.4605166232692264,1.9954575546580333,-0.7371090680012582,1.3956674139462182,1.9328027458988088,-1.0021663600808501,0.8207012808909157,2.0026174097423954,-0.753081111724283,1.0344536984132746,1.922412342178208,-1.008999919544499,1.396055957172808
12.9,-0.10123560546455905,0.8099712705338197,0.26019985456452804,-1.1923935520495155,1.6397048503761003,-3.0439936240294374,-0.009475266248451186,0.41795102004101925,-1.7104196336080695,-1.190757623585701,1.624457339595069,-2.0586397435484027,0.15649481545733535,0.3197493339165287,-0.30176679051862165,-1.0643537312516838,1.3743181337331523,-0.613057994438091,0.09366245373049997,0.08045920825757014,0.12379940608588891,-0.7955840628399802,0.8696607577209692,0.48196026974972384,0.18587838469576634,-0.31007553470522087,0.11005345794004245,-0.2899966507682361,0.4492505070401931,1.2805250899797804,0.39462648176580306,-0.495456208643148,0.21121470925690256,0.22433281674640426,0.10818730132853283,1.7547243494873732,0.6856798756258233,-0.5596169589462107,0.4867456252271869,0.6867092060057711,-0.20298518431692614,1.9982596782897133,0.9909726526328739,-0.5485116708540778,0.6760200215522885,1.0403309777262937,-0.45904563806245857,2.0457973784856884,1.2348911430143845,-0.6118155230850864,0.7280427426192604,1.3304096621857742,-0.7162764967520863,1.930543462864771,1.4017579501851527,-0.8017636542891309,0.5991395535203308,1.5596094031086283,-0.868124431939572,1.7071826332656326,1.6054282424522404,-1.0185876642073697,0.4425506092587457,1.742368777080685,-0.9195180483711907,1.4151878871790862,1.7631696839692517,-1.1603282136971587,0.5673877621236773,1.8275650732679072,-0.8836690187279039,1.06335888338435,1.7915274890924957,-1.138675488749356,1.0997107762150886
12.950000000000001,-0.046379770224560045,0.9454494429460529,0.1462260402231196,-1.1294535535359485,1.7404528962893817,-3.0948358996870384,0.02732170095381603,0.5433280634355375,-1.8777780338731853,-1.1162181860606468,1.8190895924060069,-2.1281130729557995,0.032791203124904245,0.5325669697058923,-0.6440441043563208,-0.9913995878254056,1.696769187356697,-0.6447976306438497,0.06177255443149399,0.336460184580484,0.044158911951236335,-0.689393097652431,1.241292714519453,0.5232800554455563,0.11968758805859125,-0.054529486698601914,0.049479989507032474,-0.35487659615566436,0.6951899698762576,1.2982777305305992,0.2726490028354822,-0.43973399081486253,0.18987823207720367,0.17177551767651345,0.2526689308175989,1.7818017621146343,0.5633360484439476,-0.638613684148622,0.43765679668085267,0.6202757425611338,-0.0795295896191961,1.9793501064175256,0.8925960125223384,-0.6945900044337519,0.6811068681522756,0.9698962171968528,-0.3927138367154681,1.9987704642035664,1.1783744447276199,-0.7043822669050295,0.7484513693304022,1.1751245630981444,-0.6595084876007062,1.8914056472750573,1.3499898436241424,-0.7886887118624784,0.6942627586582126,1.3168553224798485,-0.8817090413520079,1.6852873389162204,1.3974756294676394,-0.9577461466575249,0.590851797697878,1.4331204364618877,-0.9958874861752864,1.416735884602942,1.5003277757148037,-1.1414600344488435,0.5620391815919492,1.5408168771799158,-1.0231498688043361,1.0898256406054652,1.5937372477755647,-1.2610290390426702,0.8621391709873374
13.0,0.10867767363542893,0.8440242739423922,0.15346302284343383,-1.0137366221241484,1.739828511657997,-3.1025135751222788,0.07366901230247924,0.7767963268910694,-1.5189717527011422,-1.0480658006902166,1.8568697047396432,-2.1376345585728407,0.02599601267420093,0.7404819200790755,-0.7305442520015524,-0.9035822181336339,1.824381821954697,-0.693087926931224,-0.03645073063016557,0.5849450062016603,-0.02863888835259576,-0.5993588966441266,1.4745537348181115,0.5101461419651598,0.01172514573778849,0.16964236565682755,0.039946591935281495,-0.20894092438184408,0.9377408202643833,1.3360230562582776,0.19572582431324803,-0.2731355409503742,0.1899039380765153,0.1223668118344623,0.4717139986121355,1.786339852239509,0.4248156950803643,-0.5898394000761109,0.45039844396928297,0.6040332946858573,0.08376059863755003,1.9904307117508546,0.7704512935374075,-0.7568035317875951,0.6604854109101463,0.9303332882443094,-0.1983077907989328,1.973945194889758,1.080020650284167,-0.7823363785557678,0.7757728891071864,1.1242367852416502,-0.4913566839156269,1.8435932039514824,1.295993506914685,-0.794165226220489,0.7597426399195928,1.1779893727886082,-0.7611653923083805,1.650107377590735,1.3694855967728787,-0.886605510852014,0.7357770254393676,1.1932788078370038,-0.9602188327815586,1.3990157846865385,1.3042000411684138,-1.0409836008972846,0.7306112229743279,1.22642896874666,-1.0582338197671648,1.0950283775421448,1.3314945714707533,-1.209129164374986,0.8184178727046948
13.05,0.3033040938577233,0.5296509144372809,-0.0010294249128279507,-0.8032044420117135,1.5191922541077396,-3.0965356534937016,0.16026818386152852,0.6821516347400736,-0.8631465692705649,-0.9126617455051145,1.763119203143333,-2.1021471284650772,0.04002865266473543,1.0200474958897088,-0.4565491087134159,-0.8429863946524208,1.7982699723825313,-0.701308366105482,-0.04105336709028884,0.8654466162006176,0.05847948763473054,-0.5154301141622586,1.5086976546215203,0.48348767557079286,-0.043578481591664,0.42690549589818527,0.09040625954176318,-0.11828079536647884,1.0423390476471361,1.3378987002537013,0.06750187253433304,-0.0795277393020355,0.32364526341764255,0.2841040217776669,0.5542693920991848,1.812086021793562,0.3651458047629812,-0.5047057625144917,0.5691511950395021,0.5666624505030526,0.25397845674156816,1.9814360880657578,0.6280312199535467,-0.7275576789356486,0.7167832474689801,0.9420657107318142,-0.033867543752665874,1.9678600747874442,0.9628409659505173,-0.8372719437615235,0.7646687494680608,1.1076162864715622,-0.2509157788824634,1.812707157780744,1.2044927925535407,-0.8242578915436584,0.80541180541426,1.1456170117800557,-0.5163779906812538,1.6032998058794456,1.3268324641268445,-0.827834676036239,0.8333013678335853,1.0760373395794698,-0.7897539082738714,1.366860524502928,1.3136087699650685,-0.9241177313934106,0.8767652465989269,1.0002483921975713,-0.979497518155168,1.0788373232682917,1.1614608131823123,-1.0748876781925625,0.9336042083946334
13.100000000000001,0.41098335836730804,0.09049185799775886,-0.21263157737882366,-0.7122913380034834,1.2412218147266252,-3.0455856887726918,0.21178485941262104,0.5023259593150324,-1.1373913112533471,-0.6891118898781334,1.4140388436215545,-2.0441854175929297,0.15267299835555348,0.8312691565016574,-0.1713568397111811,-0.7094212906066932,1.6221815241751925,-0.6748595158275794,-0.01828398990656277,1.0792480356339227,0.22652628657894425,-0.4826576979798336,1.4275509637629247,0.46572466987508054,-0.04510544464593158,0.7621859424841992,0.1794912802630363,-0.053839504126500515,0.9771623227677084,1.3199184856636137,0.04786157146322445,0.1984920137401005,0.4434427864371987,0.35904997574975006,0.5222394402878772,1.813999211987949,0.24232471029066716,-0.3116109401128493,0.79662449439565,0.7196750565735144,0.18010509396051422,1.986521713505689,0.5967286510604941,-0.7060517666983637,0.8721216503512721,0.9125851820058095,0.07705508419019402,1.944592578040557,0.8389142888966727,-0.8366580003228132,0.8072657281536453,1.138040571924006,-0.098401153451535,1.7890405054107794,1.097093902484887,-0.8803769492893598,0.7980146626914129,1.1468923120494656,-0.2523626093055853,1.5647935097591137,1.2466738486823585,-0.8294636530644564,0.8800530115586602,1.0594440901721525,-0.4920359028833854,1.319790503610907,1.2865314280854885,-0.823300616720585,0.9719641861404491,0.9063769680731903,-0.7724565240165671,1.0471811941739733,1.2140974374038003,-0.9241370443536422,1.0255796449889416
13.15,0.4160793137532472,-0.2783953468734944,-0.3368264067909421,-0.6956907567732706,0.9844329506828364,-3.0018505059743705,0.11880192746996021,0.3091362069625503,-1.719553425247397,-0.6447451911291191,1.0696320127540782,-1.988962157667007,0.17676883144275612,0.4966410208940977,-0.38987316009295947,-0.49170120944591833,1.1761796723350937,-0.6321224405606563,0.13561431265804336,0.8519406718118769,0.21541444222451045,-0.3829563655156143,1.201733448914779,0.46348011588020155,0.005908939076010533,0.8975320467002028,0.20264876771263335,-0.06118275282293695,0.8583889469935002,1.2858755183557968,0.0479605288925673,0.5464977151940795,0.44456219177840317,0.3922475406415771,0.37125348455662177,1.7902778197936664,0.24400233120250925,-0.01373417524629339,0.9108033163790251,0.7660176585223599,0.028571606329927945,1.9757031793383995,0.4891659398786976,-0.5101938804814012,1.0956798928626965,1.0378896402623727,-0.12684031568261034,1.927520329632183,0.8091674216885085,-0.8657825157699166,0.9086795704421311,1.113992260761858,-0.0477052014178625,1.754295416338768,1.001711077688202,-0.912585665039684,0.8063173788761426,1.1883506351404671,-0.12015764523938266,1.5274382428029698,1.1506309968832595,-0.8926928055068509,0.8737329418061748,1.0739741780958,-0.222672317717314,1.275501285747496,1.2206603466907109,-0.8112173806244548,1.0007851753239156,0.9024397825721131,-0.4428645425506028,1.0010334627969746,1.2046869124717325,-0.7998519421075343,1.0893881790283941
13.200000000000001,0.3357764144396524,-0.6193370259833703,-0.2192136656434535,-0.7245330791215965,0.6913821717657909,-2.927875637537092,0.1179935116843841,-0.024389910828735095,-1.8478954210788823,-0.6874013951292479,0.8051032867931163,-1.9583036560058864,0.10666753837901011,0.16267646295300298,-0.6656003734930771,-0.4969404201116179,0.8101665215880827,-0.6179829784984037,0.14020674801583655,0.42412058452414514,0.05114000466254709,-0.20638739605694845,0.7296812558485755,0.46061190943902597,0.1827441259949154,0.6451967289982137,0.13792986863681211,-0.015170841151492809,0.6193988807947548,1.2507247058678561,0.12494355955043757,0.5833251284651255,0.38204962615592786,0.3421696179372091,0.2351552981999916,1.7409930587289124,0.23830295513632338,0.2889249750976246,0.8097179436963843,0.7624083110237745,-0.1827598416970755,1.939736255029021,0.48930196416062666,-0.2282557137446357,1.1593777767385929,1.0496316606815093,-0.3668529312266955,1.900784124352043,0.7234286281020101,-0.6858484117715637,1.0812062847792763,1.201512874087527,-0.34509365393720515,1.7213529887481982,0.9488481615381259,-0.9809801944398908,0.8344969687994805,1.169215886656354,-0.12440134378531642,1.4874180682295057,1.090226941782426,-0.9574331239606613,0.8515784385303368,1.1210935767838581,-0.1150837151924522,1.2318292210727966,1.1370877461894757,-0.8844304616546432,0.9901557196103544,0.9263822631815843,-0.18180619118073782,0.9560585707274327,1.15746546362923,-0.7830966280357958,1.093757783739396
13.25,0.19982884950251403,-0.7064343220609586,0.001755676278626198,-0.809257125620495,0.5645639486169163,-2.8995874158710477,0.17392668576162085,-0.2541886009901908,-1.1273534097128546,-0.7660507161777952,0.5399313349289869,-1.8955074897652668,0.1054375277091637,-0.21590654581183655,-0.6029934897896323,-0.5995141996427922,0.5861827297883426,-0.6269973481136404,0.10432534032798413,0.0199718493195864,0.013811873293666621,-0.2616986846109981,0.4119694017650932,0.43005471952000773,0.18028209025097586,0.19435345949751448,0.0721322764949699,0.09799288630692793,0.1860950421866736,1.1986100315484594,0.29587953883766294,0.2774074064083045,0.33847934331019636,0.329119541445797,0.013626694978423615,1.6812946939939688,0.3043249509296393,0.22892197814587334,0.6666043348660395,0.6754102778291582,-0.31866911708826606,1.8814905944470783,0.465048618636031,-0.012622352313387708,0.9908925186809547,1.010878470536265,-0.6100150502513291,1.8537676699252503,0.7004561946326526,-0.44873111328637494,1.1162876990141501,1.1799075276021131,-0.639537150042151,1.6819623126557137,0.8802703960936129,-0.827895132661828,0.9457389584382921,1.2165570131783765,-0.4788949513240581,1.4465209779246646,0.9989787389746805,-1.0525922113882702,0.8242484632736929,1.1071425253545542,-0.16582695874054032,1.1918999531044583,1.1166063339228787,-0.9781315227993466,0.9553760205339339,0.9753370766901615,-0.09991888755701339,0.9122135549822902,1.0893615788898272,-0.8663381065685009,1.0726758802897862
13.3,0.07168359440192643,-0.4966531960041008,0.21713992799752044,-0.9053330812087923,0.7288611947325618,-2.9011962523293255,0.15207444707503237,-0.2130508159217228,-0.2920370426545231,-0.8891639431008835,0.5664405256088667,-1.8445104944250024,0.12416936404201895,-0.36036452893323856,-0.12406414081483397,-0.7211775381354357,0.39124140176656663,-0.5955118424866401,0.09899038628686041,-0.3469284420588278,0.11131136849241108,-0.41326088411011597,0.28078435446717176,0.3912213353512839,0.16498220540227304,-0.1916804169466284,0.10531528730609685,0.003046637570625066,-0.03662445744001097,1.137633217802052,0.29361006005836665,-0.13696096584691353,0.21700929669253377,0.3718934260840623,-0.33582769383918354,1.5956755693822688,0.4535641583451624,-0.1512930685473759,0.5882720355042261,0.6098039123228194,-0.5032832150315603,1.8113742239287,0.498509941311434,-0.13516973131671817,0.7943310810386799,0.8985567408326744,-0.7334800075970715,1.7948421715084162,0.6535675397980087,-0.3211057846030707,0.9574458551230866,1.1133403831303301,-0.8892984300202711,1.629630925528448,0.8253528170289308,-0.6352191504098923,0.9770076486481368,1.167371279781011,-0.797878798890097,1.4004947792549949,0.9499663510106116,-0.9225605952472737,0.8788411718172131,1.116673617595163,-0.5465067913539778,1.1497283671527736,0.983539612401072,-1.087603424225474,0.9081458307478757,0.9667990410930472,-0.18755576245598427,0.8763831034258912,1.1113258298644382,-0.9829737075669212,1.0466720284151894
13.350000000000001,0.0405112081340307,-0.1757911258797876,0.1510136494359922,-0.9534325553835421,0.9507025735274288,-2.9424021722581117,0.0705321142133295,-0.06655848481423354,-0.8737524529837248,-0.9911330337084401,0.8913018149213459,-1.8244574360532284,0.11394143741944296,-0.21951198196196975,0.14694995184889792,-0.8596078961675602,0.5368065579614534,-0.5472145473268775,0.09798601432539866,-0.43473175083434423,0.2055626281118601,-0.5610739373801188,0.19653505712740493,0.39919419537577605,0.1588651858270319,-0.48816650827756114,0.16112503549463203,-0.17694981354019923,-0.054007629000301094,1.0873785167862349,0.28121255855401117,-0.43939949123554906,0.15801858093480903,0.2536954585254758,-0.44554131933356445,1.5252448413992004,0.44516029168649063,-0.4812632008588801,0.38475013136369385,0.587850230161564,-0.7477683875869978,1.7150615771787125,0.6125956832801569,-0.5401400344663463,0.6838841635118786,0.7943933626469635,-0.8726725693366033,1.728050690042412,0.6593064203422117,-0.46154659116406904,0.772930622451715,0.989569698965771,-0.9933130284011993,1.577190368366581,0.7618053878093938,-0.5678784227816389,0.8758846159336465,1.082546701429683,-1.0354354757594963,1.3493733639326833,0.8624091591374392,-0.7582798140691809,0.9155460649708327,1.047197265355586,-0.8669849382530792,1.1029555176809807,0.9620146643658576,-0.9707512355550403,0.9225973730307041,0.9431915301383409,-0.5701733059764713,0.8372417884857264,0.943529788412274,-1.0964679350090423,1.0142459637891925
13.4,0.010795923030309051,0.1716320793141472,-0.10648897807536035,-0.9926441893439852,1.2239898667182203,-2.9540669733625102,-0.05157382352988393,0.10469331888373334,-1.5725657454003044,-1.0404398056315012,1.1916513727070521,-1.8575686152204374,-0.03701382044767909,0.042183141379138256,-0.15704026155101447,-0.9492319569027208,0.9425151252587494,-0.5327634197254794,0.06724876963807502,-0.24995013688543044,0.20478481647484748,-0.6885586657814269,0.4168671680301461,0.4440557434480108,0.1574201787008176,-0.5408383346775022,0.15464045305843854,-0.33008846669047465,-0.019350313571786515,1.0844441822505169,0.2753838951791622,-0.6385633181257322,0.1706726786996009,0.06863710957423663,-0.35639695566755947,1.481012490990925,0.429440997187053,-0.678011531551346,0.2500994774303613,0.46337006082429966,-0.750403410300331,1.6530614980304692,0.6022890892188211,-0.7630835004152603,0.47007055460127334,0.721423325944941,-1.0106451138954586,1.640991477839051,0.7299213483895455,-0.820935803094319,0.6674599247233841,0.8634773153163611,-1.0864484082740855,1.5231857196349052,0.7514796150209635,-0.6873806712813648,0.7451470601519559,0.9598450597396013,-1.117113861615815,1.3079317120766432,0.7888016641135414,-0.7263769300126244,0.8818538272502361,0.9531135824061288,-1.080062629823173,1.0581631309828792,0.8446625015120364,-0.8206294528418514,0.9582320893298253,0.860381523175926,-0.8756165477182254,0.7940630383378688,0.9562327297973374,-0.9846143979880064,1.0128519999914296
13.450000000000001,-0.010196652773106381,0.4624575849046964,-0.0303957110196227,-1.0251031382004339,1.4613324597223798,-2.9002614035117036,-0.08028338169694749,0.16713289614791194,-1.9110927391289692,-1.0729589488938185,1.4807393033257732,-1.8680051765345773,-0.17627740331370112,0.2368032272534064,-0.5671143204574354,-1.002805453836637,1.269743330114812,-0.5784995961004502,-0.11575333488628425,0.06651019198094632,0.13256703081160937,-0.7504257304781614,0.8109701951225201,0.45751918492014987,0.10166555370746555,-0.3742320290355492,0.15490229508593684,-0.4271801095101502,0.2263387181208909,1.1257014917174035,0.2799478745639714,-0.6771942924089023,0.17774087005623784,-0.07048625878609549,-0.22030260005767133,1.4790465758341687,0.42691704350355186,-0.7810663961128159,0.24238144026844943,0.29368265042390984,-0.5801194096708295,1.6255923198472555,0.5850276853810863,-0.864094020185155,0.342175128462614,0.605149221513086,-0.9261038727818782,1.5977118630729914,0.7337921122412426,-0.9440058949228243,0.5178661426368034,0.7561937717543854,-1.1282197989762643,1.4575220046076365,0.783347591536586,-0.9723910934786273,0.6622017475360229,0.8267374673334116,-1.1679868315683795,1.270974078346374,0.7752890063018958,-0.8042554252259726,0.8166556946513575,0.8407544829556146,-1.1391208479676473,1.029620605473605,0.7628879790162153,-0.8110693850177215,0.9707531668119946,0.764192796944374,-1.0571346902990486,0.7586079007519408,0.8141702377025348,-0.8441767083625011,1.0373280198834514
13.5,0.001810487415994874,0.650481554883349,0.30484671703248944,-1.0338337483332039,1.6585014403029907,-2.831526317506623,-0.21497120851503027,0.49647214795113714,-1.8363084230333269,-1.1006503755634567,1.6826435942676854,-1.8180904822792598,-0.19836049208173168,0.4057001645783074,-0.741935388945367,-1.0340395829410687,1.5304696110248317,-0.6013385374577074,-0.25976767414633706,0.2632519659525563,0.055947193764208536,-0.8097213055134889,1.1047320461119403,0.41301348325153864,-0.09336602420771678,-0.07970123164326659,0.22578651079890796,-0.45400877694299346,0.5374597560749228,1.1419847934073357,0.20803337769706198,-0.5649498822938939,0.22279700568712657,-0.12657566340632087,0.007267800052845885,1.5162509198624319,0.4395379120557126,-0.8240888477643108,0.2792822897450209,0.18282489892799347,-0.37446601929181256,1.63198376624212,0.5882712528018663,-0.893005501457102,0.3420250180575979,0.46582918348950564,-0.7066237812807996,1.5902067570295175,0.7207525414631636,-0.9756944199664267,0.4473034115364469,0.6587304583473319,-0.9809228048995555,1.4358041983343806,0.8127969323115847,-1.0209618648758854,0.5884946041600562,0.7003874131096577,-1.1288625101324934,1.2307670813971128,0.7761646239059805,-1.0152628017046288,0.7550196370658316,0.711774605089559,-1.1532791801152253,1.0099237046394154,0.7539957902716552,-0.8401685731521873,0.9639267103762896,0.6679620938216857,-1.0947263958838738,0.7429059973812008,0.7208518233257097,-0.8546039698292889,1.06666834483576
13.55,0.06113964415922434,0.7201479192950737,0.5296502935537387,-0.9874239919717809,1.7193493034068164,-2.8032346345975734,-0.09381777115205825,0.681162694824156,-1.054893179034346,-1.0876537572100409,1.803235171142541,-1.7493508633364852,-0.3044622913267847,0.737041660476438,-0.563944424804736,-1.0625855067627121,1.667323230415536,-0.5662348714428034,-0.2910634535326233,0.44279905484110116,0.07516441151866304,-0.8442529954234512,1.2924800371581746,0.3920262441254252,-0.2288027307276712,0.08511599799940606,0.24590435033266508,-0.5171898327840196,0.7532150768881563,1.1095996589570811,0.006739289756364286,-0.32373957512266216,0.3664823625880107,-0.11812748144066632,0.19316820451879657,1.535192196374331,0.3662058271746711,-0.7739240620000252,0.3789367268613588,0.1701570368748495,-0.1964331868976421,1.6645576006613583,0.6085601652815511,-0.956167037374868,0.3872542909454777,0.3917001454858582,-0.4665199831133382,1.607260543032516,0.7332646793921903,-0.9624702318347544,0.4508065156221337,0.5588762495106314,-0.7421354584165529,1.4461315559809795,0.8107789506084994,-1.0146850686368971,0.5703232818589595,0.6278342062338771,-0.9415907580367389,1.2285177588478402,0.8364040359715789,-1.0160573378817856,0.7234206717960723,0.5780435424889463,-1.0491640473744734,0.9935044329195508,0.7290984118877522,-0.9879159390672458,0.9242076459084092,0.5503703664907089,-1.0780790058842094,0.7382722499863287,0.7167186208227603,-0.8359033719677291,1.1076381282503451
13.600000000000001,0.12575037678493883,0.5068970802360334,0.3939978372118766,-0.93951829579352,1.6324608324566947,-2.80647955245676,-0.024839818368940336,0.5807581600025555,-0.17845636794236652,-1.0243799798489972,1.7781498137555696,-1.7133281046185345,-0.14563705993700093,0.905978566023065,-0.03755681802829702,-1.0366754727014005,1.6865505266859104,-0.5044702018454195,-0.3472113618973327,0.7554744156827651,0.14708043307232033,-0.8779254807523662,1.3427609513703453,0.42225113072432263,-0.2732012085649904,0.233395539336533,0.19484675324312348,-0.5554954035494752,0.8420447420128596,1.0987176512805408,-0.11135462421257447,-0.1816349440997842,0.3918722170545442,-0.18077760233386364,0.30577786672942864,1.5179599030142565,0.1749582903755551,-0.5714872522135332,0.5677848687462905,0.20916279735212484,-0.15004849368987827,1.6833982308216777,0.5499527184109694,-0.9657520355514508,0.5101195000185499,0.4193953319322219,-0.3558180319325954,1.635155449466802,0.7618807207016149,-1.058046345987987,0.4526982145125562,0.5248724113662062,-0.4981863242236395,1.472580608248506,0.8378395707527078,-0.9893061181635011,0.5623545691730404,0.5710112713088344,-0.7069661646997405,1.252197224631042,0.8486938254526876,-0.996671928865734,0.7262007154405908,0.5325397025635681,-0.8404451044201444,1.0063688737453396,0.8184815281440129,-0.9603515026387865,0.8938548866420418,0.41730587343442593,-0.9237684021728221,0.7409605365851796,0.6678040707664752,-0.9312325465175892,1.1021727161201196
13.65,0.13578641938082975,0.10779128337197175,0.006907954899334167,-0.9722764714215959,1.3856076741263124,-2.778001490306352,-0.0548515798743584,0.45670530662472153,-0.5011487816241722,-0.9953395320335856,1.588536371304028,-1.7082718895415727,-0.12181291213995138,0.7121383870194995,0.03337770209942503,-0.9789415727111672,1.5750520919359356,-0.48474355403207214,-0.2156828742135466,0.8888913374451168,0.1023509929163321,-0.8486227727429085,1.2520535960536439,0.47989099697318016,-0.27677157823259946,0.5381495132530296,0.027890659774347126,-0.5936954602701139,0.8000325234967809,1.1277587785187726,-0.1560446600525056,-0.043810152953424275,0.25751254905045284,-0.2199619430589994,0.28783031440004603,1.5176105005479568,0.07171253626679652,-0.41756351666893377,0.6020383883687426,0.1521992402500505,-0.1472074587876282,1.6783242415968291,0.3759107728257898,-0.7820297617676497,0.7142400127159827,0.48214015996327575,-0.44191010668893416,1.6512430012739387,0.7286283641874987,-1.1255450177850896,0.5391429049297578,0.5871469940956464,-0.4606482494208164,1.496579957456159,0.8773709745091993,-1.1245318700250808,0.4964455596420705,0.576391138917578,-0.48175483006507314,1.2852160675477886,0.8937485640397476,-0.9811768208038921,0.6986479540434881,0.5180254822037522,-0.6261749306085207,1.0387382006952222,0.8437840182740415,-0.9426383321033817,0.8886957258585535,0.39807812853629,-0.7077393565826018,0.7641429435214064,0.7787605272876139,-0.8845198313761584,1.0495151788170023
13.700000000000001,0.057910762093509566,-0.33520094175147896,-0.027834691819775787,-1.0933040629278157,1.1017685171275993,-2.6610436636369594,-0.18693213119153684,0.34448112263777064,-1.2021062085176177,-1.0831878062950562,1.2335513095750228,-1.6819207270524905,-0.20114551203739528,0.48715426466590905,-0.28607095273873195,-0.9784647747782182,1.3099490379554268,-0.5041076606432848,-0.21771839473213528,0.6704576287108397,-0.07069306695042415,-0.8149832628074627,1.0694918298870348,0.47727091181288817,-0.20733530393433997,0.6454748421625203,-0.059016066007295476,-0.5660269544308072,0.608536772224042,1.1764161153986796,-0.11453655444190458,0.2528838873989492,0.16135270582516026,-0.2586154054782064,0.16045703096502884,1.5440198523469673,0.045350543271256205,-0.2525747209574827,0.4548047574674625,0.11644080327998907,-0.26483972830030567,1.6843213868458617,0.28563745155000353,-0.6088447200960299,0.7539332999238149,0.4357409925156386,-0.5410974255693857,1.6532863666751296,0.5624697638925897,-0.9596220441453065,0.7251470682282535,0.6668804997198752,-0.6592244765048383,1.5087914094368027,0.8719376638782306,-1.2466893769965943,0.5136310149178303,0.666349406067015,-0.5145538281816631,1.3066269314416157,0.9456052635824037,-1.1576250505260837,0.5734326238346515,0.5591392644240889,-0.4340179895881757,1.075379286987841,0.9072649676588567,-0.9496762709011618,0.8478676338777315,0.4221904388157549,-0.5236890204564348,0.8013648644751514,0.8118167400143323,-0.8732074095379994,1.0193127829328588
13.75,-0.06813045443482493,-0.7826223010326484,0.20282798631082766,-1.24332788040312,0.7580505944464555,-2.5423377720057716,-0.2859741564614149,-0.006012300492341582,-1.3308388527036157,-1.2477477640125434,0.8748707747384099,-1.6058353169893458,-0.33382094567297027,0.22022019406227955,-0.3852909572497967,-1.0938046397171997,0.8948062520860001,-0.5123704911150395,-0.3005537534364048,0.41495596465465057,0.012172013531278947,-0.8462048058831106,0.7703069158831255,0.42478273817324386,-0.2219160603324195,0.4686556519038301,0.0495107463002879,-0.5635349968661973,0.3774170951888145,1.1495004442257506,-0.10273849917313282,0.30285760088594404,0.3044948039767168,-0.23404346717184943,-0.110085323925313,1.5770411978199017,0.1134881803819312,-0.03641967078418329,0.49201368099534304,0.08259322776998701,-0.46180709050818614,1.7049618231491315,0.28888083888874405,-0.4351361051803604,0.6098422291650964,0.4078895793192494,-0.7412753374828318,1.6608321269910198,0.49001146970841014,-0.7947121191135174,0.7634637577037177,0.6350307543025924,-0.8439326660538926,1.5135475315061964,0.7094567501901656,-1.1075206236574235,0.6534159844303201,0.7571365476299041,-0.8002297293471594,1.3152148255127472,0.9662416627653792,-1.3271407782716667,0.5209404143324167,0.6696654939508395,-0.5289269921125062,1.0954864906062523,0.9713238974083027,-1.1639654533255306,0.6945620442494688,0.49353529221800585,-0.37193534706276843,0.8391998850211424,0.8917909106817339,-0.9066510007078198,0.9799379834161454
13.8,-0.18186017600401905,-1.0642580711083485,0.38600716958800413,-1.357959610925925,0.5112883164594129,-2.5458594257247213,-0.3485674837116426,-0.360343716559953,-0.9624226749681584,-1.4047113336052064,0.506283244811212,-1.5428525849732422,-0.43622218385404987,-0.22177969546427811,-0.24089941975780071,-1.2678153756979693,0.5198637646056214,-0.49345986488936955,-0.4013727397668164,0.03550669960976094,0.18056696310477216,-0.9591131336100078,0.3564341277061045,0.37615672037679904,-0.27201064931957,0.188372624302664,0.24444507699529072,-0.6205583514271673,0.0809665342589927,1.06715389890226,-0.12570291701454805,0.15613846008191867,0.5096146381643495,-0.2604217445165524,-0.3654530308869841,1.5290063820966604,0.07909625296282452,-0.11550238525097711,0.7481719093329287,0.10465529762806902,-0.7832021903579811,1.7186963681677647,0.36899541863820495,-0.38752071859214965,0.6964019246044846,0.38390747833603633,-0.9875039194679447,1.6737176777911533,0.5221116043560183,-0.6619050678768397,0.6184666181913661,0.6189461083690961,-1.1048385216477419,1.5193369926890854,0.6559468169471372,-0.9772047433357023,0.6811754614547831,0.7422878617062567,-1.0504193484002222,1.319840808663707,0.8062298172812523,-1.2192893543020955,0.5986422644936259,0.7664582126172537,-0.8758179915545306,1.1013283125958477,1.0160923499060937,-1.3703165401880306,0.595819260709853,0.6176628151089503,-0.5175544482486805,0.8588135900646165,0.9673990925789273,-1.1513330038934266,0.8372597917049537
13.850000000000001,-0.2030289182718576,-1.0828208974499072,0.4836111580223121,-1.4384903625725176,0.4647702103305118,-2.647523013822737,-0.4070695668523765,-0.538458401455268,-0.42929868765202617,-1.5004210307251364,0.34367968154712436,-1.5668816573169164,-0.48076869360916685,-0.5150810459660521,0.049188723561112146,-1.4057475217900794,0.18466601919832293,-0.4868942487343686,-0.47585073219038765,-0.4408290394561908,0.27051952173435223,-1.108494230420587,0.026558864710661823,0.3490554003663493,-0.3176224919116968,-0.25396423489715725,0.26571428350579346,-0.7064374617316105,-0.284651754537828,0.986668893932463,-0.12552265022344633,-0.1926732265041744,0.5250448000144583,-0.33205551797188093,-0.6321413803185472,1.4285861308273984,0.05902870603954624,-0.2858815407862978,0.9116645983674636,0.05730489074662337,-1.0408784696899431,1.6567296394943154,0.30626774770083265,-0.6137949898945148,0.9653165686056783,0.40524082687962704,-1.3309771625814415,1.669261044121435,0.609654259841236,-0.7915949318752249,0.6815492484178247,0.6089005483402765,-1.3794115305150978,1.5244423528690187,0.7123570033779283,-0.9039926478683422,0.5325428398741717,0.7404634177311697,-1.3499971893117113,1.3223763754263274,0.77036271008133,-1.1303025161673819,0.6095000340839573,0.7694061498555627,-1.1713287434964181,1.104466713155902,0.8589308815813448,-1.290952497471654,0.6121223426208344,0.7161092251879042,-0.9013841693785007,0.8627305133213764,1.0367429102719252,-1.3829531340237868,0.7245575752720709
13.9,-0.17452701326697362,-0.8890362445176255,0.3331868055452075,-1.462412907135513,0.5849419881411411,-2.7817365926261894,-0.4486805465704431,-0.530879239377207,-0.360043037609747,-1.5525101056217405,0.4365570866453572,-1.6468301641853422,-0.5067952038257375,-0.6189107493940496,0.28181412591543853,-1.4699313514578627,0.10700313101552617,-0.527556375079643,-0.49209214113356303,-0.6904017450640701,0.3061359013554912,-1.2048762240230992,-0.22425701327047687,0.31889095941831425,-0.3411869951765282,-0.7117435334234274,0.1820023047412121,-0.8069442701746432,-0.5315628798238592,0.9338585386562182,-0.1111914893825745,-0.6339485353211093,0.2744505486096871,-0.3750711130895201,-0.9209907793823957,1.3328460661712715,0.11283274469358529,-0.6906754142070037,0.7736722598153497,-0.016356188055217658,-1.2620286319060048,1.5528470841301245,0.29308569841967014,-0.8145586182555329,1.0904798700180127,0.34720925252536006,-1.5737392421082674,1.602284226686771,0.5404282409207124,-1.1085491206324625,0.9250247312862089,0.6318287200771344,-1.7199427540074508,1.506413061049554,0.8034409269602056,-1.1526401692751485,0.53800619182002,0.7467947491812454,-1.6342656457930849,1.3211014895042572,0.8458646069005269,-1.1028469199623796,0.4647492562390595,0.7827588851411971,-1.4897462959744923,1.1035983800110631,0.8386434713444535,-1.236090144558096,0.6059652608176522,0.7361759240526,-1.223377660184557,0.864031196788152,0.8848735480986396,-1.3254895994354108,0.6919305598157329
13.950000000000001,-0.06114461122756127,-0.6397285993860704,-0.001187750216066316,-1.440395982465752,0.7521905454599853,-2.8966075639548006,-0.3971946058920337,-0.449885763790403,-0.910640410604892,-1.553512425377237,0.6439407106445172,-1.758132277897051,-0.5308770470348199,-0.5918841580122787,0.25300359814998696,-1.4772264483089614,0.2786517559673207,-0.5901556529074159,-0.49639013651431574,-0.7583022307441287,0.2339855784501499,-1.2292116895019323,-0.22327853783218554,0.27603733701295763,-0.3329044429259447,-0.9119464567532892,0.12037252282056174,-0.8490207841050434,-0.6747413004667768,0.8890191178244633,-0.08437491666693386,-1.0257491400380006,0.08312325419911049,-0.41396990397432276,-1.0701582962809164,1.2755036878094983,0.1686146903369069,-1.0598024445329974,0.3630054095513793,-0.009964035236027513,-1.463054176931835,1.4590320120608513,0.3956332961640162,-1.2005959764867424,0.9079308992435613,0.2829398140758954,-1.7430509800769345,1.5076171173192954,0.5289155320480234,-1.3027607785583242,1.0492965974168074,0.5732372010945497,-1.935931355353122,1.4425057430961485,0.7426818989405946,-1.4937032021348569,0.7332505845195403,0.7733231732661094,-1.9527254423840823,1.2953263313393115,0.9373690721731425,-1.4042849778408897,0.4093914035612408,0.8061490867873067,-1.7685129217732465,1.0979498948526627,0.9277945923722279,-1.2290073368054877,0.48247257998747317,0.7641677380085454,-1.5437584237164526,0.8603285567202579,0.8786434044031717,-1.2946463590288888,0.6721529836028356
14.0,0.08968665995124364,-0.4943077849236766,-0.25233574532254893,-1.3949498920103087,0.8926030324568712,-2.942779193503274,-0.3679578215704691,-0.49780175925097625,-1.4683369051510595,-1.50109969920182,0.8399453983428806,-1.8517585802948067,-0.47404232689203596,-0.5009404896901128,0.0230927238180052,-1.4515197752690723,0.5159554530987354,-0.6833758273803969,-0.5067487938689221,-0.7287935586152019,0.21682236477908978,-1.1843713597681838,-0.02994725876979576,0.2362008915644398,-0.3351927282471878,-0.9633927069469822,0.10152446324270081,-0.8315482078230385,-0.6124026058736209,0.8537592787828108,-0.0681817068268018,-1.1668524035968226,0.06166020391691307,-0.3983581447493201,-1.1054762112040883,1.2343731438417094,0.23917198445960697,-1.3496188109374851,0.1659329995603891,0.014854536216386549,-1.5176341130115611,1.4126864919801996,0.47774115726146993,-1.4561700624888507,0.4764450036118155,0.3379756220722907,-1.8579349270858447,1.4283705967428373,0.6723332101284865,-1.6118594223947222,0.8985126860723935,0.5270909121808032,-2.0534555155857115,1.365228337196781,0.7330607214858449,-1.6510534010265994,0.8728474308602939,0.7221701568460492,-2.1348579878079876,1.2401354843699208,0.8943350858108592,-1.7270986320294464,0.5349334180506955,0.8374335848951819,-2.051712326854269,1.069698116398156,1.0168461592934133,-1.5375553135468336,0.3917471648244403,0.8037039960978776,-1.8052847916849357,0.8522620531058572,0.9751601604315825,-1.285807991980756,0.5910140532201033
14.05,0.23498239797343864,-0.4096280291318196,-0.10968763387784752,-1.3519177717168018,0.9455085812093245,-2.9303144401685164,-0.3502805223486649,-0.5021575880188176,-1.5902845387041333,-1.4311818175850188,0.9538569384328888,-1.8801732591336262,-0.3809063715925718,-0.48146618761498483,-0.2364775632089664,-1.3762279919226206,0.6991897368043976,-0.759707279472055,-0.4299198738240033,-0.6459002335677928,0.2907932799690274,-1.1334892673198294,0.18350393447236435,0.16949807805493933,-0.33828625701193693,-0.933689658200233,0.24329913260798489,-0.7362962737703427,-0.4420164800822768,0.8350375495841122,-0.07849519460169874,-1.2044839546379535,0.18803978157956236,-0.3424223476210031,-1.0037796308997526,1.2111169404860722,0.24784813448606768,-1.4305416046339623,0.23545645198603282,0.0837955499717502,-1.4603093591201954,1.3861089618891342,0.5798297262991841,-1.6352536504263502,0.33806225128833733,0.4209327056736889,-1.8315869450528766,1.4005216936827614,0.7811380838378781,-1.7547966342902726,0.5193883920675032,0.625301348466456,-2.0910652355613735,1.3070766282617419,0.90899242825454,-1.869597171415355,0.7935643425760857,0.6993033465284659,-2.204053123912346,1.1836608437560037,0.8886942800588147,-1.8354963185837219,0.6811930593836185,0.798856721406338,-2.1965030419867926,1.0261977574867631,0.9957129772340743,-1.8214506493886247,0.43755376548230607,0.8398786629969068,-2.045051237227189,0.8253731357382493,1.0583297361435249,-1.5782049845049353,0.5122499202683328
14.100000000000001,0.439481539982218,-0.4894400651676129,0.21570690965444278,-1.243020043089369,0.9073809318434645,-2.8757560275536584,-0.18780475742762825,-0.48524344678919373,-1.0016075390825443,-1.3818859332739608,0.9573209852993259,-1.8592408351950507,-0.3263313435978574,-0.4867380725491164,-0.2845014624324458,-1.2921628842273192,0.7676343637981775,-0.7776069771907745,-0.29751885017602775,-0.5985472139867056,0.31435898205201407,-1.046564062369404,0.3172714101069385,0.11788636052784351,-0.24940401093588282,-0.8494751884127223,0.36029617683099036,-0.6643142333955154,-0.2904325957906373,0.795611023045586,-0.07157661554415173,-1.156275621633096,0.3973991165501979,-0.20567741582661725,-0.8851524081376683,1.2062047212182447,0.2333744711966046,-1.4579715032606273,0.4845342741082509,0.17091359755548652,-1.3410040716211435,1.3745571164738368,0.5792057168276776,-1.669864194036999,0.4849293963609954,0.5338582738658282,-1.7041130589405817,1.3915818228359789,0.900706811406577,-1.8420937687398151,0.4308892090431069,0.7563721557825076,-2.0013437246091526,1.2984433805223594,1.0445746409288028,-1.9239442560644577,0.49835045155961266,0.8325047232981264,-2.1760064511056543,1.147886001259305,1.088605674166574,-1.974864113685536,0.6876972573416209,0.8009492405545338,-2.2222141621661473,0.9903168486054881,0.994746887371908,-1.87866535464578,0.5632454999592307,0.8162891022154284,-2.1515911535462218,0.7943387174021571,1.0582199168100717,-1.8140180493340983,0.49147107248797267
14.15,0.6250417232911332,-0.6366527191664878,0.2341756967789619,-1.1291564239531393,0.7822175181730939,-2.8971003570435214,0.00013674673152497263,-0.4859386603560698,-0.4824163813438225,-1.240444038325319,0.8277903854451152,-1.7895005995479174,-0.11061166718151916,-0.46590890310250543,0.06803811506526602,-1.2500549125308336,0.7275659685515778,-0.7661774841937574,-0.2197649465672582,-0.5885490852100579,0.30826377455853904,-0.9613965593891027,0.3276388130932517,0.11311680342593666,-0.10618116225827579,-0.7800338408252043,0.2925882033619416,-0.5751882523281271,-0.2287541378741187,0.768506488577958,0.016574082136957102,-1.0312236069760206,0.4273519996198508,-0.11879664272608004,-0.815970174043259,1.187343221816508,0.2606781729993386,-1.3840399104869343,0.7200947719012688,0.335456611016145,-1.2875652449787767,1.37432363439149,0.5830064370620924,-1.7022828544251154,0.7899568950215118,0.6429165993580988,-1.5853112236255251,1.3887350032751278,0.8993090360247731,-1.8525365904741165,0.6001561859060445,0.9016288908864656,-1.827064778498504,1.3048250629619895,1.1752239905975919,-1.9511148795925108,0.4364229142728905,0.9996561243584967,-2.0400232023421028,1.1551275254502413,1.2470180130306867,-1.9678429090876846,0.49066014976644345,0.9597211653357007,-2.1402774665255286,0.9747123304400662,1.2095415431473786,-1.9569936160532162,0.6466601320263565,0.842167580381199,-2.139172998239518,0.7766252800616064,1.0598888562503324,-1.8197480131120392,0.5599163306275876
14.200000000000001,0.7743684372609598,-0.8119592104348171,-0.06567023136604314,-1.0612103067452594,0.6495742495957257,-2.9597512196094367,0.15084762475060298,-0.5214508179544572,-0.6929374272304019,-1.1301413201019184,0.6497367240364094,-1.8048915785690145,0.0501115404374588,-0.4747128532724174,0.07867163091201701,-1.094899997874208,0.5284871984947781,-0.7053776654283017,-0.000554911991943019,-0.5274629443516108,0.17145562438558404,-0.9389104639620083,0.2544039217899119,0.11509163338464523,-0.02389648604495387,-0.7171728770536712,0.09408716608175709,-0.49857572155882934,-0.27963920934527486,0.774845264213031,0.15368575735630707,-0.910171705041741,0.21501543011781787,-0.035137869710899494,-0.8344944987015168,1.1780191729079559,0.3378562211500986,-1.2014202049245497,0.6760757702091361,0.4293503235709917,-1.3050638750355503,1.3662401572219962,0.6372108052252632,-1.6257940559258177,1.0251839268935286,0.8199683873313823,-1.5980961937115357,1.38608023723791,0.9408895742767807,-1.9077112105772762,0.8947947058262564,1.0231832724182066,-1.721694175119035,1.3070839729931327,1.180095711026345,-1.9583541038330603,0.5845908363206398,1.1651282532224538,-1.8392896253018964,1.1720295255859703,1.3840462002282923,-1.966045808040457,0.4361335766715245,1.15060837808576,-1.9727592191398546,0.9928821385897968,1.3826637909253239,-1.910694202531982,0.5514908430061325,1.016773836562752,-2.0144172441643216,0.7771388468395807,1.2797368796624622,-1.8546227856433226,0.6861475266551506
14.25,0.8307715805629647,-1.0900158697045106,-0.3730032484465571,-1.0568987823020182,0.4868032852652471,-2.981330377744893,0.2924345097111287,-0.5795187706807112,-1.1047639261426592,-1.1021366663300114,0.49735380715592914,-1.8607801649279965,0.18534902112433072,-0.5337460978519353,-0.2984030826746529,-1.0086276406589167,0.3258165117085454,-0.7385069118139875,0.13539422587529248,-0.5218106429306899,-0.13902313547171818,-0.7913625405264302,0.015724381254558217,0.1556546588394725,0.16015213269897066,-0.6001283233547356,-0.20636561025412364,-0.5014227664601023,-0.37514797056974913,0.7714819883408519,0.22750822185206,-0.7826210539778198,-0.06434347985345312,0.026381369156869283,-0.9412625003559594,1.1905976261741191,0.4627851142057007,-1.0210428743588138,0.40364057431673805,0.5012528201087463,-1.3989221489509829,1.365958094873414,0.697609496853324,-1.4226750451715704,0.9340449955576253,0.912703743093628,-1.6941278171917107,1.3806116549213765,1.0160953320657156,-1.8583513743144209,1.112959014840956,1.198662005000397,-1.7935035569224667,1.2987846309734363,1.255348473910377,-2.045801721735711,0.8326259624545334,1.2905224104805324,-1.7550460262853562,1.176480380107351,1.3951205157541948,-1.985029144850806,0.5327881692496902,1.324950207325073,-1.761552360688361,1.0152139621374334,1.520673013202326,-1.9047435370364854,0.49962655146042356,1.2196936884362364,-1.8275070611106559,0.8012727170945849,1.456558383079472,-1.783813496051552,0.6837513516055298
14.3,0.7356302713012726,-1.33347903400455,-0.38191788442625396,-1.2023409738975133,0.22135901290182947,-2.8953790783504405,0.28776592631114006,-0.8067035474804951,-1.4093298754106804,-1.1619926381442136,0.3172094139121917,-1.8736123459492726,0.2538846471190146,-0.6390839978251555,-0.5232746174292373,-1.030420777326695,0.1763748337866522,-0.803545310380549,0.24027446319199752,-0.5907963226131103,-0.3030633840776593,-0.7452245534761026,-0.1813635195089569,0.10191348067261519,0.2781759721697581,-0.6024502363615711,-0.31377087197094145,-0.37738622885416184,-0.6246058920854969,0.7882926752703501,0.3692104482458073,-0.6791964950810527,-0.14492326149187607,-0.0014558605991599194,-1.049124168040123,1.1872848592312657,0.5158736327759389,-0.8673322598370117,0.15145046203629353,0.5437156284984557,-1.5494274084471549,1.3801701700326419,0.8031848124758041,-1.2248462037296013,0.6401628086931042,0.9682649855574343,-1.8492587896226453,1.382810191141851,1.0565801661212848,-1.6808033319292897,1.0004621121505235,1.2832563878771452,-1.9525823478240945,1.2916653949695944,1.33861966195335,-2.0362566283116794,1.0278876923348081,1.453080162113558,-1.8743939240109775,1.1627834084386968,1.4886843106371472,-2.1049546736226037,0.7126556372423645,1.4468613117300055,-1.7017563389944268,1.020072412920923,1.5332603638704707,-1.9436727235386764,0.5316872730588941,1.3930160371842604,-1.6176675911130856,0.8248390808504663,1.5904561124513263,-1.7903152169061811,0.6495623046110406
14.350000000000001,0.547899685586136,-1.5108107705374838,0.05475420584422357,-1.4060875334630607,0.110739124201511,-2.8579760597665835,0.2199063474135059,-0.8967695774816231,-1.1772927858366544,-1.3896522667093647,0.030045191011685013,-1.7998044129627466,0.14722362614332885,-0.9125567889916445,-0.4217720105561644,-1.1428379137810474,0.004594571236720135,-0.8235863858962089,0.25475920022900067,-0.7385355020028064,-0.14285836517709238,-0.8176847081329042,-0.30734643530055283,0.030628853289418334,0.35609074718252853,-0.7109099380901116,-0.16940065656935233,-0.3774742784087959,-0.7939415726825816,0.721605223132118,0.4676363873226732,-0.7498485457129562,-0.018262315508663862,0.08895523758365442,-1.284803443221878,1.184654236425735,0.6221943315286094,-0.8671096373998621,0.2586327235461463,0.49540142792796615,-1.6610552260612987,1.381604680866263,0.8279364999955452,-1.091910009263108,0.4175270045285516,0.9901428755945574,-2.0276092743168572,1.3964920961871596,1.13457482632498,-1.5062432933700651,0.6955102122253601,1.3199703076107827,-2.1505197426193368,1.2934956079663529,1.3572405869167294,-1.9000762573090622,0.9128675721109677,1.5244451349223498,-2.078382016216387,1.1533517692556106,1.5683319004762182,-2.131026079020917,0.8830796668484343,1.5883655321962165,-1.8556857871376709,1.003240443370476,1.6308178264547855,-2.0906619733858136,0.630962626498853,1.5056959366100209,-1.5823392071943099,0.8293426758309747,1.59927944576207,-1.8513782740966134,0.6281228378895886
14.4,0.3411911964118077,-1.4794662414877289,0.34919558727840777,-1.6013712969314264,0.11692776492941093,-2.8672266986396764,0.045094666604867495,-1.0065725148950069,-0.8222906547481954,-1.6479997582447181,-0.020699730727629095,-1.7672962521599112,0.01532525195434764,-1.0056096296206336,-0.11092021082250714,-1.4001630388679986,-0.25679654813894004,-0.7707943222355684,0.12185875877509922,-1.0146942238711483,0.11850854463295535,-0.9644446284043928,-0.4482738091852001,0.005565069532682543,0.350272477171115,-0.892676697164833,0.09345395112693157,-0.49198368659061575,-0.8851466044617151,0.653859209820522,0.5254784073841361,-0.9305336588355424,0.13781277795495095,0.045141203836900345,-1.4134976108995057,1.11787553044983,0.6938825640902466,-1.0285713145206765,0.4685261625002147,0.5478030977416459,-1.8647643982667095,1.368741721651815,0.9071982940951684,-1.2025905681222289,0.5841132203097541,0.9280527996217103,-2.1357594493288756,1.405797030478464,1.132317856972851,-1.4074471249690097,0.4808119458821909,1.3219095257628455,-2.3403791595536827,1.3069862572829838,1.4065493238515643,-1.754067086633137,0.6030632238238536,1.5416938967844285,-2.3003689631949786,1.1548894682125899,1.5639699412234975,-2.026918233483462,0.7857135875250647,1.6434344008097401,-2.0868682028906482,0.9929720401967945,1.699617714171625,-2.1408184219446347,0.7742329972631716,1.6211053386907004,-1.7579312497523558,0.8121869429151829,1.6923551049536474,-2.0178906349362493,0.6424785163093477
14.450000000000001,0.2220486118502561,-1.288497153877921,0.37113261609070225,-1.735929427445253,0.20633986162835516,-2.915560842102934,-0.026841978352134976,-0.9979450245399282,-0.7944481723997807,-1.8469486669244395,0.06583088119521463,-1.770207052720545,-0.17951146125807593,-1.0675479039213833,0.10139331604064927,-1.6642077353511597,-0.2539265026554993,-0.7381278804083835,-0.011611374048796197,-1.1174991037722495,0.21609621042197324,-1.2018431716795241,-0.6453220081978328,0.046769055993793884,0.2601197115843714,-1.1538453370247834,0.19019611768639821,-0.6523476213518764,-0.983222540455313,0.6322106185773668,0.5252461680813247,-1.1202584730411085,0.17975716091193977,-0.09673547706168684,-1.4670518140845301,1.0646511977385975,0.7305120984120634,-1.266146991003851,0.5148964929318869,0.4687319196397244,-1.9484207597723113,1.314088067172815,0.9412758831781461,-1.4109715588349732,0.8144956509015857,0.9430786602240815,-2.296180888805943,1.392985625620371,1.1891483027657808,-1.5692335866101632,0.6444696049651369,1.2531587030376334,-2.439160612469373,1.3253849310517507,1.384700840713498,-1.6764863670336032,0.37544587960598974,1.5257910463859847,-2.4873885558259667,1.1697506244272793,1.5878452255580386,-1.8913235493378702,0.48918436719902547,1.6420768493615556,-2.3162635467484227,0.9956608019420277,1.6718874943488717,-2.0517732753853553,0.7142283754567837,1.6586471219290377,-2.0004029685599845,0.8031873124123684,1.7472624173662588,-2.080995250200695,0.7495928156562441
14.5,0.20879568461102888,-1.0656199397991317,0.18900253817192017,-1.843353709335629,0.35128302912104115,-2.9835996988684896,-0.12165954593669515,-0.987765226765777,-1.0997988850052198,-1.959107639681661,0.21522454250181067,-1.806028771385535,-0.27274809955751866,-1.0182595183959675,-0.026751868564750314,-1.8396940554158592,-0.11661862515110144,-0.7356829952929833,-0.17649043115256235,-1.1575005816480437,0.15461456814702335,-1.4287687945753058,-0.6011497400002952,0.09389036614262158,0.17889977567267223,-1.2658771438924779,0.047866947580145966,-0.8337336021057595,-1.096201766907594,0.6744807269523889,0.5034069839937771,-1.3560338548466668,0.045878120142922585,-0.2508459027083898,-1.5195474834200073,1.0556089597306983,0.7507804174034169,-1.4286667770942343,0.32696476007151476,0.31628920250003745,-1.9676409676923212,1.282814469063246,0.9570953319353992,-1.6573328914534975,0.8023500892994916,0.8401873055055731,-2.3364633455178607,1.3583207335038827,1.1815857879111997,-1.7711760012448838,0.895316570515198,1.234947538853155,-2.550945070502344,1.3206738682731745,1.4200865366981619,-1.831121349057677,0.50865835242907,1.4565122883845083,-2.5722863484881087,1.1967116111096054,1.5552385376865598,-1.8166379688258414,0.23834251166635412,1.6111913716902482,-2.4891600503221856,1.0133746072499243,1.674954355226703,-1.904521816290388,0.4604045942089483,1.6406379885722489,-2.22354546494536,0.8085014487426812,1.6960972857863883,-1.9940438443811557,0.7377411638067246
14.55,0.20484943852371076,-0.8889773025296236,0.07532171637698781,-1.9096192590648142,0.4528387317917737,-3.020467597161652,-0.2151541562150665,-1.0247361327830429,-1.3375214982646393,-2.040433212357362,0.3866104938285009,-1.8634485272126378,-0.3724269051499176,-0.9898675818427942,-0.3323013906959291,-1.9198763410987763,0.05808721099065828,-0.7655784042949532,-0.2719348055452766,-1.1059492041585146,-0.04371863444847357,-1.560568362425081,-0.4446775661838842,0.11101375387154278,0.061828981326618404,-1.292061037482368,-0.0878871317763775,-0.9944965671552275,-1.026062399756289,0.7421490529953712,0.4809514088502236,-1.4598765934022904,-0.1250859437511822,-0.35524547601186285,-1.544805695757887,1.1087622339937475,0.7836035116668723,-1.616738979798384,0.07467316142331448,0.18460737054200038,-1.97860924654925,1.2918907799574253,0.9940579867945747,-1.7693106388024167,0.5142744244385732,0.692767589294152,-2.327857031010634,1.3509852056727412,1.1858819957252198,-1.9941912770983314,0.900403199869044,1.119840031205257,-2.5527281450234707,1.30835335689649,1.380268092066591,-2.0022204714315093,0.7783080209619799,1.410754479519909,-2.6344385142587257,1.2042250756501105,1.5724382192128228,-1.9337737473244587,0.3164858615611621,1.5459706615235058,-2.5569988684345324,1.0471214097843429,1.6384734244699737,-1.8192514596778073,0.1940703485775983,1.5979715944136608,-2.3742341752851215,0.8296852076851835,1.682900912199532,-1.820179580286061,0.5583029319907818
14.600000000000001,0.22303421732707202,-0.8177939041472064,0.1368070427152473,-1.9569681957103002,0.5012724990556405,-3.0279151269045865,-0.26280969588991576,-0.9724757239473829,-1.3327274057197676,-2.0907480580067617,0.4727355495644625,-1.8936228751197437,-0.4685746396572066,-1.0010656355523513,-0.4342719847086387,-1.964067753908112,0.22357089318771006,-0.8111522086956979,-0.35741251219433856,-1.0883096941551524,-0.1239245855882366,-1.6049857052076932,-0.27742017277904374,0.09274240126403877,-0.028818074263898152,-1.26008435320213,-0.0786790899219236,-1.0711814988989765,-0.8774987146611934,0.7765754659230084,0.3856195324692462,-1.4687231092945043,-0.05297351632776193,-0.4348709940518436,-1.4635352071846475,1.193371242985375,0.7877021661305073,-1.6947372229774,0.03907407281563069,0.16363175141898445,-1.9243508478523186,1.3593373626809224,1.058061153287736,-1.8880600680941513,0.2549217034487692,0.5944305388104043,-2.3049357497448764,1.3784831313407586,1.2290552173341345,-2.0544190049101765,0.6165900352813467,0.989594237646565,-2.5234027464966324,1.322109039179079,1.385084600766397,-2.1974121624002523,0.8405065004590172,1.2931201723180408,-2.6035822207186787,1.212041809463703,1.5138160952163897,-2.0720209163654872,0.5843521922287465,1.4785042116138403,-2.571350793338363,1.0671411627828646,1.6433039594818861,-1.8904355779129292,0.1956020288374929,1.5398911165126439,-2.4231516677919873,0.8677509144678475,1.6463539387300892,-1.7181912157987242,0.30814247066910916
14.65,0.24159375317936718,-0.7721898633296028,0.34697175874114017,-2.004149984523078,0.5320485271252595,-3.042061503032406,-0.19099024492831385,-0.9285777596819131,-0.7853207734084955,-2.1321671300955414,0.4941222934570222,-1.9015914660562638,-0.443515760069225,-0.9377258578052441,-0.22707472958231234,-1.992901096278068,0.2831281768782956,-0.8378047266535726,-0.44380993566028826,-1.0731760381425355,0.08367050939205523,-1.6081746601999125,-0.1449486774718256,0.06670672705715308,-0.10757677693003043,-1.2426127588891254,0.14169625220253185,-1.0796656532725013,-0.7424736198801218,0.7715809536260609,0.29142153417166816,-1.4415339923969652,0.24525224237363696,-0.4529461735411555,-1.3430505741281795,1.2396781294156334,0.6692265825803645,-1.6870064406307765,0.37256265582845216,0.16678431577489938,-1.8441686138367297,1.4505593082217594,1.0605177458045132,-1.9386061258841452,0.3498004826954437,0.6514848407109808,-2.1861691057615706,1.4572461049427865,1.314952264855755,-2.1028059766968723,0.3849527554968999,0.9299416622050227,-2.4750333311870065,1.3640944870998961,1.4345960999143847,-2.2178614517693305,0.6117883735243823,1.1877655713076907,-2.5597097333449015,1.2412177153827286,1.5305407558851227,-2.248421315215944,0.7176332148471912,1.3653628125404715,-2.5135410205899977,1.0902424163873037,1.577099451609775,-2.0017261245516362,0.42033456923399604,1.4561447391890425,-2.3934904573959215,0.8977434292582853,1.6454479689978978,-1.7492623360784587,0.2291798254751367
14.700000000000001,0.30299463062579785,-0.7676267962071655,0.448044102380704,-2.0078138520053956,0.5128951993320463,-3.093578659509962,-0.17153834139668955,-0.8653733671400898,-0.3650615134788828,-2.165124502941671,0.4931845228450271,-1.913685269680191,-0.3599184120817138,-0.852709791002066,0.11252836199992644,-2.0270163774491223,0.27570937226098824,-0.8537057667719727,-0.41433220980874186,-0.9917850200955236,0.2701124890066311,-1.6148364455948139,-0.11906713237741506,0.0488591910790781,-0.1837980599790714,-1.1896085679999162,0.3045950581014586,-1.0424762382047659,-0.6605917022295182,0.7645791417599113,0.20591725866748156,-1.3877567104662207,0.4916209186115567,-0.4280721560198142,-1.2562006057097053,1.2437405365508392,0.5683313113749349,-1.6402001943053757,0.8260109568953464,0.20328951354043667,-1.763923964725067,1.498414014239613,0.9094664719966135,-1.927882944360076,0.8265154975617361,0.7284592666196676,-2.1158026634809524,1.54298068995683,1.3190981863551603,-2.137964436243375,0.5206302233498481,1.0517687036378387,-2.309046971269373,1.447404567789854,1.5441116462768139,-2.2140552900344312,0.4059714690633953,1.1671854019118877,-2.4934383967613805,1.291669345044677,1.5918325596606393,-2.2425271762337893,0.5734164663427103,1.288478265742663,-2.459896617887374,1.128454898813111,1.613482165683234,-2.1697847110515256,0.612775621018484,1.3520644621470002,-2.3140222794957244,0.9304102482045984,1.5788897354232532,-1.8384623819629955,0.3568922653659037
14.75,0.49057649667405767,-0.8150272393486399,0.30004783277304914,-1.9343971167935647,0.4719513898949179,-3.1506959819008973,-0.04020437656112952,-0.7784387445332386,-0.40998335324837853,-2.144967636786572,0.44231591661370473,-1.9562482716319896,-0.23999078737920354,-0.7942906501057545,0.19178077636627866,-2.0387622369249314,0.2439439245387609,-0.8656481145125783,-0.2929890544462346,-0.8619421845665669,0.24658655326117107,-1.6426807756118444,-0.1535986712013937,0.03029701129250828,-0.21432652598145396,-1.0627332118342405,0.2134163747928226,-1.0279491848990574,-0.6713900783717808,0.7566740637143221,0.14780707783169666,-1.2760521607543953,0.4160194166969825,-0.3551776844564625,-1.2329879806226751,1.247866054398199,0.4871017112647249,-1.5338831411893685,0.9986866196025768,0.2559315287869701,-1.7320390584358125,1.5037863519475192,0.8113980246295247,-1.8631982305163464,1.3128149594619996,0.8097402345005555,-2.0803092362456144,1.5819699166790846,1.170218487802496,-2.1427811176975817,1.0217003034763519,1.1871464778737995,-2.2538800954148863,1.5180527246966224,1.567100135861907,-2.24858465072293,0.5099326206909094,1.3366551189747566,-2.296671809494424,1.3720114351455936,1.7251145910904326,-2.212159552879431,0.3884029301413322,1.3037089780449307,-2.3817963215650217,1.1812470133227775,1.6912286502918588,-2.147681666125407,0.5728217743397589,1.3039780571474635,-2.254195471755134,0.9719885871622824,1.6379580891875858,-2.0047016277303387,0.5649813019492416
14.8,0.8149558926522523,-0.8749599532104487,-0.05332742255137165,-1.817161167565029,0.41659083653873497,-3.1775787983894,0.07858455469843273,-0.7497871545305659,-0.8082838752797499,-2.0317149201515416,0.3796337615401679,-2.0012982183894934,-0.09338835154362912,-0.7442747670926464,-0.012956103720610956,-1.9966202687579404,0.16828572132209896,-0.9063216971616739,-0.14888230115514012,-0.7847261058699471,0.05585435118525506,-1.6309763707509317,-0.21185849454639083,0.023236229623937454,-0.061355329083623955,-0.8969393916622801,0.021372053236769113,-1.0494482491560975,-0.7299408639994054,0.7406678526689636,0.04901186814956304,-1.099961798477568,0.187707729670468,-0.3220027243676604,-1.2795334673206327,1.246648147505709,0.4683793434513981,-1.3643911501490968,0.8195008349003118,0.3557480897797216,-1.7663741248982223,1.5083871120350567,0.7708627597997142,-1.7306364530835643,1.4303379912865177,0.8821990517808809,-2.102105552562088,1.5813033932178377,1.0876230327468583,-2.0811669903427554,1.4952506667046852,1.3004500355898152,-2.2616828942522704,1.5413074438941865,1.4500242913854502,-2.281531242734653,0.9675711295330947,1.5126538080135576,-2.259373532180664,1.422490660940705,1.7741033738031606,-2.2568470634533897,0.4137103884117086,1.5030121101848648,-2.1683563912344606,1.2524012684207002,1.8423846456672388,-2.115635027710871,0.4150677229146229,1.3494340578324326,-2.169016915183879,1.0220943769708213,1.7343768094179655,-1.971863076362565,0.6368925080643699
14.850000000000001,1.182850203153095,-1.0958184735205587,-0.3639780753603608,-1.6291896053223631,0.23445873102846182,-3.095863413218096,0.23822465627058143,-0.818686373838382,-1.16748295164287,-1.884032265010518,0.29870329927892847,-2.025940583185073,0.07727836785136555,-0.7539349693480344,-0.2298278673990688,-1.8704732730500373,0.08828369029880045,-0.9586623051843124,0.0008210513935889008,-0.770173836892746,-0.0738407867776546,-1.5719972039292918,-0.3033013056610434,-0.014841997472267998,0.038782246769908824,-0.8080608771963091,-0.08199746970446774,-1.014102018434726,-0.8091686916697016,0.7398013141858173,0.19800625698856678,-0.9446696298884971,0.08358629686638452,-0.33602992603638526,-1.3579709674002372,1.2357406568493223,0.34604418953673943,-1.1765796307984266,0.596385517166469,0.4029777800720602,-1.8436229781124913,1.5086678067768422,0.8099107768921086,-1.5399144515459784,1.2295674036965718,0.9975021345003832,-2.185590315670498,1.5780125428874614,1.109580064314404,-1.9592914946095135,1.5812704770789565,1.383944506283239,-2.3302138263150174,1.5303961535026833,1.3908648914904718,-2.2390729628737365,1.4176128516282092,1.6449756534629234,-2.305254389083138,1.4278291714452962,1.6936637382871917,-2.322503673746584,0.7802624650336075,1.7025136736813185,-2.1495578274809435,1.2820045305085297,1.911688779131223,-2.1758194225070566,0.34202029989130567,1.562066896002956,-1.9504263876851202,1.0799926039887076,1.8940476210103019,-1.9578664955319738,0.5304220179639832
14.9,1.3285649714146637,-1.317947915580126,-0.41435637048185175,-1.566076245543262,0.02112902520823745,-3.029417195591335,0.5045062338967665,-0.9426045498005986,-1.1083777412902784,-1.681493793319544,0.04500550930905067,-1.957263886017695,0.2923175625639869,-0.8846396641616843,-0.25357648532536503,-1.7336847568930391,-0.008735440195213329,-1.0033279293279462,0.1496536094548131,-0.8209921475501298,-0.025566126239019105,-1.4579191444556994,-0.3937394981394582,-0.0789200417041136,0.18488868812736192,-0.8320928293779732,-0.012835145117977148,-0.94335107648158,-0.9081254412641093,0.7048357207259714,0.23816966116819627,-0.8986994616497355,0.14676978340847813,-0.279231910195783,-1.4515658466807335,1.2390370356441083,0.45729360889608595,-1.092309780683101,0.620846528611699,0.3972799490487322,-1.9364614044718431,1.5027138223878833,0.7246280219950937,-1.3855111128730244,1.0327402719097034,1.052726745716197,-2.2853066234521524,1.5756722811198132,1.2000607562038015,-1.7822603420269691,1.3720821753731602,1.5030600799668603,-2.45038679592797,1.5156986228694502,1.4633718073755149,-2.14443696540633,1.4917193774968924,1.7313634722069526,-2.4106700509266865,1.4061854721818594,1.6532240448879478,-2.302705847140743,1.1950927943130234,1.842430048241246,-2.2263959586355964,1.271145155029581,1.8571403047902577,-2.2734364573034953,0.5802445221837844,1.770193090513188,-1.9491811725092156,1.0911452777844355,1.9724750253980707,-2.0334889823846605,0.3731759499895485
14.950000000000001,1.2613427747180697,-1.483350916720311,-0.22703505352502204,-1.6557090973534239,-0.15769021839840303,-2.9919642245691933,0.5570527698177878,-1.0828665335980345,-0.6094212364796427,-1.686408810057829,-0.20536401420025552,-1.9138120253287072,0.48717441252125804,-1.0421340110106163,-0.046512525633889634,-1.5578554414988321,-0.2802144569146181,-0.9746287526124076,0.37040330795443754,-0.9505628665144341,0.14717764807420242,-1.3647970937537224,-0.49614974157797365,-0.14690975786707305,0.2817843763011383,-0.9229679169767087,0.1520965259101829,-0.8582926911927569,-1.0025259424760824,0.6324027302023438,0.3669652748021808,-0.9702356401312067,0.23940230183962247,-0.20207468359834113,-1.5505005990178056,1.2070893306547514,0.47843438244974856,-1.1403864210805643,0.7654383699027866,0.47041775112409034,-2.0367360426673375,1.5068490888710007,0.7991540622968801,-1.395186348097775,1.118768365630588,1.055160611408592,-2.385951964701747,1.5733418622670636,1.1749245563261532,-1.6753329362886444,1.1857878355131761,1.5600923041476733,-2.5629875447315986,1.5092089467861336,1.5814495158358268,-1.988622113446899,1.2767497037765285,1.8443598495998037,-2.5541540602953017,1.3810824883763484,1.7500843146220113,-2.2321863900101966,1.2792579130157808,1.9251615127443955,-2.358064346391724,1.241087426461,1.8250920111317022,-2.271985002485533,0.9362223377513559,1.9086225540042223,-2.049056348297192,1.0681530749444927,1.9298719593390854,-2.159705679042393,0.46246588098184993
15.0,0.9374038407808222,-1.5577206772589267,0.10493322405796561,-1.865273884034031,-0.22849379342146925,-3.006742582194961,0.4427419731099187,-1.182679609826216,-0.2929718780626862,-1.900323344817525,-0.35996045098159346,-1.8880421357077215,0.41455197370322105,-1.1708234443385184,0.24312609911994443,-1.6330225709764123,-0.5175508670205109,-0.9604974754329221,0.53602417712225,-1.1168426982830635,0.2800437743959403,-1.2470561880484299,-0.7395942471744976,-0.16515698623201347,0.5040630534790722,-1.0388721193027592,0.26921063263288264,-0.8271186395301555,-1.1018524901582016,0.5500661339411672,0.4359225382371512,-1.0890141742576536,0.24196183533448762,-0.15488830117122987,-1.6432773266169876,1.1338166737927446,0.5675620783504411,-1.2600682476961669,0.7770072521005713,0.5478551476688853,-2.1288385803612453,1.4778314250939961,0.8423214395987566,-1.5306265397571437,1.284651072648874,1.1373938660680682,-2.4849140118908797,1.5760043637102406,1.2323546494085922,-1.7532916114886148,1.28038050549541,1.5694682485492795,-2.6646381084008963,1.5093137344048113,1.6004830920229534,-1.9155913732565046,1.085640292274571,1.8979922320779918,-2.6705060339750064,1.3712410711002054,1.8750592332313982,-2.086261904998417,1.070167480592419,2.0248374027094362,-2.512596989959517,1.2092657912938742,1.9247329891374414,-2.2156811182783933,1.0555786764715258,1.9830654395296454,-2.1966868025006336,1.0334214616703437,1.898206196056114,-2.170715196149929,0.7207590393170635
15.05,0.2869560466306059,-1.3999103448618428,0.635671693314856,-2.374000485724217,-0.15772836111649813,-3.08801711458218,-0.0014973667804545343,-1.1632422741842634,-1.180969636217819,-2.231981976000288,-0.3785614059859044,-1.9084077549632406,0.1896028337190936,-1.2619104137776669,0.30721054498070965,-1.9253735271082961,-0.6297864414792187,-0.9460632974480854,0.41593709989525207,-1.2495909730544665,0.3187487901404842,-1.383506714064473,-0.9268054179343332,-0.17335138739634992,0.6779164921521827,-1.2123577134857286,0.2504318266474545,-0.7852897450078489,-1.2864358106461515,0.4967103997084066,0.6707855170375592,-1.2101096641055362,0.15249562105557157,-0.1899262528276724,-1.7338871845919845,1.0519490333936399,0.6311270885102344,-1.3873469868416068,0.5501797804043573,0.5553206863623883,-2.2153626168910834,1.4118482208691963,0.8711643747640441,-1.6787096765637421,1.2510349814559263,1.2087930675168401,-2.56454558907359,1.5506084869111803,1.2987906533962252,-1.931595661200634,1.4473304968534852,1.6530873879625618,-2.7551909894312887,1.5101436032961635,1.6508331546571395,-2.0219042588676124,1.1600038405389475,1.9125460520828375,-2.7671131685967496,1.3732087736560539,1.9187854803716422,-2.0269118409236064,0.8653518827958223,2.0713999815472484,-2.6250599782549675,1.1980862780872614,2.0454018035999146,-2.064923849460468,0.8815184774019621,2.0650511273422723,-2.3519294344842923,0.9993357383063725,1.988217135201125,-2.121482910048135,0.8915942114307702
15.100000000000001,-0.2775981363652168,-1.1658079889930313,0.8097529144128706,-2.7649672789931268,-0.013148003227256844,-3.205004005114059,-0.6642613896959992,-1.063473289472105,-1.629418753858953,-2.856831570666576,-0.20321015937649678,-2.0293292321878806,-0.5342967851482499,-1.2138510871512813,-0.09515675664756951,-2.312714183614051,-0.6125175145244532,-0.9691426013532367,0.17979276501976393,-1.3427869493366202,0.20722304684220783,-1.706214275554614,-0.9885073532901223,-0.15772337423567206,0.6147423151880833,-1.3539301447485081,0.15146870485109126,-0.9671195900022367,-1.4031153906334692,0.48152458290146694,0.8759723671694617,-1.386009946626488,-0.006378576651678902,-0.2284639802119015,-1.8438860026534232,0.9868282067086209,0.8670907687464056,-1.5074686658866634,0.22486744199331066,0.4613784173852009,-2.2941557909016286,1.344410871119931,0.9168992345475953,-1.797320132321907,0.9218601489468412,1.17987709915937,-2.641152311751662,1.4983279017358164,1.266748691855709,-2.083601200336127,1.4155630538727006,1.7129849765603389,-2.8184027387792665,1.4897760992576758,1.7227441722968089,-2.2054649021600787,1.320636182896244,1.9907951570611981,-2.84391330209507,1.3732817187453261,1.959561227853998,-2.131376142324178,0.9019261780664709,2.089288184640208,-2.711873381770782,1.2018307036237679,2.102322855523634,-2.00418602701456,0.6660028643959804,2.102458921753936,-2.4546577723783933,0.988958839667183,2.0999024196123166,-1.9581107515635576,0.8008641157560227
15.15,-0.5992269270200034,-0.9148464880909792,0.6551637043129962,-3.021386769937928,0.11179599473118751,-3.3538173774131907,-1.0188389658480017,-1.0215994120585945,-1.9749807793984309,-3.22736556253703,-0.0367101649630841,-2.2642174569130846,-1.093504019602193,-1.1635412383594728,-0.5665972504242749,-2.932348652993646,-0.39142443488266565,-1.074211314909952,-0.5715826383560993,-1.3041742061281498,0.013631410657325427,-2.0890748360338307,-0.9529732123710177,-0.16460342004978923,0.451579386186566,-1.4528050352290132,0.01953267615074855,-1.2782731085583832,-1.4147249838527287,0.5115897869164754,0.915182624744113,-1.5221883847089615,-0.13333006235621658,-0.4354873038425877,-1.8839534738894959,0.9819217437725447,1.0987637406826212,-1.6571549458585944,-0.03874784001025744,0.35042055707151576,-2.3276012969334925,1.291518137594938,1.1120806478557403,-1.8791387299906832,0.4805754591706761,1.041582864927908,-2.7066818442209026,1.454210553047004,1.2729357387641598,-2.184733726986302,1.0902680752504073,1.6539969603068316,-2.8823910115482008,1.454671858212272,1.6449451930033319,-2.346433874104745,1.3159205853117228,2.0352362981638006,-2.8885716338229392,1.3593293838907232,2.0231287231293544,-2.301281356132447,1.0506676732358637,2.157125203725765,-2.771546388678099,1.20262424360284,2.125788447783148,-2.0888501841255382,0.6568874993565653,2.1220808424100746,-2.52835209593008,0.9945417930611722,2.164142566844802,-1.8895289622151947,0.5979796447105814
15.200000000000001,-0.7824349562401279,-0.8041261436674846,0.43550230720324307,-3.1322049450092226,0.1303075026492051,-3.530439690015582,-1.1537981852870713,-1.0484514042426085,-2.259060240251166,-3.372999674478785,0.05770893301448199,-2.495931562236223,-1.3336620890405655,-1.11929950598457,-0.9518107778625196,-3.285715536367184,-0.27193698405970856,-1.2782076439914314,-1.0582484401611323,-1.3117058645011228,-0.20709146027706948,-2.610543084507526,-0.7370686849650432,-0.19885446843074472,-0.08397537174883807,-1.4260242469134572,-0.07045380922159519,-1.6090379118361042,-1.3756644329934486,0.5352585749563654,0.8424281383221865,-1.6168972854358876,-0.14619341867020852,-0.7011261584240902,-1.8515991974769352,1.0341988353445752,1.201715605862141,-1.7636436232488235,-0.118409999574971,0.13980221332794418,-2.2964197464685063,1.3089479895277534,1.3384194983974504,-1.9711911510001008,0.19551039381909208,0.8748208176619521,-2.6714641233570466,1.4297592156423866,1.3947303287622743,-2.2032422007515176,0.6539995991140604,1.488255039422337,-2.9339761687629293,1.4364608426298564,1.6096214454482531,-2.42701339847056,1.0447969938753388,1.9533406934844066,-2.9381262564051416,1.3418123929109205,1.9137183648933616,-2.424259715622693,1.0902568394833922,2.1838523406720167,-2.7970673191923234,1.195777769274694,2.175199598705639,-2.2373296865187333,0.7861510922142734,2.176346656110666,-2.56930690465626,0.9971105126239757,2.160848192879794,-1.9462862051121927,0.5484592821080646
15.25,-0.8115621600679491,-0.9598898806419407,0.3709024218063151,-3.1653879049338407,0.0528512285417615,-3.7294458588959003,-1.043208738192114,-1.1832892723882602,-2.2289622433765137,-3.4194660997082815,0.005935667393517363,-2.662129590603133,-1.3624654315758327,-1.1864672300080614,-1.064824204544343,-3.366864589713865,-0.22631155536327552,-1.4594925456848928,-1.2159153157000877,-1.257413462691313,-0.37941540821325015,-2.917910492275948,-0.7092168175093705,-0.3334949372760443,-0.5056072186273131,-1.44376675116798,-0.09702544886120298,-1.9679754041204012,-1.2000596725793267,0.5921900715623885,0.603672242181712,-1.5842762067083322,0.0028181483574385435,-0.9445602430846112,-1.8195174430754357,1.0908144436693323,1.1618343642899274,-1.8449121203271588,0.05060691282213314,-0.056432920725679736,-2.2296959953262294,1.3826776016979403,1.4303591453144449,-2.033994470981969,0.19967368420678766,0.6800788859696061,-2.581662971002635,1.472777507094044,1.5904622949448504,-2.230114215241672,0.40335209552526385,1.2855846820004047,-2.8427514414922426,1.4457148759725857,1.6602914132185396,-2.384647204160907,0.6737989325282512,1.7755470879975244,-2.975322887849122,1.3469686067592546,1.8528930901928353,-2.4824808106650798,0.9069284481585002,2.0857879626499143,-2.8311491503337605,1.1939167987691484,2.0430569726361707,-2.3380559082535823,0.8783633657093713,2.184723264590507,-2.5762956204651033,0.9970736322806745,2.1959285056326254,-2.0688025711319384,0.6454471503323084
15.3,-0.6103508737073204,-1.2102103677617402,0.25376565868293216,-3.0525172289659874,-0.18439821723812255,-3.9115159489953735,-0.8854632530086333,-1.301919862892762,-1.6568583741132175,-3.3831356369714305,-0.15338128749407098,-2.8118123745018986,-1.2812457827104393,-1.2392716555055163,-0.6315938368218355,-3.3599566774220824,-0.3371959304587735,-1.5889068114426141,-1.3291672688068097,-1.2586282753756564,-0.29144064707675477,-2.9346945490287846,-0.725040950472351,-0.4480372523731635,-0.6389917722735152,-1.3453636171420094,-0.049196965127909054,-2.1994775087856944,-1.284762228089389,0.538114011685018,0.18834680187574326,-1.5690830227108632,0.29308279196988546,-1.1026198754991912,-1.7033401269301396,1.222819770904966,1.0547671833281798,-1.80217304323175,0.5727646487682544,-0.19178467990206283,-2.2104860256692738,1.462780410831831,1.3599272391274915,-2.1029957146099334,0.5213907712969839,0.5654908327063879,-2.491458029223588,1.559943163013846,1.6387947750637482,-2.254397376460347,0.468722451567813,1.121172303745741,-2.7097576720145566,1.509589684691659,1.8274207600125831,-2.360865687021487,0.4631319589902232,1.5554200356649517,-2.8413715088190648,1.3859370409698546,1.8567769943602386,-2.3964699123194158,0.6304423182272086,1.9080306795986512,-2.853648360190677,1.2170173136327371,1.9763537449206783,-2.3712919597494437,0.8073450060222118,2.0764087605915504,-2.5945954416661707,1.0075648837045454,2.0457557467418677,-2.141777582477908,0.77731497999462
15.350000000000001,-0.20373361625529735,-1.5004578358853928,-0.03159030356493595,-2.851166366141782,-0.4078229984590037,-3.986483975767338,-0.5748270709705747,-1.2583816613836816,-1.7796532960769809,-3.169378759406265,-0.4671232371450845,-2.9276676003159685,-1.126123887063851,-1.263077880790128,-0.38101215073773,-3.2547925420494694,-0.5517010646572484,-1.69401924672536,-1.413717700942875,-1.1554153148999586,-0.11521649689843927,-2.881211420842442,-0.8817254515422301,-0.5347776646419278,-1.0491017503143558,-1.2066935904166367,0.13648428729015416,-2.1579018977306097,-1.3656388513117734,0.4850069592418249,-0.036908674591161095,-1.4264187130200747,0.6060399192502101,-1.2307913043250718,-1.8993984780273692,1.232499879591058,0.5319112292286794,-1.7821993302317298,1.1900846093610271,-0.1403366632344616,-2.1578365566350564,1.6309128545780416,1.1818358276308765,-2.067870418954772,1.2896113759984,0.5432276000457792,-2.4869080445436684,1.6476759323424184,1.5471222864200729,-2.3195064365978793,0.8574747786489945,1.0893457081067615,-2.6064749543571946,1.5989639308292103,1.8527989777963985,-2.362985001638926,0.5410308418180279,1.4295741903892534,-2.6800698848380686,1.4614758658489229,2.014083121383658,-2.3448835431942823,0.4424461597710381,1.6850714490026375,-2.6887880462600444,1.2764461400201965,1.9611566806409226,-2.263170686547542,0.6387842459839219,1.9073334475966641,-2.6024092055016177,1.0423174183986332,1.9890296207248837,-2.146737734805147,0.8211326909833312
15.4,0.32299334556647835,-1.7435613007224935,-0.3332054316866834,-2.6517414497748915,-0.5917389635646991,-4.010930328988658,-0.5816007441139583,-1.27463372675326,-2.2005024921233085,-2.8929688171783363,-0.7213781997718477,-2.973731389468215,-0.7088180813191705,-1.2618233872739948,-1.0743181875510552,-2.9531125706955796,-0.88251422795941,-1.7760361733168217,-1.3283675415541731,-1.0656828758376662,-0.3716552701008442,-2.7299499463076193,-1.121947346498885,-0.6002003941403955,-1.245018640711269,-1.0903743043047862,0.10016614351162922,-2.075550648105491,-1.5534921733862594,0.43465364436859666,-0.7175141615736549,-1.2565065130464776,0.6329654199338819,-1.141241667862407,-2.038946129351377,1.2213769584923662,0.0881630272488394,-1.6167806276122847,1.4741147482288153,-0.1513688440755434,-2.444037518571599,1.6717975076065827,0.5644025970149098,-2.102288523356557,2.005114146821413,0.7837665561767571,-2.490434235108223,1.8094290429239457,1.3441348287277386,-2.3104786475002226,1.6661811058126883,1.1714553063919997,-2.6156221586194572,1.678871372310654,1.7911492895091463,-2.4323810960573002,0.9216406308534558,1.4730493258938315,-2.5725626055056336,1.5427587443307045,2.0465655932008042,-2.342373253991682,0.4829503165393856,1.6003936291967102,-2.5119090809707623,1.3537385116545053,2.128449447066223,-2.20572869462205,0.4543830114231585,1.6920781548267882,-2.416697328165229,1.1114784623450364,1.9771539594400749,-2.038236785054826,0.7617762891603916
15.450000000000001,0.8211626312898872,-1.9673862109962066,-0.38019358739106185,-2.394087813159662,-0.8414624284970551,-3.9668031853979766,-0.2510484026142423,-1.4229186475559772,-2.3632815345132236,-2.6521340707439744,-0.9125619593711237,-2.989885280808043,-0.5944354728655243,-1.364373436483081,-1.3313941902165196,-2.6257880498216313,-1.1280940388114682,-1.8242601751949628,-0.8769469417148874,-1.2257843737642298,-0.555103683867983,-2.3692229167323164,-1.4131147753632527,-0.6672813609414519,-1.1297949856175347,-1.1007672604006393,-0.0935546043251475,-1.9131435679986586,-1.793701775432326,0.3969696524385524,-0.992277284833845,-1.1928461109701227,0.4000318268083754,-1.0482733123414967,-2.240553803106137,1.198189731779018,-0.7092846052338131,-1.4608042439667233,1.296877764793268,-0.006469444034378213,-2.623985028988809,1.682299356443826,0.030131330609701745,-1.9716539950996097,2.2324288722149532,0.8845547598442893,-2.832512335510407,1.8498076423369403,0.8464871437107695,-2.413159490165148,2.356232931101699,1.5602163325439333,-2.662178109413084,1.803274107324755,1.710701384810748,-2.4546041176277735,1.6601640932126345,1.6417580688372757,-2.5932040625096953,1.604369884844114,2.0465518449633087,-2.4213556493373227,0.7963339732046657,1.7065220911128698,-2.407120563427118,1.4199774401405978,2.1827492286989982,-2.2120727724653606,0.4190729823416417,1.6469316108887355,-2.234553278978506,1.182391776712795,2.168026313654992,-1.9910762257036545,0.5789653480708938
15.5,1.2042563717426031,-1.9610449747276064,-0.36068518584745896,-2.158296113562108,-0.9361812586457643,-3.9169356001238786,0.003073461222736995,-1.5753262223089108,-2.0627069377608604,-2.365533580137207,-1.1379111397481392,-2.9445854565100946,-0.14215545831171816,-1.5627472198122,-1.3433692560943824,-2.3689702410823843,-1.2993193188973364,-1.8521536318739962,-0.5392861304030221,-1.4205078767805923,-0.5829772507130353,-2.023896912000396,-1.6117271822766117,-0.7267274777974309,-0.6885402578611877,-1.4272474110964601,-0.14123542812171264,-1.5274016219109088,-2.0039468067873942,0.3355326451647822,-0.8739885080161736,-1.3388384821407335,0.17683195713768562,-0.8783108666486505,-2.455437183971524,1.1861706632067048,-0.8731847270099795,-1.4949995924942696,1.074379624569343,0.10977909679472653,-2.817451969505309,1.6815875657796453,-0.37715252710136893,-1.888311443489251,2.0803943882654585,1.0836063955042485,-3.027937528170297,1.8629530177217501,0.500164575271032,-2.3249148404478754,2.546499006256018,1.7523094912723058,-3.022792119911174,1.823550647416149,1.462209385315464,-2.5924302687940903,2.310193913249802,2.1297378219537855,-2.6690287598973073,1.6775878642912168,2.126128945662777,-2.4704031037944247,1.4050689487840986,1.9400592707043085,-2.436848418243165,1.4590412109221595,2.2432318630040413,-2.3036455720833175,0.6187803859885014,1.8007008107456546,-2.1375599267042955,1.230537211944111,2.243718324300795,-2.0125650990199753,0.45549704540550473
15.55,1.4238498753265847,-1.7621696278672403,-0.29000259529320604,-2.0605243457312072,-0.90280205187593,-3.859000541968303,0.20422905993562646,-1.666849705113251,-1.3699926175581023,-2.1466495377746897,-1.131863440580387,-2.867238323116321,0.1146338924606436,-1.6722379000242455,-1.0447610531588805,-2.07914812122044,-1.46101134713594,-1.8220963559250225,-0.041885599095842885,-1.6707630895648289,-0.5425046732991292,-1.780662236595627,-1.7384229064401364,-0.7665522867177832,-0.2784807203190143,-1.6450054460517856,-0.11048560842072541,-1.192671987143381,-2.1291487388119186,0.26775813008167226,-0.4324105253371012,-1.7629038858778912,0.07081784332139043,-0.48793536929452763,-2.557532761519692,1.133643799736912,-0.5147853091191477,-1.7228375075425522,0.9723109790816875,0.2927945923535624,-2.9838827948391664,1.6939374090446657,-0.215370471829466,-1.9705573632530042,1.967094402209477,1.2315909203474007,-3.191674611402686,1.8768689871364963,0.569629213809242,-2.2760331376734415,2.424554719739068,1.990877259618573,-3.209699207648767,1.8279597904197453,1.3753668079075476,-2.5136518894270683,2.4903101310108293,2.3859972657777195,-3.0159614197109117,1.6723666649626456,2.086281221109793,-2.5997280609670206,2.011610017188695,2.48028397910828,-2.530466998614381,1.4819100421539537,2.432136769724161,-2.373083783718349,1.059660328283584,2.07691644603218,-2.174133239938356,1.2479385934134484,2.3462122912738126,-2.1181186644329912,0.5138976215876354
15.600000000000001,1.511389431124489,-1.4675611691427386,-0.2978524986713158,-2.0360117279868106,-0.7989762559138053,-3.7754883298879074,0.32350266407772876,-1.6808488190074975,-0.6724861411298861,-2.1010214788099946,-1.0324383982760637,-2.789626756037089,0.3695204963200065,-1.7227973613245606,-0.5640158695312887,-1.8915809004652484,-1.3609813861677404,-1.7382121191395528,0.30122759381942865,-1.7424394844871078,-0.34623243533906356,-1.5177411063207868,-1.8059878833451593,-0.7507651257994485,0.24825084369615613,-1.8435633427217608,-0.07147108250335321,-0.9847065651631626,-2.1960580120833226,0.2242548398540123,-0.017851843397010625,-1.956356744028358,-0.0007541911539000745,-0.19223996721159153,-2.594715425590891,1.0653055855921068,-0.003983643929067415,-2.1281285037936715,0.6502245968071135,0.6648736607797767,-2.967060780414795,1.655844607561806,0.39221556476783637,-2.1501269997770587,1.9508418218980081,1.432696996119729,-3.2923481610956618,1.90874944072285,0.9566820267634436,-2.3297246869348673,2.367377025918381,2.165209289394876,-3.3279142892850277,1.849052349414697,1.6676542655856648,-2.4406585163622108,2.374897102429313,2.6438368942293033,-3.176550724851733,1.6656875233044288,2.1600763837296526,-2.494389974685789,2.2064447455085103,2.774284846673458,-2.840432938616737,1.4557469315784455,2.513750955993546,-2.4644705388184724,1.5969638679683595,2.6297806066480733,-2.2769777759761745,1.2301479136131623,2.5755328835147155,-2.2028942777302043,0.7710951643708504
15.65,1.4386242395085171,-1.1492367411582887,-0.3339097777172265,-2.115377674837773,-0.6764676689331917,-3.6610641185022224,0.5770544650225609,-1.6289099082285643,-0.8217477749692508,-2.148718420479696,-0.87254442643944,-2.698071212699392,0.5747795391365584,-1.7114670853848444,-0.26346697675203945,-1.8955490008515596,-1.2191540387630677,-1.6608054358774793,0.6066815901878906,-1.7492406514637118,-0.1746505782047061,-1.377582112918132,-1.6263956048180594,-0.6671769905556113,0.6206152503113049,-1.8519868339940722,0.032732092320088446,-0.7715397259590384,-2.155454041635193,0.23585875124965128,0.5371145054677764,-2.0509986904712396,-0.07488746160457854,-0.037274227906416435,-2.5955406411675757,1.0283742783568606,0.3994147400196646,-2.264679863373636,0.3123732498820001,0.8952414221959071,-2.915233697982935,1.5979071851628412,0.8575010049948522,-2.444624693825178,1.5951391458313025,1.7616027122098021,-3.1630877957716517,1.8902158749974785,1.5502833740861195,-2.390754711988147,2.3890202405150824,2.3786693392888436,-3.3551795511627924,1.8934107243357001,2.0820714835851026,-2.4175151162608444,2.328432516493856,2.8317363935725393,-3.241723034519913,1.6897263935341922,2.4969061792762877,-2.3612220024774038,2.0847306402462893,3.0320214346566887,-2.9646442408340787,1.4414090505334791,2.649357637882159,-2.314305750219542,1.8267145460567638,2.9394058037751014,-2.535812984497002,1.1918067882967611,2.710300498925359,-2.2511850269058433,1.1953200682894949
15.700000000000001,1.204720364351271,-0.9464500943480108,0.004442630481817015,-2.3125177597997837,-0.5763691155471895,-3.4967034709041886,0.2509350496320013,-1.591671442327973,-1.22488645721099,-2.2945630630561054,-0.7315312959639286,-2.592331945167148,0.6029407014135733,-1.6115460178949883,-0.3163418930119435,-1.9980705663826903,-1.0332141022268204,-1.57441920003361,0.8889383852625405,-1.704845867849909,-0.1079092431866322,-1.4273296712890726,-1.4688477792850518,-0.5929372203097127,0.9428406503745439,-1.820895225086937,0.01740611483571597,-0.6880943309627741,-1.9167639458314722,0.31742133647881365,0.8716153977911802,-1.985894691128209,-0.07139844002108159,0.10791494212029296,-2.448581889151902,1.0477086515428935,0.8951168797860143,-2.23726343183496,0.08833376226871159,0.983911917886191,-2.8534505943747135,1.5776129933266336,1.1230355317966458,-2.503617851116019,1.181771295704324,1.9094287349544636,-3.034406098547624,1.854386404425159,1.8526337654526541,-2.5767517089360523,2.088631668865765,2.644111686217596,-3.133362734016021,1.8976122039648657,2.5249319437267994,-2.3666278228011155,2.365508701213892,3.0441986288790535,-3.1979100245673986,1.7404375999456083,2.8655020979735966,-2.247728749132621,2.014199075011501,3.2193639732161206,-2.9768915160101805,1.4668049534150234,2.9742582840597356,-2.114651468989703,1.7092501633580102,3.181747122591161,-2.620271430920136,1.1749782734060448,2.8470737245847753,-2.063335966776485,1.466945642198605
15.75,0.9561869495894738,-0.8938399966224103,0.5119587785046218,-2.5141552471977846,-0.5402482672998599,-3.373914727980799,0.21668272382137888,-1.4891930328117522,-1.3659850434137537,-2.5438339278813116,-0.6512465172631399,-2.4561712629483723,0.3623578980459885,-1.590151246856366,-0.40890228079240076,-2.1827039179723062,-0.8972740032838944,-1.481946733493813,0.8274385060422524,-1.5849243959570782,-0.07789738463551865,-1.5669277409345739,-1.2875559938928938,-0.5087240737796539,1.1548912076792557,-1.732262293391467,0.04123290894125242,-0.7745401491784776,-1.766931877907374,0.387751882633387,1.1565115866614386,-1.9162756211310459,-0.028608063695860886,0.12907598435546674,-2.1759060085971194,1.126000807023806,1.14567766097292,-2.108464294139364,0.16573445089128913,1.0490542778030143,-2.6171506927597865,1.6144129580513145,1.452477577877944,-2.360133191922527,0.9174778959694849,1.9270340512761175,-2.922216726340341,1.8583402296674911,1.9632448881589815,-2.5749713450285974,1.7266141831460493,2.703936523991377,-2.9482424827426046,1.8912477350597856,2.667387656054411,-2.488754757179828,2.090874293089921,3.2335557957845174,-2.909961978420761,1.7671435913611333,3.1636787613878403,-2.1228754260848444,2.050060711428213,3.416465171346461,-2.8716738118788765,1.519431712077937,3.2920989378108674,-1.9228040446347017,1.5871643146885062,3.3566013158292085,-2.585186809674749,1.2011521983329145,3.150332270159157,-1.8194883340009553,1.4097996772898955
15.8,0.7406780544986737,-0.7986356705045536,0.7653771122458103,-2.6408158311795304,-0.5301203280132027,-3.324410234810012,0.07157590552929971,-1.3500073729612576,-1.0378565094104397,-2.749851051442689,-0.6513850812791278,-2.360403309542216,0.21815391790075456,-1.4089643600287247,-0.41905940653772245,-2.444149795410522,-0.8418117006940384,-1.3654849888622578,0.7050264156925934,-1.4907897592800559,-0.036963958918574846,-1.7651904982850608,-1.1778556955772401,-0.4205403205753022,1.1449176050578433,-1.6057666822353347,0.08803209657307798,-0.9315929734960537,-1.6140147222852352,0.4706634296899459,1.3099472970624544,-1.77639771705269,0.09483091815968986,0.016747848259486275,-2.0528369919483813,1.1901608444376843,1.34083143461575,-2.000825647389934,0.29319120824211486,1.0062476525482955,-2.337738366700559,1.6883092152284274,1.5677698263311866,-2.1970844941378074,1.0233349074463305,1.9099725432632386,-2.624983898978619,1.917411769246704,2.104494805817798,-2.3633704199991556,1.4975544168797206,2.6543604666098686,-2.8024716833542485,1.921359222594875,2.6646581732121186,-2.4590964695320707,1.7884523427799779,3.209430375897888,-2.6907925557025147,1.7906963302490997,3.1862266107785087,-2.225623831186985,1.7915714837147227,3.5250615970098176,-2.544433885134856,1.5648954101412598,3.475695254551998,-1.7633901332305695,1.6089618009316728,3.526862944027771,-2.4323209326033446,1.252364531022561,3.4228522781631474,-1.5796403733447018,1.2459128021752242
15.850000000000001,0.5862798608657149,-0.8144081471042783,0.7767537071964101,-2.726451033617008,-0.5658634377114202,-3.3537398373100045,0.12585374875388533,-1.1858404407846623,-0.8534382056473344,-2.849609877161172,-0.6738685419382895,-2.3250245015230386,-0.019598135550710438,-1.245424743183719,-0.2320524614631152,-2.630150199432779,-0.877237208492132,-1.2921007466799916,0.48141465836871866,-1.236373569646302,-0.03410934756332318,-2.0063957138335153,-1.14955141528427,-0.308652421359783,1.031987047357537,-1.3905599891143077,0.08351662810114235,-1.120104516262641,-1.5437088020131184,0.5570973077159103,1.3479175226812603,-1.6361054140047144,0.20365115227641073,-0.13987634365729473,-1.944813026666663,1.2679305033322352,1.4432441043805322,-1.8176085175820758,0.44029978611480636,0.8782436819979722,-2.254598135409931,1.7433161457824742,1.6446247884727234,-2.079279366416811,1.1570735260804317,1.8078743542684617,-2.3649222616306687,1.9858804855514722,2.0968633701975223,-2.2092812421262553,1.5950861697091656,2.562142908293912,-2.47649248794241,2.00046802099067,2.66503560688612,-2.240327977632554,1.6109512254308407,3.102046526992548,-2.528346374054078,1.8428580433817021,3.1064742698541368,-2.199974847794973,1.5655531593158025,3.426905145658039,-2.31117287541708,1.612931597029094,3.409579957682197,-1.8690717935955279,1.4168241480046304,3.5568552561717137,-2.0895482626009665,1.3103479145825452,3.5149878160214962,-1.4081162611912945,1.2463673793176246
15.9,0.4322395903182385,-0.9100865755710859,0.5386321134274097,-2.8038623197011603,-0.6750729842449221,-3.499943375338257,0.05177937801381116,-1.1273735107550138,-1.0920003484806,-2.92964422468037,-0.7538078914029223,-2.367926902306164,-0.043637834644736806,-1.093836988213162,-0.20093459662650215,-2.7004349372167757,-0.9283256607520896,-1.2811549150128787,0.26564184951031145,-1.0319843802354784,-0.10206943459829776,-2.156022945776135,-1.214069227367922,-0.247242171492843,0.8501337778685443,-1.109500552780045,-0.04350756732819763,-1.315458209154614,-1.5402144266897322,0.6673403398351008,1.252682483772099,-1.3145917549799413,0.19728531488761564,-0.30003900701944364,-1.9198271307031711,1.3483475427574132,1.47786662111139,-1.6493739265095946,0.5738487795274715,0.7351187595701303,-2.199915669713921,1.809684348845727,1.6853767673248667,-1.8861639658887095,1.2975726250322255,1.674208705896305,-2.3281529736771622,2.0288611614433116,2.083434911290769,-2.1118222447142605,1.7167156452473575,2.411038654702131,-2.256539117594454,2.0615388397565835,2.572592151984736,-2.132991911362335,1.7005564087941925,2.947003862396218,-2.202544826360655,1.934105856311417,3.0150913784848226,-2.0273434751047352,1.4446212223367665,3.2734502332995374,-2.1462176822239964,1.679306805682636,3.2769689429789453,-1.8670092035229058,1.3145456199532712,3.397714874188833,-1.8579203599448757,1.3742224309731803,3.3828928935048443,-1.505294693562182,1.1921630279784772
15.950000000000001,0.22998529755075076,-1.1125643853035112,0.40480691859512136,-2.8779360028012135,-0.8421778046925366,-3.6570556130578318,-0.0543702677472897,-1.0452452643339778,-1.58814921453436,-3.0242737734505765,-0.9150123091023676,-2.5200487515509504,-0.1798476431863545,-1.1131549801239582,-0.37187834416133425,-2.767381915380147,-1.0391575594086278,-1.3423011166769638,0.169055060668156,-0.9322499247310221,-0.0908561799400005,-2.2004259161432627,-1.2852814315128014,-0.2589331073827905,0.6645621236928796,-0.9207512239010052,-0.033398870005978104,-1.4166067066722299,-1.623191091240439,0.7184658890061502,1.1025780934256466,-1.0485825732868643,0.21081215729118852,-0.43328412924977133,-1.9358694649226882,1.4511456142917334,1.3653129527583998,-1.2709099977790435,0.6713394821167454,0.6139921890522437,-2.2193463763552645,1.8766201372109204,1.651811406591598,-1.700499598548118,1.4233786994147337,1.553099414560073,-2.3268814955773287,2.0776535394213234,2.0812123732544974,-1.9390738019658442,1.840468884921041,2.2808705842639254,-2.266110371782064,2.0901470278372356,2.514725980111847,-2.07484421797582,1.8074752497713962,2.7597460715508504,-2.035761538588703,1.9851234881357231,2.8709518631505073,-1.9887649660183955,1.5222755313047753,3.0697291255719428,-1.8426469355494035,1.772596533492397,3.1289321758347843,-1.7723092828522293,1.252156902541712,3.210514705259091,-1.7009315460044294,1.4460429933362966,3.2153215144327607,-1.5255853377936484,1.2427738573162852
16.0,0.023298034034352245,-1.4541800363589403,0.41016699904632287,-2.9220618391970565,-1.0576739847161498,-3.8801046799881616,-0.011585446440188107,-1.2743054288269593,-1.8402053411670858,-3.1099168138918287,-1.1346260717206347,-2.680811993979356,-0.2983121963212536,-1.0968081282805757,-0.47065093658656565,-2.8594921378399274,-1.2155879381880563,-1.4926488825047013,-0.05609761190331275,-1.0039672302829044,0.030194256192217273,-2.251281744572018,-1.4107545989800574,-0.3314507385015708,0.5310001809564957,-0.896332740944647,0.2342614852589352,-1.4384236030760889,-1.7032285060117291,0.6866901698514472,0.9352394760483729,-0.9410740930461741,0.44692499071416447,-0.48081239304889056,-2.024126528281618,1.4883105118495443,1.1674044201067577,-1.056622253492713,0.9823868321503803,0.5470634123216955,-2.2482128914687527,1.9624801456691798,1.5288642203285474,-1.3288172933565574,1.562128684320479,1.47451654534124,-2.383627169588949,2.123909894791769,2.0050349948768633,-1.755114369763279,1.9308818800098457,2.1862479581512373,-2.3114676366634335,2.11741754660245,2.4976172778898613,-1.9371540264203706,1.9032220434254519,2.6402851155213414,-2.0867970150473214,1.9983126415635255,2.8020090802299946,-1.9790561498356058,1.6137811917789464,2.8591954120937,-1.7344991270597054,1.8113734148105687,2.9577882954664054,-1.8067444368952352,1.301190153758435,2.97232206083216,-1.4341423920521157,1.5322130894721655,3.037938399372178,-1.5106724754076148,1.230629227989236
16.05,-0.20351050106224003,-1.722009230205934,0.3869182692512381,-3.0133448457981604,-1.2710942139399184,-3.950694703020591,-0.04648226094049024,-1.3342999954133576,-1.7821692181296958,-3.141414753745899,-1.385357457474572,-2.8907428029635827,-0.14183008402515007,-1.380412906089578,-0.40568400503259117,-2.93568551477398,-1.4432780781038912,-1.638795465239451,-0.09606475043551255,-1.1086965158279887,0.1756086215399939,-2.325998140434824,-1.570506975917969,-0.4642373652113929,0.2696428196928524,-1.0146410319264254,0.4639213057042658,-1.4694138561844694,-1.8264019308863744,0.6087808635809111,0.7604154217881445,-0.9984787353041094,0.684381364336001,-0.48447614294084396,-2.100769959303501,1.439291967184475,0.9873290390007781,-1.0653545405471676,1.3195841173232765,0.5491176092574612,-2.3288330966415316,1.9809321193204588,1.309912524647661,-1.1661210708668133,1.9387924423472616,1.4681605816969467,-2.4179277515570274,2.1839631820974468,1.9241401520660364,-1.4068558167309373,2.0300859507810145,2.1483962490809416,-2.3944883665254557,2.139030037005117,2.4296944346261817,-1.7661860965278016,1.9525294863211222,2.573343702952142,-2.16814545506707,2.003513332459655,2.791523867189041,-1.8822389657428629,1.677957922618483,2.7553623673556027,-1.8193342548831204,1.8099286128450944,2.8971408871369677,-1.8494969797846545,1.375717639668498,2.7501801117864177,-1.3838101892497434,1.5579829573389303,2.8594248864254674,-1.6083514241071106,1.2344974092544594
16.1,-0.2705350002731874,-1.772650960874597,0.22708857977320507,-3.004883647990142,-1.3649684332112733,-4.151743284879863,-0.008243361199994137,-1.4323514368721715,-1.780577890365873,-3.0756190911423342,-1.5438195372884578,-3.2197844954219876,0.015092091947057629,-1.409093630546713,-0.7418198742527786,-2.940687462308973,-1.6820482196478603,-1.802850591725098,-0.08344015328463517,-1.3618476858554502,0.04288379974453882,-2.3788776580264637,-1.7692803191939999,-0.5759116408612308,0.32705933178192614,-1.1943429374784,0.5062390386096556,-1.5126722712268759,-1.9444008589213158,0.5029144376120387,0.5018838617311916,-1.1535277505314785,0.6904413838145981,-0.4938118684228954,-2.2055433841323224,1.360225963042715,0.7783551514433025,-1.1866727744956522,1.401099468725042,0.5569545539962073,-2.3915034149954595,1.9185286888585595,1.112014024473713,-1.2633849420699113,2.2299773879687206,1.5094964168667202,-2.4809643269295,2.1809106820229407,1.7562374463153945,-1.2626179686296535,2.362730118407318,2.1910197176494117,-2.427385236576065,2.168855298598955,2.4093482525322925,-1.4307179555373275,1.9969644405288363,2.571367223720231,-2.2654981942240715,2.0008588628413215,2.7512353182457163,-1.7296671693899872,1.6881526985520245,2.7151589100648232,-1.9250028664409946,1.7957133419940314,2.9052667310150038,-1.798246375462676,1.4142832241910792,2.6647917756895945,-1.4935549635505962,1.5444839843200602,2.8183240229272744,-1.7049219050775255,1.283247937131825
16.150000000000002,-0.19672446678521402,-1.5504480295639906,0.021366465334830366,-2.9508684584736766,-1.3055873539684937,-4.254406046951803,-0.03480862510970528,-1.4229810821801734,-1.667292053171324,-2.9319868411945516,-1.4941766954355962,-3.5649386019661966,0.016296300343920933,-1.439058238155579,-1.4211606292276127,-2.87516805514453,-1.8152213879069112,-2.0450627801192987,0.10206996830055237,-1.509496315409979,-0.22738421278111098,-2.3674414902484298,-1.9600324338570907,-0.6782090277872022,0.2594544218529955,-1.4650572176275047,0.4310334155399298,-1.5338920839641856,-2.0864282041979565,0.4334770409886546,0.5610407664893455,-1.3553704673462934,0.5573495735828315,-0.4969014347668166,-2.2642234641531256,1.2836528226931698,0.5803991566920226,-1.3515925298422742,1.2420904989767088,0.5669727343717801,-2.4654294833164703,1.8413477701780934,0.9499150438865325,-1.3971723175291726,2.2415607151553134,1.5224946366169423,-2.522746103558211,2.110043926497781,1.5877683530483298,-1.385974680824729,2.614804991371753,2.259054615289511,-2.4674724417487415,2.1450089240026475,2.3156146724399322,-1.2707861493605759,2.2847512717584304,2.6498063889144685,-2.2918443722941584,2.001482397962666,2.7793941256069457,-1.401014968709247,1.6763936499335401,2.743189569191702,-2.026057332602642,1.7727154177128197,2.8913501962925583,-1.6705261273328678,1.3933612478457573,2.6491242921419023,-1.6125722745956494,1.5156932630916655,2.8508948684981092,-1.7045677974788533,1.3064177633665912
16.2,-0.02623716640092983,-1.1467984920055432,-0.20403978974504164,-2.845189622261346,-1.1543244308625855,-4.316613348900216,-0.09243573572378239,-1.3671564136253074,-1.8535151473043046,-2.789957247252599,-1.315163053430335,-3.7469938955298563,-0.14635003857088202,-1.360798526711278,-1.9136643934816997,-2.752552349454964,-1.706322226574033,-2.2574028203141814,0.13056847134443572,-1.562222419616396,-0.45585867309268546,-2.328651298777822,-2.044892586614311,-0.824493478040873,0.39192147719887727,-1.6477805291243817,0.2880010903094774,-1.5360919790214078,-2.206600415309954,0.3905320516008737,0.4218575559631381,-1.609962243868344,0.4736877640162043,-0.48652496482452623,-2.3314855244753385,1.2552995526799227,0.5964313291700452,-1.5095869807008073,0.9200795782678416,0.6040314099627597,-2.4569897781125793,1.7905991108676955,0.8972616401961443,-1.5259579286398393,2.0734618974519274,1.5473951640716788,-2.559079721740254,2.0369663502176714,1.5119577858149893,-1.493692545956332,2.6189574063141263,2.2727196614562706,-2.4858058260536264,2.0706728405686423,2.192922820373562,-1.3670848247811889,2.531157080364346,2.732851289298015,-2.3080983364515673,1.9606290281602512,2.73746036069657,-1.2050209169782728,1.9137944003037959,2.8456564567669407,-2.0427494012960734,1.7491672857548906,2.9500135642902308,-1.3599627007528148,1.3311026355777371,2.7013473202833227,-1.7089854250429504,1.478259444425857,2.8560923305246395,-1.6109041862929834,1.2690347844086396
16.25,0.29442462353276766,-0.6986686875481627,-0.42822881586846107,-2.708994264494171,-0.9645976787323107,-4.331022400875325,-0.2619430770234623,-1.3071472231418109,-2.294492017539213,-2.642266151117161,-1.0992081958030786,-3.8212739219174074,-0.2885699553084704,-1.284071930880986,-2.19335580446089,-2.624999020140333,-1.4751539756780119,-2.3434174350116543,0.05168036635019213,-1.4593802982952682,-0.5921787299603436,-2.2528344783425736,-1.8872335679384333,-0.918784672543429,0.3025586015982178,-1.6793671983294296,0.18668171813831824,-1.5321404947529382,-2.2267565637895936,0.33597486642451324,0.3813976113417974,-1.7715505411421546,0.3692514129045943,-0.5033309455941382,-2.365985221389715,1.2720555333671968,0.39978367927603053,-1.6969061088731654,0.6839351030189278,0.6505629658635126,-2.4413147199953977,1.7969900594088861,0.8685632409419488,-1.5944158019312977,1.764455998834033,1.6176610257520663,-2.485869378440877,2.0050766438094736,1.5838886828585808,-1.5619066362789051,2.475132283104429,2.3074962549224542,-2.4838750999030967,2.003229911235939,2.1779585343136585,-1.430993045943465,2.5497198040226325,2.7446110712328675,-2.304095724028845,1.8870447660416547,2.644162162176765,-1.2386014280331754,2.171372085395167,2.9345899879664428,-2.0374773047853,1.6967138731110867,2.9315383854320634,-1.1238643048931671,1.4896176467982978,2.8184553323997474,-1.7147213988032517,1.4374657334598429,2.9307744681115726,-1.343378118154881,1.1780749419306353
16.3,0.5778372995177,-0.2970316947056282,-0.4666411795238592,-2.5481616714329847,-0.7791816096416371,-4.245393385373868,-0.22019529742630706,-1.2727135619625765,-2.329353038562589,-2.4877247847862494,-0.8925947084529717,-3.8123193145451837,-0.3406345009715208,-1.1690767976345315,-2.305783814694469,-2.476356007092426,-1.2212600879781244,-2.3581883087264477,-0.0781901690938982,-1.3363382552994638,-0.6229731340591522,-2.1407470034559895,-1.6320406259004416,-0.9313435897780731,0.15431584452534652,-1.554227958966253,0.21422913981923997,-1.4891432317172182,-2.0287374615598575,0.3422320647151711,0.19127483756810992,-1.7762493240585437,0.4252964061921352,-0.5234879023636063,-2.3122926159782686,1.3023095592175649,0.2582728931753504,-1.8187775318543489,0.7093037249383006,0.6478938827559677,-2.3823313068099505,1.868021492959605,0.7786002341234365,-1.7001330366383383,1.635477253152336,1.6986286915506144,-2.3909865466693825,2.034262760326236,1.591775648210982,-1.547417134791805,2.207422129092761,2.400170719373582,-2.3563327688402858,1.982973113837071,2.3069155697647683,-1.4401309612238602,2.4254862060568283,2.784641357987634,-2.2679488883477728,1.8262473434725846,2.6572945369842436,-1.2521123288593876,2.226564693635266,2.9433496738973686,-2.0145443478216674,1.6270740372412809,2.848456999096768,-1.0746828939140038,1.747411474822479,2.9069107240899528,-1.691920861369205,1.379086831890718,2.915487456294012,-1.0778089661341062,1.2336868631211155
16.35,0.8710238617962905,-0.10470828407657233,-0.2619326055750372,-2.407564742715824,-0.6862278734578764,-4.0986973717120945,-0.16743874352324584,-1.1918811228540236,-2.0228999965035053,-2.3167004447630224,-0.7296468353203878,-3.6768248727003594,-0.25568014693840446,-1.0379034502319489,-2.0943157906526766,-2.302180144169408,-1.0017117353567606,-2.3116676429694905,-0.12257852656314183,-1.1536114959560901,-0.611867565540368,-1.9831376650200339,-1.3719549255314512,-0.9016361893178559,-0.01688014656183956,-1.3733002298073014,0.22852221761435487,-1.3760109992293135,-1.7750954999085966,0.38097426786580346,0.0010356842089396245,-1.6436252384676544,0.5066848310213738,-0.49064696363520177,-2.08511837408607,1.3871378887737662,0.04866540546629916,-1.8056800467078453,1.0064757865477663,0.6235981877797858,-2.2540854197745297,1.9691370235772632,0.5967025319801219,-1.7437808618168331,1.7455729404674591,1.7340005196588093,-2.242702467536004,2.13964877266945,1.6253141329551621,-1.5649607255809546,2.190579020656084,2.506283973333119,-2.196068470379595,2.022311497761419,2.3696552254593106,-1.3784232441856736,2.1760607141776225,2.8882817162285734,-2.1008477158585315,1.8122365527693514,2.803036012957277,-1.214478669904172,2.1260362939736095,2.984903002358097,-1.9508657331619306,1.5735736147668207,2.870321045428144,-1.0342460190501823,1.8685491183834468,2.912471512144996,-1.6544555182366683,1.3156998792185592,2.8295374683020054,-0.9420734495317213,1.449055477524413
16.400000000000002,1.2766978597008847,0.002905720544189304,-0.2557866058700522,-2.2102265645385177,-0.666845470015387,-3.871269000375091,0.1523534062557217,-1.0028190803628234,-1.2255667650520934,-2.156788669558354,-0.6813695120913144,-3.5022738474276305,-0.11248929440035393,-0.8466562427624105,-1.6329114492518164,-2.0877718876800566,-0.8424015015570729,-2.1675009206393514,-0.001042232956058875,-0.922519314131321,-0.33620015323170493,-1.7863619715828438,-1.1702204184697251,-0.8317095265177676,-0.03194132772027425,-1.1200900238846585,0.14768579732020748,-1.1969256660794292,-1.537550748205998,0.4348567926563529,-0.07439382460395061,-1.4179109893255617,0.3917957239744439,-0.3595022739881282,-1.8556511781691931,1.4532608264547275,-0.047320415063702104,-1.6854900953287104,1.084285296516859,0.6678218881204101,-2.0110507207162343,2.1055973417147653,0.4750609808534775,-1.71647468736955,2.0452667389384818,1.7470077611017443,-2.043841624882634,2.2839574557028475,1.522019886116346,-1.5434983145546588,2.460629953442991,2.5844579829186554,-1.974977218871139,2.1369545419372464,2.4740950626699605,-1.3142828249950904,2.1910216143846504,3.007413136664989,-1.894281441992156,1.852288177595563,2.8952941712908737,-1.1435375438945026,1.8857930158825866,3.0897229476917776,-1.7597072644678624,1.5626776057616323,3.0169144934431307,-0.9595711506118498,1.8163469031376667,2.9527730483988024,-1.570805027558837,1.2699023218986232,2.8491826745408066,-0.8441917146038415,1.6473497599608913
16.45,1.6570029078554673,-0.049814586961056874,-0.5462811487519211,-1.9935090441251857,-0.7434269581686648,-3.614806980771575,0.5206992082177155,-0.7626578322907902,-0.7671195687068892,-1.9147692382749293,-0.7147824283556092,-3.279909745865218,0.31594777705624244,-0.6324897986969704,-0.8466222711562281,-1.8872388964934794,-0.8313990366432034,-2.011459287181838,0.21066927142844127,-0.6363155643784784,-0.15375360345688538,-1.5457358334411442,-1.0327878778644495,-0.6987537805175337,0.13865413339290145,-0.7866173275884867,0.029994575354766018,-0.9812562028446425,-1.3799738162463493,0.5068463106484011,0.004176334858528641,-1.1128728989374155,0.14444046024581741,-0.16053151781251884,-1.6652838504263068,1.5069028301828857,0.09237153586800795,-1.4393073371179967,1.0038226094968705,0.8239499089379931,-1.8231743088680208,2.1747344462316742,0.5735083899333293,-1.6328437203696806,2.1741568421865476,1.8346956676844561,-1.7939951038241153,2.439696157899196,1.5388642876437912,-1.5131300006039228,2.8337623519803916,2.654528430547174,-1.720130995561444,2.288285839105053,2.485118609995452,-1.2577194156432574,2.506566502434186,3.11973876285077,-1.6239736975210528,1.9564339318337987,3.0372080082276236,-1.0127439579828967,1.8735779619022686,3.2106611042451028,-1.5265209156429593,1.5980741009454074,3.1141478614518503,-0.9000439634804401,1.6040588620791159,3.051512520304327,-1.369565271934059,1.2607101238833252,2.989799369496885,-0.7326087059230619,1.6798800360446668
16.5,1.8002977757467988,-0.33471583402044447,-0.6312072832123025,-1.8651878491139495,-0.9809399962506271,-3.308564317489276,0.8192992860625758,-0.5529879497024702,-0.974599093917893,-1.6960865670151692,-0.8541131683656911,-3.060717823977106,0.6903052996665879,-0.40064799817054264,-0.5180513683854255,-1.6010104775778755,-0.9085505007789463,-1.8525449694825002,0.6179774986091298,-0.45059642445893644,-0.16461318988096396,-1.3323319512320797,-1.0643595211485568,-0.5776251541433663,0.42047784732576776,-0.41802168681885066,-0.17234201828452522,-0.740519772567545,-1.2793926738279282,0.609186408776683,0.26857500667398315,-0.7046704920871059,-0.21576285334582868,0.056060870581462474,-1.5710046880526196,1.559946425256571,0.3220610435510439,-1.1111762403628271,0.8360585502617353,1.0245099516826839,-1.6977521728022316,2.2083702574798703,0.8700489519619687,-1.3925939067668076,2.1359815018484656,2.0073842475729187,-1.658977109014037,2.4920958347101005,1.7527717494350585,-1.4858864381289147,2.9314339964079767,2.7949015149434775,-1.4752064047593416,2.429187715580884,2.6082321997293936,-1.2317353601615055,2.866746715024795,3.2420557808228923,-1.3360130999405806,2.086350363230865,3.1294222895794412,-0.9460331035137353,2.1403733539895464,3.343624349796661,-1.2317173793073621,1.6809634442210903,3.2761934035669924,-0.7180399457629795,1.538819442480068,3.165694979000997,-1.1271831142526079,1.289266079095608,3.073277519316232,-0.6796726211418359,1.5348816176024462
16.55,1.6651262622499714,-0.6998663865254039,0.0824746556596979,-1.9431633851365082,-1.2973956943996479,-3.0436028180642962,0.8660210117771787,-0.7601468819114329,-1.480806818032166,-1.650961224794818,-1.1595355286588704,-2.8064454022031438,1.0279156962657425,-0.36121946301991503,-0.6497485608415605,-1.3883927348012093,-1.0957117697547236,-1.7164728327171086,0.9785226408201537,-0.2240170701926456,-0.3247576241078032,-1.0610977447285963,-1.1767616468125253,-0.4966951891511817,0.7894047763183116,-0.30001367505690135,-0.2721017432165523,-0.546377850550237,-1.3509064660930425,0.6839766227240052,0.5915617760157827,-0.29987937100636985,-0.3577409622801293,0.26315488599840897,-1.5173359186566726,1.620272809963843,0.6719308394835843,-0.6711199926989047,0.6205299116761631,1.2142423909008482,-1.675922384320363,2.231217105179646,1.1624022863756882,-1.0715705662820172,2.0201272662387835,2.1835125001968247,-1.6069861365179738,2.498591097769467,2.0370328448126465,-1.301411146558227,2.82940530481737,2.966541541354202,-1.397939538207802,2.4552984949958536,2.824141304591278,-1.2686156716314767,2.9005299862557417,3.422639313535951,-1.1103929020382797,2.1904360811503953,3.3097265351239784,-0.9249006367204062,2.418370626757772,3.502502037879649,-0.9352242554449797,1.7753680084343306,3.4138538410457016,-0.6481529019540613,1.6927610165424976,3.306304008007588,-0.8297489761276156,1.3478847161798537,3.243656647445283,-0.45892457962786515,1.438385552140894
16.6,1.218376074744073,-1.1055124250597288,1.053243293249291,-2.161747661556608,-1.6140897057788095,-2.933846455399175,0.6840031341944557,-1.1194676290427104,-1.4471515790573481,-1.8366525173035964,-1.5046419427175728,-2.585866346871558,1.0837541234992547,-0.6409971916054613,-0.7185189509479033,-1.413525686366961,-1.4321440281184472,-1.5454096200595169,1.2059740430618882,-0.3776579277665426,-0.3418577842292687,-0.9074208006921292,-1.3852354012549517,-0.4420025451859644,1.1200605618803952,-0.13343888966370332,-0.22512747417259021,-0.3443657921711507,-1.4837582585962572,0.6890075713311883,0.937597218713063,-0.2471914644299713,-0.22347339540434674,0.4050804822424503,-1.619703957994325,1.6477877268463104,0.9655524644731015,-0.27996868266627906,0.6008240753598602,1.3548742439152939,-1.6732300749964768,2.2513401191194213,1.4626850346641593,-0.6498515619905292,1.957661664801815,2.319336684875095,-1.656070457224641,2.4942786481243915,2.247204145630627,-1.0312429057132553,2.666947360384299,3.0969957624971123,-1.4171936087686055,2.440497011433249,3.0167793265011906,-1.1604942676606527,2.7336892444766665,3.5756639517319577,-1.0897227205338833,2.1919410670652297,3.492768537846776,-1.0201188122248204,2.3783124866836496,3.7036906144386283,-0.7420172176071294,1.8365891871145317,3.6184582729361088,-0.6274004755740059,1.8410882340433963,3.4845590379662905,-0.5461739394483356,1.4050143405071163,3.398081382933827,-0.37802823552360887,1.4722986349392007
16.650000000000002,0.5153843861359582,-1.361885380256385,1.668276036588741,-2.433983065294716,-1.7826267547139718,-3.010868945922033,0.3013276706933463,-1.3376539671041296,-1.1150214558736946,-2.1483400032422373,-1.7908613196793421,-2.505822063135106,0.949912923564789,-1.0977836560804457,-0.7375013645637076,-1.672268448294194,-1.766654029099377,-1.3865997704258581,1.2406913463829512,-0.7635304663489586,-0.2999204480154045,-1.013546506271652,-1.6944027096094016,-0.33967479119656696,1.3277284160329277,-0.4466478719164302,-0.10662426971896596,-0.28809262527564883,-1.6841919608511313,0.6772568804921009,1.2346418341941234,-0.19672140972059982,-0.09357669681061154,0.497204462686871,-1.7559098716571242,1.5948325518191064,1.2376783892943015,-0.27344295603468183,0.6749153852240735,1.4185876007369247,-1.7941690282200629,2.242763932096854,1.6381785334029328,-0.3130973002822497,2.0492227690553446,2.371918108438722,-1.7020831569451556,2.4884693054816753,2.395315145663432,-0.6493507620690426,2.587359467322256,3.163514361770874,-1.5257259167001136,2.4222764813016315,3.1202569889409664,-0.9577757378502352,2.521291178373654,3.649840092856358,-1.1697471904131218,2.1679519067075925,3.601709422527538,-0.9952068013039475,2.1607124301088447,3.826410945401195,-0.7721087268368132,1.8218585327647678,3.7630762244148683,-0.7672572001831368,1.743891953237943,3.6886104858857394,-0.3944616099861342,1.4287461728061246,3.6050414483138398,-0.35367885613163924,1.5021773986739488
16.7,-0.06232370013585278,-1.2431616648141286,1.3433731628998398,-2.6270832506775488,-1.721066146847785,-3.3852458179458575,0.012841163161747993,-1.2957637932954045,-1.31955160603174,-2.4555081225499364,-1.8712611700595039,-2.6209729804634083,0.6395887079086338,-1.3120676195539862,-0.6322083309729691,-2.032521837019139,-2.000738728830984,-1.340598955008575,1.0134846195809435,-1.2708951846629448,-0.39001128813818864,-1.311435166486925,-1.9638760888834739,-0.22101241328690735,1.374506363061271,-0.8878022835528994,-0.19629809467288264,-0.4718322800593544,-1.9160397737846502,0.7319587748759582,1.4457492481014096,-0.5686013334114188,-0.10130336687635111,0.436580417382344,-1.922414426958201,1.54140250141658,1.465989671052787,-0.33174394392382855,0.5194134757808766,1.3813767361864437,-1.9190596814772443,2.1605323847036617,1.7497868360644282,-0.31431018724225,2.0475379572862504,2.345679569688439,-1.8290654179124033,2.4630809172338464,2.42518120825301,-0.3393597792366081,2.649591937071404,3.1244917521909765,-1.6113664915010295,2.409372605347116,3.131080373437704,-0.6150206981027908,2.4118328656732397,3.6452834068446904,-1.3205979103206333,2.15018726526074,3.617292706924768,-0.8677752619540102,1.9163741321508918,3.843831802329276,-0.8983193652876942,1.800076040146677,3.8051485723048595,-0.8248766952065814,1.5173680868180988,3.776362982928134,-0.4665022859647783,1.407521192361313,3.711886913375054,-0.5224318043772644,1.4073080837422942
16.75,-0.3312763563754489,-0.8960894465223244,0.5348059376039975,-2.7061378502130284,-1.5517621365122958,-3.7109931668286786,-0.11392086046767824,-1.1076508535028702,-2.107727417832474,-2.6485817887107177,-1.7216987278575457,-2.9178127148286994,0.37124667985197046,-1.205360256155796,-0.638765243984293,-2.357918829633414,-2.015358142256245,-1.4506997688700651,0.6735382817057167,-1.4647936059519175,-0.35798239736812243,-1.6674800613333929,-2.1133805936390893,-0.18185929517062993,1.2047150687094432,-1.3696042550186498,-0.2908478836472942,-0.7719838526915246,-2.0795781807799596,0.8281382154058625,1.5101315754401439,-0.9865467235792429,-0.20639944114296926,0.19055510457339553,-2.04368800060728,1.572041654486196,1.6352260450006795,-0.6521586726343906,0.23822334767279774,1.2052668418496504,-2.034986988061611,2.0938493573054973,1.8468594733162382,-0.43005081114231314,1.6031292103575245,2.1837266958275103,-1.932765128346885,2.3819337881613767,2.3588520787886282,-0.31974276871220386,2.637858553191664,3.0139855678687644,-1.732756212682931,2.385636425049372,3.0491695736864304,-0.2954305092243743,2.479397453696729,3.52570981423618,-1.432653976342717,2.1442217670225117,3.529169104824951,-0.5664212922656855,1.7872046412567357,3.776043019728148,-1.0734997808043723,1.792302641265986,3.752269160504277,-0.7783254001817477,1.2914423005760032,3.7433565125495494,-0.6235630437186046,1.39519310556183,3.702293652784625,-0.6536623210868979,1.2343443488983363
16.8,-0.5434063788951673,-0.5685156045108838,-0.05108597903702635,-2.850997844547787,-1.420601829406558,-3.783145603640514,-0.2820602560386569,-1.0040757354076497,-2.690355628892368,-2.7161165073487403,-1.5195420513074698,-3.1715202710081147,0.24283395644771977,-1.028055814574425,-0.9495793520760731,-2.543650290191457,-1.800088443476029,-1.7017567290087898,0.4525268619303704,-1.3164787198849863,-0.27317940219852055,-1.962219153461906,-2.065251530788057,-0.2675288008105525,0.9676121491806713,-1.5298097400381354,-0.03703611827715822,-1.076978985370034,-2.1233174724181447,0.874425398595513,1.4210182005888328,-1.3735346654477112,-0.012174704183957052,-0.07869067887336767,-2.07912884031602,1.6577206801111166,1.6904506791485558,-0.979529185248396,0.15008071790402178,0.9197012806402971,-2.034584525042007,2.120006512430199,1.918087136333953,-0.6198856193392139,1.0589334409394786,1.9123185473215565,-1.992116680296503,2.3261098922938883,2.2906400390887014,-0.4055066602028443,2.2081417359495,2.7525220038958875,-1.8094279439240202,2.3266680555689567,2.849731448207552,-0.2573490584634883,2.5226451245501322,3.3481357375138443,-1.5390706411686628,2.132618327114223,3.3710325420115455,-0.22402601672611722,1.8847014749336761,3.594048125711764,-1.1982228810698237,1.7992131573315298,3.597544999834793,-0.5305250550286007,1.1629448849574442,3.6249418711302517,-0.8071887587069027,1.400969450702585,3.599343154685981,-0.6886127658749877,1.078928906403405
16.85,-0.7647428797075391,-0.3601199050296534,-0.1861173311569295,-3.0447256557320745,-1.37173404155984,-3.6272157525647457,-0.48558038665569025,-1.0745265187481996,-2.3987685136358228,-2.7230043007015903,-1.308380947904224,-3.468735513977428,0.25429476307914944,-0.8502001362997373,-1.2395920904164655,-2.587268300483434,-1.5779762148799659,-1.908247677681274,0.33489798203529153,-1.1096969260476883,-0.13741164446104093,-2.1087506206184847,-1.8102407914198748,-0.4672122580604776,0.8301318220126177,-1.3700963145291685,0.4088728028393902,-1.2998917177712954,-2.0172008638768357,0.8180424938551722,1.272101654761408,-1.4914207356985194,0.582386453048674,-0.29898093990216923,-2.010263914848367,1.7125355605868486,1.6098859221241917,-1.2451196096715385,0.6563932443349239,0.7045898980292842,-1.9409747430889812,2.1990843109600475,1.9297320356458711,-0.8359962578989297,0.9543388032101285,1.6128774124365775,-1.8794313405008634,2.3582389974429727,2.255433406774719,-0.4606264452481028,1.6904784010385736,2.418828880538959,-1.8139550723246822,2.2940188993853465,2.6642750195737315,-0.24582561790166224,2.168698018071612,3.0210282431501723,-1.5860176213811394,2.1024537992270917,3.0935281171418127,-0.1680307044584377,2.0256382435872533,3.3702379736623578,-1.2833423952751266,1.8017773173860057,3.3926127274047064,-0.17780447129669286,1.2709454643354745,3.400005237396758,-0.9326668314555286,1.4202025489842618,3.405796826016904,-0.5109675804801082,0.9714574897404533
16.900000000000002,-0.885681782622301,-0.19335893844342786,-0.12456601911163183,-3.046386310660365,-1.2496994584585153,-3.7420362809896277,-0.46438462043998907,-1.0804486694931865,-2.067142903170333,-2.6470805167467404,-1.1768014326482668,-3.7743043342896034,0.13953018636888626,-0.8060498436649828,-1.5691866325483916,-2.578832150276691,-1.3730312472844775,-2.1191732397094474,0.32438199017991387,-0.8787497448772936,0.31506649458356906,-2.1079707962910588,-1.594055826209524,-0.6229786385766134,0.6962704443501355,-1.1542800320647695,0.9155372829387458,-1.3796300060864808,-1.746127962406665,0.6646395260226345,1.1415834251058383,-1.345383026144665,1.1952572842913363,-0.42390134102605614,-1.8550489547414495,1.67732175877629,1.4126855529581839,-1.3247876020285922,1.445714733997978,0.5842899845929717,-1.768156686913076,2.253347966120421,1.7995644127576815,-0.9853207933873688,1.6423875820858886,1.4635246024537851,-1.6745386425200293,2.4269573277102072,2.2221122844831984,-0.5612524989083034,1.5970780847108776,2.1305196495148526,-1.6118503441565002,2.3315823442258075,2.5674277908224075,-0.20924934743002255,1.7245281544302662,2.659787163296059,-1.5419067871346703,2.0925698356229514,2.8561076658183646,-0.027363979755731682,1.7948423027585743,3.0094739641130075,-1.3003723404880896,1.7961523883374877,3.083308025707478,-0.09594201978860495,1.5013114470881086,3.149543885546614,-0.9932098880987938,1.4337010876873129,3.17967482311906,-0.1746028749733115,1.0392375032580699
16.95,-0.71838725059232,-0.1359057652475823,-0.24954768858623033,-2.7977973473770246,-1.1900137197049387,-3.9702453318502564,-0.5622682390911184,-0.7828138381527487,-1.9026545674703086,-2.5155347768072778,-1.0717480956086467,-3.9963698144977178,-0.274532851339802,-0.6056663354882263,-1.9947231024850915,-2.5134169609202273,-1.2907363225997859,-2.3131441032680775,0.12717377768886085,-0.7331379966350346,0.6340657938103047,-2.0770060288747483,-1.4229259211112888,-0.744907362046926,0.4651745514882384,-0.8680839715745188,1.3047538476624172,-1.325847274149572,-1.558310547224635,0.5510359189919645,0.8150353847903227,-1.1405475469349948,1.5237463276135645,-0.42171811948567006,-1.5903904914680034,1.5555277180942706,1.114221180977642,-1.2166605439751974,2.0170039929508135,0.5641737259343582,-1.5776215994993503,2.223215694810079,1.4915633512652149,-1.0366972658641125,2.4965899797995483,1.4412617055349286,-1.419822344131294,2.4665913008842235,2.0731576649830625,-0.6200426628250183,2.252602810428032,2.0495030047694818,-1.3259303269460165,2.3818047409496392,2.534787023031744,-0.2078079863234632,1.637477579015107,2.4020055298524423,-1.2783103081475211,2.1283922701759717,2.7510227785048573,0.06093421790974274,1.4486125857061956,2.6492738296380414,-1.2158220655269325,1.8013010259902096,2.846899361002524,0.17244835440947393,1.438990067528665,2.7806806179944155,-0.9821217146498862,1.4436691135025759,2.8763010215852565,-0.05721922604897478,1.2693937058642335
17.0,-0.33163161910211475,-0.22228083351214745,-0.43220447150746244,-2.5040617547075406,-1.2654237420397285,-4.04981462970401,-0.5886218840930237,-0.7679802354541347,-2.099278394227419,-2.2516602389985185,-1.1007285066073624,-4.100920799898024,-0.4700786471246865,-0.3001460708363538,-1.9910014704202204,-2.398542312883458,-1.243137719335774,-2.4106718397485505,-0.18396971301756038,-0.4937006587547339,0.47257244333425463,-2.032982208866181,-1.4103208816912405,-0.8316820115734003,0.1061778883084612,-0.6616198943442184,1.2384443309466668,-1.2909349613950205,-1.4475603142399995,0.4996737751205671,0.3300179717900509,-0.8492334913772743,1.2758617429011436,-0.32190817605728395,-1.4493770728559419,1.4691947729305443,0.6238962466254525,-1.0596546851291286,1.8891146711814844,0.6469162769842263,-1.3394401608492146,2.114641584523663,1.0384859821536434,-0.9862547114610367,2.9918887975712645,1.5158349444571884,-1.2114169478563586,2.4251963815587207,1.7694744633360033,-0.6506267322022155,3.0379163585159277,2.1124642138791283,-1.019910486215303,2.394377345558611,2.437150987566603,-0.2152580071554645,2.2318251980919905,2.3850168652463233,-0.9455140385772731,2.153549453073172,2.749979057588882,0.14831280954070025,1.3567235040756,2.433684570088146,-0.9174892712191518,1.8274748225663702,2.7712800992478637,0.29695166290921726,1.219862204310678,2.4416736207848575,-0.8660023099580716,1.4545894375219204,2.679806195178019,0.31290936743220144,1.338610010808014
17.05,0.17492152032027658,-0.3664454665567289,-0.6030145525789018,-2.2231767329618735,-1.3898396952204495,-3.994075603879966,-0.6439458631895314,-0.5696636374034342,-2.4737415326877965,-1.966768721519836,-1.2370233929526009,-4.050037562482349,-0.4556848978872343,-0.35171680402988414,-2.029653022466979,-2.1143063797420814,-1.3367905077566533,-2.407044350544636,-0.3869291151262466,-0.27211823962837345,-0.07909749976900615,-1.9263524950967859,-1.4294618884385857,-0.8195948985717294,-0.19757195498858415,-0.422108962749399,0.5345484309201276,-1.2523550629306834,-1.506890555714131,0.505243608959306,-0.1304927661945765,-0.6168275796664429,0.5558191401440264,-0.27270924320841106,-1.4080046716271388,1.474000486751954,0.1032570592843749,-0.8047476581622002,1.131246328222757,0.7919974638003691,-1.2518386072262633,2.042879970113902,0.6008902402955878,-0.901405835403029,2.665373665254058,1.6642530278938028,-1.015215614922509,2.315445477746515,1.393482082797421,-0.6654541677560983,3.447136603503269,2.262394698737058,-0.8117634924005523,2.3316709231250887,2.2477924557735203,-0.23234885344944844,2.9701743123776363,2.5152325294932742,-0.6199531285926918,2.133980271425771,2.7187239353798915,0.16544249975944436,1.8581425850487105,2.4721080059427756,-0.5689610552510338,1.8257990947141551,2.8099342621674936,0.4576008165481418,1.1074944891415701,2.273005794210654,-0.5555573299423644,1.4660027480202764,2.6551502790705324,0.4803166294119443,1.2352371572979866
17.1,0.967243588788389,-0.6174097363989927,-0.5213661263764919,-1.8257672217453669,-1.6189915826286017,-3.7651912762177195,-0.8495402525174011,-0.7646271392761792,-2.63783452427767,-1.6722782928313418,-1.3978110514855402,-3.908021897433077,-0.45397462611146944,-0.35363209259861716,-2.287137876692421,-1.7503386343700433,-1.5260305018579245,-2.3057879786476465,-0.49910882463571093,-0.3408821146274805,-0.6321975777328461,-1.6123500912392763,-1.549654824366562,-0.7410654919722348,-0.445439950105305,-0.2799417137533151,-0.122212852226951,-1.1326148307802608,-1.5858562125632991,0.6003489998810452,-0.3953245249304582,-0.4017162217959833,-0.07194002246761877,-0.22131162044652264,-1.5272523232338342,1.5523930896076887,-0.28416084860630075,-0.5672064666104841,0.46802199713837656,0.8825132088655097,-1.2714962767355287,2.086928856852764,0.3736398828986185,-0.7125211308777342,2.0255293128358267,1.8460916053937892,-0.9794963487393682,2.248293366939517,1.2018989377481273,-0.6602896016119993,3.0782565523670016,2.455934943744913,-0.6660671907890192,2.2150440634399726,2.0463380177176447,-0.30672953821255855,3.361452831312345,2.7185392744324965,-0.4275074009724822,2.049171570670647,2.635992271855887,0.1589870052884037,2.5539693312554617,2.6509788612483796,-0.2509257568518608,1.776921398816148,2.824340479037198,0.4903642476109036,1.44929627270663,2.356149543343987,-0.21610033914233107,1.4404554538926406,2.7302475091729814,0.7035640660891082,1.091928472582603
17.150000000000002,1.6794533652814534,-0.8600243187182605,-0.28865383526452565,-1.2024182931939498,-1.9432888004102322,-3.431373584874562,-0.08887190985626314,-1.0533539814141866,-2.302880002784663,-1.235857376243823,-1.63250195629983,-3.6579143921828847,-0.3839683124757869,-0.6253822472501644,-2.2705409820371294,-1.3513910523739359,-1.7173398350635427,-2.1605309532100567,-0.43111404739429404,-0.5381375889105375,-0.8132711696576369,-1.1766053439647894,-1.7450777420456953,-0.6268267943580264,-0.5932783875982421,-0.40326315867159357,-0.30882487718555807,-0.7809042218107431,-1.6883116781845597,0.7200811019956266,-0.5784866642859643,-0.29829488771674395,-0.13064611213980448,-0.07485032135736258,-1.6464822926747535,1.7015380028316685,-0.3941948772968247,-0.37563016058976295,0.49825407803258104,0.9632354160120049,-1.4274196838397923,2.2158169927872082,0.3136129178937864,-0.49578664484004764,1.8189814599438776,1.9958416442856186,-1.04196007788385,2.308943846123618,1.3355857169080654,-0.5403907423038756,2.55672273236948,2.659015754363294,-0.6749176217349362,2.148446582630133,2.0578162247472163,-0.37623742096878426,3.0061914900472853,2.936964668337323,-0.33384792775051686,1.9284020116457492,2.5557372844193535,0.04098078519975007,2.972850055900209,2.887614348495223,-0.08497706966869689,1.676464067896744,2.7967627689949475,0.494339807432684,2.056404975823616,2.566796114061428,0.07455162618807076,1.3703164824386271,2.763316891447601,0.7541266854271128,1.2337809091863823
17.2,2.1280230669507816,-0.9261524783064368,-0.26235319281566777,-0.793714024885035,-2.0816661034905826,-3.270778487250637,0.5107226844914146,-1.2330570981555546,-1.8578791157711134,-0.6227077183603114,-1.8831713359451152,-3.3913480921997174,0.4399170617071697,-0.9078820447810465,-1.8527840974203122,-0.7916845399447947,-1.942273230427558,-1.9719323605315664,-0.04613345061059593,-0.8713379080497097,-0.7459868478143348,-0.7117290448011682,-1.9259780585013742,-0.5158102014004462,-0.33742326426184244,-0.7059188581321898,-0.37834187760866067,-0.3010248220992273,-1.8395332043040291,0.8145854923646345,-0.46080026059561474,-0.4677475628304786,-0.03274935209167962,0.3086451672672075,-1.6920822026223226,1.8324185330253617,-0.2530148368991252,-0.24794648265179342,0.915059950172308,1.1438582623963178,-1.5590679200210733,2.3922267303643596,0.42041974430150986,-0.2733732710936083,2.103811900518658,2.137870675536291,-1.1999016787814698,2.4598335652841086,1.583834717538625,-0.3489724562995882,2.6082274868451334,2.863933060331998,-0.760241445424712,2.205226613913334,2.3810099899708117,-0.3166254345761398,2.4923886688147894,3.1452651938308884,-0.3768226852602341,1.8642481191935716,2.6548004478671534,-0.08855657280308288,2.689630798524701,3.1144844998449295,-0.03973154587219696,1.5589861342103122,2.763141273086044,0.3513405716933663,2.5119630235644514,2.8203836436000227,0.2080726598479199,1.2640158283763026,2.7430276855550693,0.7689159790628115,1.681213551011719
17.25,2.3366464713946535,-0.7823952196934325,-0.33881102664335455,-0.47210627940540983,-2.1312277656949874,-3.1023839900272367,1.141636504981516,-1.3118631681484685,-1.0984926222298443,-0.296494861333666,-1.9542614166773031,-3.2259277620963878,1.0596596561189011,-1.061268326668833,-1.3700913874354916,-0.1292043874644233,-2.094976658237062,-1.8164613554615971,0.8954567667801236,-1.1011324444990147,-0.6734738350122265,-0.12214236169847181,-2.0871695542542446,-0.4139122753632307,0.3223359149182598,-1.0322799797699498,-0.5699954376065363,0.1690697180437417,-1.9704843823665685,0.8696760034726947,0.090939372880396,-0.7542576748605183,-0.18857363209359113,0.7810937244308969,-1.7613086159836744,1.8861401058653293,0.2899693793165959,-0.4104632065761671,1.1401094383555788,1.5406263522851171,-1.5228726708994422,2.510294909607307,0.9183787900295053,-0.07620598715566995,2.6257295189221206,2.3680656175023262,-1.3115270899220643,2.6369443425358234,1.8829556153997287,-0.10352925681103375,2.9825848833314685,3.0735991749610236,-0.8914200553161411,2.346757715483623,2.749674800696384,-0.14294995787144504,2.554824844655445,3.3876110855280017,-0.4682107191219398,1.9066547202712303,3.04081844925339,-0.07786484683143058,2.138605492666953,3.315297602377343,-0.10598184200602212,1.5021646130856232,2.876101596659045,0.18033072144773055,2.381605178634937,3.0437837436219115,0.21153695496831215,1.1580653380242438,2.7017494973966856,0.6175391193621993,2.1340556376485877
17.3,2.235627562467803,-0.5157590439414002,-0.3713811461974362,-0.3531361156719959,-2.0811780450275164,-2.899290098430896,1.5650974834880569,-1.2177347170833748,-0.1584012776892636,-0.11974793486589252,-1.928793448115842,-3.036289401074449,1.5534907242660374,-1.0637744253100978,-0.8851513165279825,0.14685322744914742,-2.0833508784186794,-1.694722747230628,1.541808601373832,-1.1960472080895173,-0.6003002423960058,0.45378561598190315,-2.0899567863614887,-0.34923261466705213,1.3004519903631944,-1.108928374079275,-0.5438596821078789,0.6868290841374258,-2.0291484826454154,0.888098111895107,0.858782912941966,-1.0050317078387894,-0.4955335166296304,1.187266551667312,-1.8159027689522578,1.884363271406918,0.9647736093384385,-0.6035197433668047,0.9861309244047429,1.945022830923544,-1.493535496564471,2.5194164003419437,1.5604620364511634,-0.22922691425913766,2.6647965513110146,2.743406076410624,-1.1894349252182312,2.7266806467668263,2.4175567572090633,0.15991151681290083,3.405748784685264,3.3460993065631395,-0.9603598053096452,2.4985900019669938,3.1073561404108645,0.11946329328702321,2.8895944404657725,3.6474274363299086,-0.5568602512889376,2.0189990654363776,3.4449695007448757,0.07918927533163456,2.0749930674853405,3.5749749601667102,-0.1914171667905773,1.5293312311123646,3.278716511228737,0.15301470265581774,1.8336892165090646,3.2286279522244663,0.1316795312862995,1.113435966304196,2.787275621008931,0.4229485585372604,2.2089511850432713
17.35,1.847967485732167,-0.2767512554202864,-0.16304817535650956,-0.48366167019899403,-1.9671456768312323,-2.6389575509109524,1.8568410938958737,-1.108618010026444,-0.3682461845662264,-0.15518289810885322,-1.8272167849012577,-2.7952219496143735,1.9014654250815097,-0.9155591986756175,-0.5792004942008244,0.21371487634742614,-1.9653387781441056,-1.53519689060848,1.9151773484514742,-1.1017772998353021,-0.505513881212837,0.6237412163989453,-1.9963713820696416,-0.2597285189723686,1.8746723572588064,-1.1191147536627113,-0.41740600701055414,1.0663975549619908,-1.86150380989206,0.896583919798426,1.6955366538776584,-0.8925078527944519,-0.46931304634957294,1.5487262302261762,-1.7573230038201482,1.844242054982057,1.5846982535436176,-0.7503699822863394,0.5685064401916728,2.2276920827594537,-1.4636544158325249,2.477729236882227,2.059077790061809,-0.27595090893007823,2.3484006370882153,3.0279989218148673,-1.067237128957732,2.704688352915493,2.8442727798889433,0.08972645637027754,3.317981773213737,3.6635126965752396,-0.7667777226127415,2.557231312049058,3.5177342259279576,0.43553557514954844,3.215200126068955,3.9379082532378007,-0.5750737474914747,2.1320052202927657,3.802964963179279,0.34256896604238507,2.287763737813921,3.8608643340858326,-0.23300062196099702,1.6071987139591026,3.6980231257387954,0.29026383351040996,1.5626033333383338,3.488992297797405,0.05969783642401971,1.129737766900405,3.1866346609596703,0.36652997710628876,1.8120951754592618
17.400000000000002,1.2621624100960631,-0.13742884674607353,0.3074754999354281,-0.8010319124494908,-1.8780628260051069,-2.3995052588893255,1.7456306923863272,-0.9219569005112602,-1.2764165667997007,-0.43674804855659194,-1.6902761425470603,-2.5101134278471124,1.9784642634757719,-0.7424900300660311,-0.5899301710056322,0.04931182252021604,-1.7888438812924967,-1.32443827280174,2.111204072042657,-0.8732547953038972,-0.27825068743933645,0.5605591411672195,-1.8008804367598508,-0.13270594822133885,2.1266962218707555,-0.9600508326422712,-0.15763971513798722,1.0957788170554739,-1.6988729545940329,0.9590313525768834,2.1189944136636765,-0.826554135502021,-0.15883653397213693,1.667141392452749,-1.4323721585014315,1.8315501249980704,2.1053605809747165,-0.4848626351158598,0.4987012871885417,2.3818913518018725,-1.2972152866246045,2.41379285246016,2.3770467493409315,-0.3599045235607654,1.8946749473641011,3.151314403260137,-0.9618225165344807,2.6505400211140095,3.0643094104773727,0.15447670857936746,2.911540123500866,3.802935758578221,-0.5741095689481401,2.527656911988855,3.715809033556068,0.47269436269066256,3.0439159687754147,4.17296070634314,-0.3344297725662848,2.1675268393208933,4.088729308349286,0.6911962625071137,2.4920366589881366,4.144480485788686,-0.2034317133354957,1.6812809950677916,4.038029002739524,0.5393943722875134,1.5625697878033709,3.7799851266673845,0.06243941435421618,1.177363553121386,3.6130164436430254,0.4801916121845653,1.4053282461122105
17.45,0.49210930786730045,-0.0118737178818539,0.9998601466767997,-1.224934083531654,-1.7610169656574515,-2.2730860113295916,0.6233048730609905,-0.7373746916434116,-1.407411860856075,-0.8341513297898312,-1.6056846110738388,-2.279017231433793,1.7625923924200948,-0.5323798899194534,-0.9833925935494887,-0.3611828447005849,-1.593866779921238,-1.082659849560258,2.0158065568508636,-0.5878855579489464,-0.1892798473675894,0.28793476257878425,-1.5760903220922673,0.03067863060380316,2.156945941777283,-0.6731797355282426,0.11494553164227775,0.9048546648009514,-1.45091093673273,1.0484452121361643,2.2568228896823905,-0.6477490327176103,0.18122573717149348,1.5457398273387246,-1.2230518646913602,1.8684717172052934,2.3412967245336853,-0.3734699084075366,0.7153536846753925,2.2236746108022563,-0.8546018677638578,2.4074778661835228,2.517861567323904,-0.005543250195273575,1.864197547776497,3.086527792781083,-0.714532296844963,2.596805254455286,3.077626443571952,0.13769316612115068,2.46121497090797,3.7641042722442872,-0.41356541071169595,2.487724802154235,3.71582015890684,0.5824787551855166,2.6166874892481227,4.169435804173169,-0.09980051112135513,2.150568299116058,4.111981282065108,0.8231745893530142,2.2411917653610067,4.288470300161122,0.058817721012065505,1.7048626525236648,4.215644679794917,0.9026938699841263,1.6282860900579876,4.0391284198085575,0.13105537602275064,1.2199163644117887,3.9243641116197794,0.7068532672521484,1.1665985375939947
17.5,-0.3488823861870479,0.14191654497383782,1.554584838306419,-1.643065023391313,-1.5742029221250808,-2.343176599333159,0.1364100149860643,-0.47658852213256164,-1.2552828790275383,-1.2699245850538121,-1.493112694488099,-2.1661408196654675,0.6385919891778145,-0.31027285252329007,-1.1498381566960298,-0.8152502713263138,-1.4836771799840598,-0.9124286805512793,1.6667317600578064,-0.3331947571711982,-0.21772162190197342,-0.18802607119341674,-1.3454555013431735,0.2135150937160879,2.00972761173171,-0.3283756601329286,0.20430945921007104,0.5607483343480424,-1.2087797993230565,1.1537403002521296,2.1664929847358465,-0.34665045319397214,0.4175856240455159,1.2478733549916798,-0.9529643856968839,1.91766004571561,2.3742692346720804,-0.21560934401098286,0.8482786546599037,1.9634223375235371,-0.6256042725918309,2.4214423071260436,2.5632961468622217,0.1314754125217651,1.991890146117823,2.6797302185282046,-0.20847759173850733,2.614989053664538,2.8810319190081803,0.5084486997796233,2.477269923573964,3.506635761930391,-0.1200752175955877,2.4673930037664107,3.499398145548001,0.6312233007057,2.234000572796209,3.990585254462936,0.09244130097785686,2.139271311509054,3.9532590916469936,0.9411072254505484,1.8418025377325775,4.161317966425433,0.3093420306755412,1.7102206098585426,4.104534265123101,1.1007565536108592,1.3703252248761668,4.0956892396892925,0.3935794948635607,1.2401786732263813,4.007685580768982,1.070820002821737,1.1224660707365741
17.55,-1.0292809552370026,0.32056306406989626,1.3980694149008823,-1.9584469482463207,-1.3369680199683387,-2.718896366018988,-0.7546858425442373,-0.19467974750228523,-1.4871404295073085,-1.6356853274749297,-1.3199370104177977,-2.2258690688373663,0.25306434179723314,-0.08193488882518007,-1.039940695578471,-1.242467969641258,-1.3552326502154832,-0.8451994102229121,0.5073488152333749,-0.10448121991042925,-0.24792330848936406,-0.6228052473847823,-1.2207283155556459,0.3266731849155813,1.652898976620402,-0.06252234643494559,0.1873012079833494,0.08693072073914898,-0.9681267716528019,1.2716483658119382,2.022463056236857,-0.003402625585628094,0.5003412625878353,0.8748705629088266,-0.7231217339564022,1.963949874358485,2.2296108060889663,0.05420953880830426,0.9294302935343328,1.5905942443582377,-0.36325107410759117,2.4336609200894808,2.505125097532266,0.24560893445693988,1.7309305455176802,2.310206659929861,0.01387366941146162,2.612214247621676,2.7671718407510872,0.6436499781839304,2.5886826039579174,2.9122580914786123,0.3939705298342133,2.5157480679067072,3.0745079160199533,0.977640629735343,2.3486011971750287,3.5871360083137813,0.4002051624325009,2.1574054866938375,3.580685869386142,1.0470444776783978,1.5932173223729111,3.874666240699146,0.5127055201026209,1.7284226723452312,3.83387167922752,1.2197995234517154,1.0786975268838126,3.8707558573468726,0.6399002378423191,1.2676908117170949,3.7953550621080496,1.3043492385399054,0.9730095218544281
17.6,-1.2231791503581255,0.4292639798138343,0.7134555708154933,-1.9850786188162854,-1.2011345436666199,-3.096094641481232,-0.5561397736952052,0.026805576461393477,-1.9007409257428305,-1.8495248099083283,-1.1383928090687645,-2.517911632031006,-0.4339718153358383,0.15280101553386305,-1.034100829491214,-1.5447683498791565,-1.1864403937170254,-0.912614621868576,0.25648816287354026,0.09054931639068453,-0.14846208646586778,-0.9698740584119331,-1.0904827379087312,0.36347324081087207,0.640060533677885,0.13334853985223694,0.0912357065032895,-0.2654014957178902,-0.8405194412210815,1.3348869726459511,1.7259239545806646,0.2430444599060646,0.46957719008982124,0.46009603470644145,-0.4974722434216883,2.0200327636941915,2.0945463895881873,0.3506744044599456,0.9352687548246128,1.2273615358459204,-0.16933502607205497,2.4292543335757104,2.408269579965907,0.4598547345323236,1.4625028965534583,1.8992444731539633,0.24394180242958363,2.5962748603902095,2.635815161000564,0.7234503946083484,2.2902709031045747,2.476056995505081,0.5886246009293039,2.502607743466959,2.870083916029023,1.0940451319313569,2.4994564463060533,2.8757454240075764,0.8779134389804799,2.2277097525932352,3.040700080135639,1.3559336496629957,1.842544619124961,3.3738390940436185,0.8105057996955178,1.7761077878607523,3.3675578557253556,1.3662206552593634,0.9905534652441218,3.5085338046180525,0.8386830528824518,1.3077752157778681,3.453386769836743,1.4281825822132679,0.8311982562953084
17.650000000000002,-1.0122226526993399,0.444274737119214,-0.05760684110924019,-1.8400746000382744,-1.1613036061001214,-3.3521990640138175,-0.11982809896460433,0.19891298246114686,-1.883083928434345,-1.7749070819826223,-1.0713138394218857,-2.767398768455791,-0.18881550032509464,0.3071462367949862,-0.7958657769381645,-1.6653013820452267,-1.0353412135122264,-1.140668111139178,-0.27728766000878013,0.2742147793609859,-0.040460832103840216,-1.1532759023554322,-0.9460006477162297,0.3043980711469585,0.5590756517272351,0.2756111186278545,0.24369088557690463,-0.4828131179976203,-0.7200887894407115,1.3486308941948133,0.9354471873487014,0.3892187051938967,0.4146583632409916,0.2295897043722378,-0.37871624369145707,2.0404799472616606,1.8535470061390176,0.5555688101888328,0.9250458989930821,0.9085548099306348,0.020216737477847246,2.432789035353118,2.2627784563195528,0.6955234886385624,1.3422233999285071,1.575696716184956,0.38702756535266225,2.554999838330987,2.5522976976639793,0.8725999067967948,1.9495285964621134,2.065375632303823,0.7701905509166806,2.467541696968215,2.713023690931711,1.1502458906723145,2.2430314896909627,2.4161466501591735,1.0318169135035316,2.207219846718557,2.8213404184288233,1.4447922158944282,2.0722342027228415,2.60728878773117,1.2227795218405912,1.8529985929368993,2.8106598825793787,1.6309483609994233,1.3294285924315412,2.9517875508359297,1.1102242030308807,1.3703271247523152,2.947722769314224,1.5954806155020402,0.8118347913231213
17.7,-0.5296547559437706,0.30706761618634326,-0.5980725631467676,-1.5650915688481193,-1.2222650808509217,-3.3976602637278606,0.08161990408680508,0.21504355350924875,-1.8356184779908498,-1.5314972105312568,-1.0990955603608477,-2.8913036670037453,0.20511099970910385,0.3261344557213739,-0.44327167092584574,-1.4876439059138802,-1.0103436533978627,-1.3080943701182157,-0.053029942360843796,0.3636105116733783,0.30826417445455934,-1.1447632978740807,-0.8263634961579314,0.14202833151517935,0.15619834877971517,0.39632342761773676,0.5810411698507953,-0.5165333781279197,-0.6119300277302431,1.296673894132374,0.9253320509650368,0.4764056140997348,0.747822221018468,0.16208907136375406,-0.2776004898761242,2.0312488484435414,1.2637420813874325,0.655649220832877,1.0017719889322902,0.8124657541059915,0.11906856313642855,2.4162485888218876,2.060620541481258,0.8539880721223398,1.4731562113779981,1.3688959103124423,0.5261293864472982,2.517969840162999,2.39495762142439,1.0340503361358828,1.7752620693851833,1.803302950390598,0.8578297266036028,2.402572654856202,2.649851483971167,1.237431880124952,1.9269405135780406,2.03770584863413,1.1578175706792004,2.159475810584318,2.6909483581068194,1.4765788550679675,1.9104277160527015,2.1590445659191313,1.330237526982203,1.8257687374072165,2.640238464102803,1.6873755998853914,1.623132523002613,2.177189593561051,1.4414445869346837,1.4387063391840538,2.455493541575105,1.8101060585589555,1.1000567472372438
17.75,0.08141925285358076,0.03195066707727765,-0.5115552636023166,-1.0432896663134017,-1.4372393540754302,-3.187692010939077,-0.2072014135415925,0.039429997498696245,-2.274563233676927,-1.1513475549202357,-1.2101470046589657,-2.841654192466995,0.12292469345805634,0.258676161293633,-0.9299259613675783,-1.1275821125096175,-1.0767146255715954,-1.3657506690651144,0.26421986172570966,0.30875754588108295,0.5705683615804849,-0.8595921787526495,-0.8283453815100605,0.03347743885125154,0.1858056311253653,0.4342932708707339,1.0417716371677734,-0.3655243147656395,-0.5217020296240982,1.1791020591963186,0.5418549865653519,0.5448354486820333,1.2714834036003855,0.2785531805721936,-0.21136864181225068,1.9750948369561099,1.1351278964941338,0.6944528405347365,1.486573741046668,0.8870600017179131,0.1933817212831368,2.380778673824983,1.6876439839489978,0.9152218087418795,1.8606172704224928,1.3979576248906878,0.5966248011154773,2.469695016394302,2.1926724533017037,1.1443257057939196,1.9150476416866757,1.7091311128838322,0.9423474734092707,2.336047656642297,2.5089817116899003,1.3318705917418754,1.7411827092954135,1.8489902931869853,1.193714172078062,2.0812538728801884,2.6701698146482555,1.5103076169099923,1.6682319081049806,1.8337609243844804,1.400691393335105,1.7700349975836498,2.575729129504017,1.690273284179655,1.5921024855358832,1.7639908012583028,1.502138066261125,1.405010575115047,2.378611028280113,1.832752853860921,1.364386874664853
17.8,0.6673517482058985,-0.19614119161719476,-0.02394805152230408,-0.5146420466587298,-1.6176687565210734,-2.998594578662581,-0.242829660794463,-0.21465655848695708,-2.169094625261341,-0.5114860098274737,-1.4413085192069808,-2.6198096663483685,-0.033967188918516134,0.03830837989593516,-1.5108566714720328,-0.6209562920446032,-1.2070340881053898,-1.3014673780746655,-0.02367982053767026,0.2087491694805783,0.3091640546350354,-0.4051541477192988,-0.9037353554048755,0.0022929065854115915,0.27546641395054183,0.35709341284929774,1.131155850513691,0.009919093564086934,-0.5347794196932343,1.095563540084703,0.2367704428866768,0.5589091179277579,1.578486765433061,0.5564909562552456,-0.1482199248413263,1.8736683784216612,0.7218290655939483,0.7300327535332678,2.024569075709862,1.1277917020176909,0.21692781761677438,2.308215325169762,1.3805073103874976,0.9155992852178256,2.455305313146532,1.5872277714539895,0.6396509671052142,2.406343121829642,1.9486015428400056,1.1792275247609454,2.277947381092131,1.8421202207881266,0.9825119405184557,2.261807372894803,2.325722734792135,1.3978790529822651,1.8384947281806496,1.8572151184030896,1.228221517978727,1.995747005980687,2.5683614438531706,1.5496853486282083,1.4929667765619608,1.7207582447220175,1.392981730119316,1.6868117135754823,2.613256254387425,1.6802165794607635,1.449887360540674,1.5020533773980704,1.5214525479672503,1.3455002300902013,2.4014687914611486,1.8054194895397473,1.4184433532084901
17.85,1.2618058090817426,-0.2804318347762595,0.3620055928911671,-0.020365065343792565,-1.6821271453623243,-2.8735797861835777,0.29356265245559676,-0.3514290425825055,-1.6815795914675247,0.07490939199920665,-1.5771987372904128,-2.458504501655019,0.16660268996670682,-0.2001851726093795,-1.521519801915395,0.13542827765713084,-1.4020727392241916,-1.1424646010593753,0.1467862990267087,0.019397856403647662,-0.13305049383096557,0.16683254276895432,-1.014344484487415,0.039824910589308926,-0.050667663000440566,0.2646027549777896,0.7737562225101356,0.5121167418676909,-0.5928133391251356,1.056137043298545,0.2548212048982086,0.494746832751477,1.358754340345843,0.982871190582047,-0.16002444429630724,1.7865541108426441,0.312749524518365,0.7423155089534225,2.0892860447690396,1.4938349642343962,0.25459214845043654,2.200190833760501,1.1826208584553035,0.9338301543868825,2.8683722297125653,1.910995104760505,0.6238865623911138,2.311629338405937,1.6170697352167651,1.1522830608132297,2.7589690131358386,2.111640904025719,0.9954292529242892,2.173746423403949,2.1746820371415483,1.4139099740159309,2.1277363466086383,2.0686462945428254,1.2418579010209463,1.9036654159374238,2.4215399094089376,1.579738270424636,1.5306129621750868,1.815202652674031,1.3866917639851861,1.5925009181792649,2.554890974939693,1.6764165892522727,1.292979527519946,1.4599846788382698,1.479603975744963,1.2640934678161042,2.505069865950814,1.7607573055511496,1.354432730357592
17.900000000000002,1.7227434597761098,-0.10310689738670442,0.3202964637621771,0.46171314646355294,-1.6136790655618105,-2.8797760712156903,0.8497741874725891,-0.34504406093994033,-1.534585603647906,0.5698824302857819,-1.5650257509742493,-2.3560805646445155,0.7702560030974616,-0.3158564009588114,-1.1771327823232034,0.756189952503708,-1.460327891475539,-1.0483346218574197,0.6901322524280914,-0.16301066238387985,-0.3465673660504356,0.9144538673483404,-1.1115630366274942,0.11810550043262924,0.5579402460076188,0.1556799264652564,0.2633038510181638,1.0704693868826942,-0.6539741570316027,1.048016229921983,0.3444147892722511,0.4335180525307438,0.8329125008008952,1.472937873197826,-0.18372167885241542,1.7217112985624554,0.6506981627708166,0.7043471568478553,1.6590281241738751,1.9209569140013554,0.2511236893932445,2.0962277715713045,1.0334012163889392,0.9486297871776488,2.740780331661898,2.316425689871422,0.6376779564340307,2.188055652324961,1.7240607664855943,1.1595129612977417,3.0347007705994096,2.476384479644988,0.94860293777832,2.0604934788399567,1.934217721722419,1.3654987847013422,2.53676516989965,2.3859571223677425,1.2303448515170334,1.799472334570722,2.3327302700033643,1.5812876880201667,1.7301163932811938,2.080706162835221,1.380535500339728,1.4923243998663887,2.441793385250503,1.6795919503393497,1.2699817542229437,1.6223353803100982,1.4429739378194784,1.1702849263343018,2.4872382182808113,1.72415488089156,1.2136172742148246
17.95,1.7720333400388424,0.2529193799142688,0.03101313410521192,0.7604417230862206,-1.3251101445124158,-3.0192919405480456,1.3339111011562497,-0.08836146749886087,-1.3417213668691046,0.9474134783188326,-1.4142021105953706,-2.3531656714028437,1.2829483215894637,-0.29361867855067025,-1.161754718940891,1.2307091472068183,-1.3637944125569268,-1.0057902615468788,1.310810469781232,-0.23320973096756514,-0.4149906706074986,1.4618166317443582,-1.0675196992745661,0.1601974681833529,1.3179156030896977,0.02898772941971317,-0.19487265947184867,1.692160056197976,-0.6201465213873325,1.0594719807258772,1.243527969875584,0.3932774238203436,0.1877084403593996,1.9436882568455982,-0.18102374841462598,1.6735003045647934,1.187564709219279,0.6768066297597559,1.0369315081873527,2.3426175716723887,0.2677249887398414,2.0085541966179083,1.6329600858023228,0.936305359631465,2.2790323808083053,2.6979119235898823,0.6450017003322284,2.071022802320214,1.8664124294764433,1.1876947877796336,2.8374034705994187,2.8781287528991215,0.9423567623202711,1.9267944265256354,2.2365926974612593,1.3643374174127096,2.7741531821277476,2.757907026056153,1.1631812108437023,1.6782306127028606,2.156859108740789,1.5183995327745134,2.0836634452219025,2.419889007287668,1.3520965438235022,1.3830847155687391,2.3774692774286166,1.6715509120027343,1.3587068458281848,1.9209625160518806,1.424263752692676,1.0715863854152263,2.4037119354838725,1.708086593796355,1.1565169387717191
18.0,1.550654310612021,0.5458032329590158,-0.15461906635195385,0.7732805095871742,-1.1120541231576242,-2.876873847201801,1.4789150412838798,0.05554932174864269,-0.692878639279928,1.042589161408512,-1.0582438801588667,-2.408272655285951,1.5477874228259259,-0.03132230297539751,-1.090487572379372,1.5078023500736615,-1.1337821144386373,-1.0272903590516602,1.7308486170485595,-0.21374847014954934,-0.5971551130784253,1.8360180494834044,-0.9012339126051838,0.15775363607950288,1.8356415441393277,-0.026840265841161948,-0.4437924911971878,2.082286610702025,-0.47275467831426,1.0733401591236835,1.9364943743281915,0.2936255148588751,-0.2535570032298353,2.3591949983193494,-0.014812861097581731,1.6500413620895216,1.9823184571206758,0.6758705603142123,0.3407655632315021,2.674352879061662,0.3337305659863876,1.9417929441576043,2.146704818720204,0.9336305746676071,1.7474113763382677,3.011965758435121,0.6990002408096441,1.977332439818468,2.4741362704123055,1.2032986185531804,2.371023322015513,3.1842685487810907,0.9605399348840837,1.8121423387906836,2.47170594443558,1.4070232806748475,2.5887126201266315,3.126572077338743,1.1423302123481127,1.5476678496232998,2.5023699628457776,1.5117564672931032,2.328792055826036,2.7763217578446673,1.2749129643350754,1.26611939506591,2.1958901121994674,1.602039482974632,1.6369249254560918,2.2630974813140514,1.3861701784291336,0.9677590255862001,2.338399802238537,1.6956868571569028,1.1499555446757959
18.05,1.2232518489820043,0.7788846006745245,-0.3047447374172368,0.7052108728935608,-0.9286020466786526,-2.7761352693344388,1.4508364940563183,0.22212662848367604,-1.2967351787787418,0.960633778257538,-0.8441613845026552,-2.2490091760427577,1.589062507448865,0.15847120634533773,-0.5833615514758479,1.4341234853006668,-0.7161275902168507,-1.0534527365051276,1.8064005249745585,0.06778026124866443,-0.38912192886541686,1.9754909097291187,-0.6243775959641296,0.1198246917105883,2.0978360106233738,-0.024424249177930513,-0.36913362819452583,2.3018392594162584,-0.2623800873398041,1.0463432752897244,2.266701072552593,0.22683257095747278,-0.2387425742555136,2.5462590098449898,0.21695537268290987,1.657969250852891,2.423002837518223,0.6019985141100763,0.07367043451111677,2.8501387885909817,0.608748165319799,1.9173793563654928,2.574683324601791,0.9794375208199757,1.1600888421526836,3.1827063202652317,0.8172669887657946,1.918463555753988,2.813060284266517,1.2350153736374132,1.8662938577311856,3.3760973951252646,1.0440717593623283,1.7340803541270666,2.9409443901003307,1.4462215466915656,2.136383409737181,3.3464042364676674,1.1701139690220108,1.4521028684131925,2.6880788207900927,1.5672014797082225,2.22250683080947,3.0963093694217334,1.2449180322950326,1.1520130953479317,2.488708742075084,1.593865369789164,1.8869824669972872,2.5905751701175017,1.3072716147970453,0.8651882389894217,2.1040130138052784,1.626780734631908,1.3421851419681832
18.1,0.8285748877754391,0.9326168346154563,-0.23619998789278607,0.5884384029281742,-0.7725643545096483,-2.661173331081893,1.416956264589797,0.32606217582301555,-1.5763543246949452,0.8435823835424822,-0.6874985090077512,-2.140312932317557,1.5080368072107133,0.36798203970430876,-0.48799150355364995,1.293918936735281,-0.5220970596843388,-0.9383092532590853,1.73548945248983,0.294208253864066,0.061954789533457344,1.7547443730225853,-0.197807951382325,0.10095061694183005,2.0110816947757426,0.2776929502211529,0.10340715321262825,2.2903590556899394,0.024930830687770467,1.0006960661402091,2.355625155522897,0.2582064022408095,0.14616075674324203,2.589621471989368,0.44222921406778415,1.6249568153932241,2.5440686007574276,0.5431717086675549,0.3569653390790437,2.826747127134342,0.8942020496458358,1.935006082741837,2.7230560171184974,0.9627135529054238,0.9202417017782911,3.1266501784031773,1.163968432905067,1.9192575826989922,2.9075016834197416,1.3387766016639708,1.323260786445689,3.392392475188216,1.198728077348199,1.7047552345697492,3.0862452078969755,1.509867065719868,1.624034580008631,3.4215185902527483,1.2736014332873813,1.4053977497216652,3.0067609704978673,1.6233581168909128,1.8361233999929258,3.2319847016049064,1.280191233310508,1.086427604373249,2.5643530467346425,1.6599685812806957,1.9090857976308806,2.8560635585706593,1.2725736607213944,0.7765625002853804,2.2936541354818916,1.6212716024421152,1.567238719859848
18.150000000000002,0.5501156079413094,0.9111693910901171,0.2334863648442582,0.4762247447377277,-0.7091770492309335,-2.5715107832012283,1.2804442025592047,0.4421020800680715,-1.340781564033634,0.7133051931300993,-0.5857761390684768,-2.0129020567802165,1.451064559783825,0.5002728206911853,-0.47664185112983093,1.1539383009903925,-0.4011673786843861,-0.8568236010229713,1.585590709672564,0.5163862328970805,0.17987788008839778,1.6050150910088778,-0.06955819036673194,0.15946243234887358,1.8582592543098224,0.5320194149064421,0.34251060213760176,1.9607122174651093,0.4100474991049907,0.974795631637364,2.145462005313388,0.5969389551237723,0.567656668519591,2.4373584340075394,0.7072425130954674,1.5789565571856135,2.479799282963894,0.6528910568744251,0.8379444841227216,2.7021749599524614,1.1081727103365147,1.9092641345951515,2.654989165363738,0.9389199083980821,1.0804528265553717,2.9158648998289536,1.4694826646712356,1.9553650405164065,2.8213140691888228,1.3924901485366727,1.0889145096510489,3.1421920148377525,1.5775157964240538,1.7443974397213504,2.9335822870199246,1.6593739575701543,1.0702036044633447,3.307166948778287,1.4484627425371288,1.4150491958085192,2.9967407241797255,1.7088559179500613,1.333117506014668,3.2061238413248705,1.3943061595497452,1.0767163937703843,2.7585567046084307,1.7260540739793324,1.6749433726839014,2.9162084432465107,1.3126322219004516,0.7443662179381283,2.233663408738307,1.6961030992197221,1.706822667630465
18.2,0.4322331795532032,0.7994570011682521,0.453180041216651,0.4931691813123673,-0.7346993199632612,-2.554381520704226,1.1875894014173147,0.5529474992830643,-0.8543447628620626,0.6420260464501792,-0.6006494834818943,-1.8953207234046112,1.306928383493979,0.609227859724204,-0.35351519922037045,1.0252516306311632,-0.34409709093457863,-0.7493591869556959,1.4779317079969292,0.6441225055862746,0.13408426536302598,1.477013968575609,-0.004383982972480105,0.20972352559194885,1.6446272495061383,0.7321186088092426,0.24692557168228774,1.8437697096243122,0.4487098154906155,0.9815351531782751,1.9599285704728477,0.8504744714028034,0.4973727758914954,2.0451308402178614,1.0129916836719621,1.5413006486138827,2.199825844047928,1.0063199780800087,1.0739384039904176,2.4365521736354756,1.3270471721871901,1.8686502494547743,2.4775325710029708,1.1057325697770504,1.2931751358578203,2.6530696754390637,1.652819678745594,1.9448984642591975,2.608002942671956,1.390384009821375,1.2261315525624066,2.787005674161048,1.8732137064833276,1.8010701242607585,2.6895985411052092,1.75360117689167,0.8132655106430683,2.9119655796392085,1.8253240105722135,1.4924077956400061,2.6790269718458593,1.8742940805030952,0.7726849588023241,2.9897002386987404,1.5751903340105633,1.1229147718489618,2.6358284182097536,1.8214514774473285,1.260192983753987,2.8078184899215586,1.4290429322163023,0.7685848301015918,2.3260039010709024,1.766099436930754,1.6819853862782779
18.25,0.4280231911268732,0.6842574518072588,0.44670626021348353,0.5719134819259986,-0.7620728615854278,-2.551560394740857,1.0897355201311498,0.581267937717207,-0.30272794822198046,0.723201885916912,-0.6600730531591648,-1.8494504419304005,1.163330823309529,0.6492512392047178,-0.14336489261307972,0.9844761854386819,-0.39891521206782965,-0.6417500267300275,1.2526609695850646,0.7341120767669431,0.046827406862628984,1.3741900743362112,0.00794146765774606,0.2911266853972705,1.4757398912096507,0.8273621306236896,0.09733766559086302,1.7519190073252833,0.4540758096317221,1.0017648592035056,1.701635799198132,1.0022677758362601,0.24286793389199612,1.9873444688705444,0.9619989296611564,1.5111097411737284,2.0285511752791114,1.211795730338101,0.7887102369808211,2.0269370593038216,1.5328845729232832,1.82257352711049,2.1847178359369677,1.4200375686171522,1.2469999391785902,2.310958226429609,1.8123611385464944,1.914100427430217,2.3669659014080424,1.5591979517237005,1.3984406948398205,2.4281275152824855,2.014637066466851,1.8082583616418313,2.39058018521685,1.745137669936494,0.9652941138810988,2.4602455308591042,2.088799620441746,1.5644880965295043,2.3528055915889468,1.9692293483496894,0.485777789586497,2.495857140958746,1.9246044105381666,1.2264055554135782,2.2213922626766025,1.9729874304982653,0.7458544665153297,2.5159648554904157,1.6043162935012223,0.841345747157517,2.1239625888200053,1.8612399913011957,1.4520138739685935
18.3,0.5176025306431767,0.575648945636301,0.15442194664532252,0.7339486629229275,-0.7777379666626283,-2.5785604323035436,1.0731865163188459,0.6452535399033135,-0.5337547876850337,0.8579344138957301,-0.6953400174798663,-1.821192030890241,1.03720453991674,0.6327812327475701,-0.10156741153582849,1.1105400601521187,-0.4682777074224065,-0.6097589210031401,1.0410120543190677,0.7410019973055872,0.011391635667101552,1.3598456351806687,-0.05587883532009563,0.3798920201784911,1.1675167588572193,0.8920696458455379,-0.021933379401763042,1.6881368874011249,0.43056424109093605,1.0546291880546543,1.476689964960999,1.0483215295284085,0.06725402273947945,1.9427506859317445,0.9163951153727679,1.5067461897591028,1.7553033337300967,1.3024574139487992,0.45272807231612,2.036443007958706,1.4096240275107652,1.7725260940106753,2.0598667755695277,1.553751268698675,0.849550839155456,1.9219579122209551,1.9143230946925538,1.867140696079204,2.106737556151597,1.777746073061939,1.3042173738477616,2.049500645465463,2.111074902643888,1.7890707125894447,2.143621042246678,1.8749560046394596,1.2196317176877773,2.0476151669673426,2.183741085146309,1.5856884594834146,2.0314108329622167,1.9314427068644382,0.648833052746997,1.989892258589947,2.1411183206478057,1.3043000766683215,1.8779906021338388,2.0395651791697706,0.4282120012835029,1.9619747092271256,1.9087309830175059,0.9549161254809291,1.6670475379725778,1.9779731727374008,1.0429941170557786
18.35,0.7407479745062393,0.5380149948271677,-0.11926903942847679,1.0258503931647744,-0.7576771674873628,-2.565643144271779,1.0876901435048147,0.6481007809026589,-1.1464949773703195,1.0755394559567455,-0.7002002955994868,-1.8254704672813677,0.9921859334442567,0.6669131421826653,-0.4192963904239202,1.2849872293978926,-0.49971196680878016,-0.6001322208476284,0.9384723188281161,0.6907309421602974,-0.008925895380025528,1.5041505608588779,-0.11210520318550632,0.3911085947268983,0.917198366174411,0.8741224928566547,-0.02023583551874919,1.6908668383138936,0.3833108803295504,1.1197549317135347,1.1116922795811646,1.0845912453382134,0.013430906425878852,1.9203424015712245,0.8708969616258777,1.5330241104156117,1.4983284309692404,1.299371965527819,0.2551044428154865,2.0388365208205528,1.3292252953378592,1.7512464065753415,1.80121562220853,1.589382381950102,0.5131646643774082,1.992653106291029,1.7448403416912095,1.8115220698187608,2.0369259322062847,1.840635106272178,0.9209362573073397,1.7101155142390856,2.1174711325253393,1.747813075385839,1.9551783230730393,1.98838899368228,1.2244382518410866,1.6671938636351724,2.2196745714926047,1.5764965320216922,1.831780203632562,2.0100435959920606,1.0113301467962663,1.5583873302290674,2.1892570363512798,1.3324002511505655,1.5904174588617739,1.9601299063947453,0.5460825549793261,1.4354620383603955,2.069897029781691,1.0280153837032735,1.3475228972621367,2.001627770205366,0.699474465758711
18.400000000000002,1.082359541520635,0.567824189972105,0.010699975264048828,1.4422516868947732,-0.6850181972603364,-2.4900484651360935,1.0452385871509655,0.6031918598689603,-1.5344129060521037,1.420420696225585,-0.6440691458366432,-1.8116900320402134,1.0345663058170138,0.6336408465443835,-0.6017885588477698,1.5290763262873563,-0.48414865378471283,-0.6249787246875721,0.9046855407369105,0.7094557436694471,0.02948025711496427,1.6899259545471534,-0.1290481350937478,0.3761933341067897,0.8825104504964734,0.794132052773834,0.17679662836236082,1.826592508175744,0.35687567582241897,1.1102536367525533,0.8570603099862715,1.0329487872460876,0.18077468309357503,1.9292486954720145,0.8562086214478715,1.5739452967188794,1.1094011188008381,1.314296441994676,0.25023053152271846,2.0522234419311536,1.2762955849181257,1.7562181998411988,1.552091491646702,1.5594596385521464,0.36148986042201137,2.0345978099764794,1.648025882937052,1.7814196183242876,1.8071416667550613,1.8380529815615598,0.6038807541695443,1.829002140175815,1.9294676046910775,1.695783452555042,1.9453577227953511,2.0124074301134796,0.9348276883166042,1.3951971423810705,2.145138482255482,1.5445649223318685,1.7395982558688194,2.0344058105808203,1.166499538551527,1.2014473820987481,2.17039669379806,1.3296438358776286,1.4731938248435494,1.9922114266980646,0.9402874893392752,1.0109726682432507,2.0734275163654647,1.0553408367586414,1.1281826152019765,1.8775775813631412,0.7027285413639441
18.45,1.434587435303935,0.6235533413468702,0.22007481025798953,1.7952796926412984,-0.6029209990893403,-2.428698950382824,1.5445954108652384,0.5518747193202591,-1.3730110143486713,1.8738874071063272,-0.5216707789942188,-1.769887246540717,1.162051100154257,0.5901278163113337,-0.6684248691415391,1.8740657255779913,-0.38691478883657204,-0.6445878579664351,1.040321346902362,0.6694205092044316,0.18447325023759376,1.9177110986013934,-0.08864621344332857,0.3292045983313535,0.8926394158483064,0.7888166710420643,0.3375692732990253,1.9960979779289878,0.3615577190916097,1.0737688069613442,0.8932911382423305,0.9178765352589966,0.4883053140927083,2.0351920778567933,0.867721767176528,1.5480401752496187,0.8593060124502192,1.2279447366944642,0.5206763411407642,2.0579298009957636,1.3000716031643567,1.7757821683825163,1.18754835448427,1.5713641709722075,0.4470990845284275,2.0744249704766426,1.600211011999244,1.7720972418211627,1.575742341056546,1.790878797385767,0.46281156775840815,1.9009932223631187,1.8338629413718577,1.6636267549629402,1.7580868369136502,1.9956145607270832,0.6430000232093462,1.547134785155515,1.9620614722632679,1.5007367545385497,1.7942505559433952,2.0551364592188865,0.9997038408084183,1.004140479654163,2.030895889093842,1.3082237942125419,1.4820705062406734,1.9495471815552823,1.2027484735458631,0.6935871171195651,2.0067444279781554,1.0552133818168663,1.1003814574531958,1.8758071685885038,1.0010875183202623
18.5,1.653524550729944,0.6910137473869746,0.373153719330214,2.081344020286684,-0.5049770546051091,-2.4442036329034873,1.6217056573806201,0.5894095208418793,-0.9835370286982232,2.2137977681422316,-0.41323827268555213,-1.7378867876702888,1.7156719007032668,0.5686427505128042,-0.5215370173731417,2.2901596752460396,-0.2183643589393247,-0.6475500456921065,1.3533294695444964,0.62769845226,0.1744594982276092,2.1977886811886993,0.04208486962939961,0.2868416814690744,1.1028624163771243,0.7421201347931214,0.36281827666483674,2.173418439274708,0.42658549156313175,1.0122814027656306,0.9332212576098526,0.8846621340096454,0.56117321405044,2.1672769405221315,0.8969117867112741,1.4975517085993402,0.9274633964038297,1.0779691831830758,0.8191555458581681,2.1213286863053615,1.3498795638899797,1.739547873172788,0.9400334427760351,1.4698508390047598,0.8085183058770375,2.071067000973421,1.6605239630107071,1.7755751074105441,1.2264542170786692,1.8137156779037484,0.5402002015239047,1.9583463592409323,1.8011799686929564,1.6468508546594347,1.5555715979752818,1.9463484094082983,0.48726859037737635,1.6397752636577478,1.8815271063556072,1.4713483802449372,1.6612637137275552,2.04469062830093,0.7390570423549114,1.1745376991317258,1.8692482707853308,1.2741829876661896,1.603902744521209,1.9920269462801448,1.1391912354934968,0.5703851882667466,1.8172782280332056,1.0440810442860304,1.1981492960603228,1.7861157822574392,1.275926057039636
18.55,1.5889026310430294,0.7341762406433315,0.46956568170190754,2.1469498245403917,-0.4015638079183015,-2.526540972627335,1.761756491167946,0.6138760905699612,-0.5110974594164408,2.396299261085475,-0.30874479843667313,-1.7374111076353405,1.8463188490794051,0.6131653194182805,-0.314149339720998,2.5684253916194755,-0.08845068458773753,-0.6440703652927717,1.8940819534900872,0.6299062503420132,0.10427960368082068,2.497395258054531,0.2369876328720455,0.2681446821030392,1.4665390607560838,0.7074340400728372,0.17239335763832966,2.3460250752791434,0.5787106661721886,0.9636132975299152,1.1398885436696826,0.8414433169556075,0.3933194331110539,2.273605497645854,0.9827185767472812,1.432011241437378,0.9509932941835959,1.030243386396993,0.8122565033939457,2.2037516793129397,1.4026998518222067,1.683543668372226,0.9854808370572872,1.300408339563734,1.1309548071862323,2.088043923366323,1.7435317371112324,1.7355401260844738,0.9617870375387221,1.7187385022314643,0.8781746701289964,1.9448590788573972,1.8919624027787307,1.6403428777094156,1.212615746450771,1.987266071566712,0.5057553824190362,1.7073901722282425,1.870469633506402,1.4526532759147381,1.500139618315381,2.0042735907223324,0.5671893597759796,1.2793391714696711,1.812517377042604,1.2505166185935679,1.5307746717486062,2.0005396913642346,0.9169542508035717,0.7463941248947492,1.6867838952705627,1.0197300205408633,1.3836595082172318,1.8608778882053665,1.271041406072793
18.6,1.2809620666875283,0.8149329200753004,0.3892678329285193,2.032077717938876,-0.30002658117695535,-2.552844329327779,1.6198235838108397,0.6804072955871431,-0.28909083060813456,2.3120080311532987,-0.20280947237814928,-1.7507289903270444,1.8544933562138417,0.6507542115096969,-0.23866330441670747,2.6364872252289517,0.028206613831147642,-0.6372086862113235,2.0469939712794996,0.6814753144593697,-0.07793203093444467,2.669361139454114,0.3739940099294081,0.2695746584695874,1.916010294479533,0.734365905341809,-0.068599277261642,2.4848727505230084,0.779350233615026,0.9531569963796582,1.4180595462543177,0.8501269651670893,0.11173781806507621,2.3213798953530285,1.1429122289287408,1.3908379904801962,1.081813569433756,1.0135597278755848,0.5694060736830271,2.232392713097864,1.5032783173492126,1.6230351230780726,0.9431366458244503,1.2521153822863842,1.0822299909891742,2.1176142020658784,1.8165625816049635,1.6816475612725834,0.9615269244877616,1.55303529971313,1.1818742942998404,1.9199051583549265,2.0005469617953997,1.6023214407355568,0.9175129167131895,1.9090528480106128,0.7687046309779818,1.685788578912235,1.9838891277291548,1.4415096974538177,1.1602644976049974,2.0624232506620848,0.5192144585323021,1.3515148230271423,1.825762304284888,1.233702527268129,1.4218754558832298,1.9734760891608083,0.7476753072841593,0.8560086664666899,1.6577458629834751,1.0032213628139142,1.3649905491095662,1.8923972874857702,1.0947901217318636
18.650000000000002,0.8345196348211359,0.9507018467560077,0.14029515561825098,1.8372595445340467,-0.15962998614181156,-2.5406186624833027,1.4416297923509522,0.739562946696078,-0.6152611729869519,2.099100698332641,-0.0832165077474567,-1.7299266965287607,1.6329009932847836,0.7262074211551219,-0.1959484842924708,2.423738848628527,0.14643158857237104,-0.6197150574988516,1.9293570509600417,0.7387928406691973,-0.15457355422376484,2.6192328225616146,0.4979052005672635,0.28853043620927943,2.0098279747431915,0.8020994676502176,-0.18828589786007222,2.5308371541100305,0.9109776883385257,0.9664063349158266,1.7390610427716537,0.9145637685572463,0.001298033066405191,2.289163075508114,1.3313638315214193,1.400837140183269,1.2180221554637443,1.0921051619315705,0.3299583973470841,2.1592440375565114,1.6593132069588723,1.597344767701321,0.9465499492199498,1.2776680368540803,0.7923736019649371,2.073326086325029,1.9252242633715655,1.6326258691060624,0.8524762429373873,1.5257645026469207,1.1491995495311886,1.9017951939245936,2.089345907427398,1.5562559488852183,0.8608857940918808,1.7586014281226376,1.043197816748115,1.6279030449617427,2.1096434884206827,1.4091993065043806,0.8330644625397214,1.998852719336277,0.6807320579861871,1.3247968116062125,1.953546003620894,1.2217070401995134,1.0882113440732337,2.044038107041739,0.662274076607404,0.9282693714694945,1.6946407892085702,0.9904275831578679,1.3119681965557706,1.8780245647289846,0.953849103347879
18.7,0.2652554035156699,1.1084152778447511,0.07208180479463444,1.5906542673719137,0.016317999755561807,-2.4580868633720954,1.0050712628297584,0.7678778007204621,-1.2450837724574793,1.8439112395478774,0.08545395296278624,-1.697375008758812,1.332715722899577,0.8013167040988778,-0.1687526645514683,2.138201789723637,0.28230271354547476,-0.598279833847708,1.6370562587399533,0.818655635510322,-0.011502493667359226,2.3140875167023323,0.6261529123118903,0.3136190477037096,1.805492639343385,0.882589981167464,-0.006296913647076963,2.375552603560518,1.0355511974743603,0.9925368561700276,1.7484303107797197,1.0103466065743512,0.1863827367620885,2.2117386251520177,1.4479264223436106,1.4274814360838588,1.4040495048680324,1.1942058088895127,0.41159813832573344,1.9720813794375092,1.8220268335812495,1.6294960358116577,0.9471567153895033,1.4063928021355425,0.5323927592942324,1.89793464232495,2.067337625352166,1.6254104418455408,0.7485423479129634,1.577347180709812,0.8840648028523203,1.7979530357987095,2.2000370362073207,1.5221762510103602,0.6985551065147089,1.7509234966033798,1.0660145116864004,1.571739914455379,2.2092852800242424,1.37371716466955,0.721481417910621,1.8637879013073346,0.8982748624109593,1.243812111027367,2.0881653924258026,1.1964567951218419,0.737232343060632,1.9877070626066138,0.7320852809936392,0.8992474693265162,1.8287049026490187,0.9797097805826493,0.9942314517836088,1.9557169882189465,0.8756467423612594
18.75,-0.18651205207066734,1.2807023818038767,0.2529806076103283,1.2075805328655864,0.2748810078148156,-2.392442545221515,0.4452694405554123,0.9135542009947165,-1.4775406922424752,1.5544928317836093,0.28363265848759145,-1.6201023109628514,0.8438569711710289,0.853717152915344,-0.3629885737469547,1.8498233094875904,0.46395402940626607,-0.5847731786149992,1.233083226529992,0.8851030323762936,0.10151659445583938,2.001072466092957,0.7671386062801,0.3129697724294897,1.4937754174765492,0.9674401540372206,0.20953348553509848,2.0207389753779648,1.1675076746675073,1.0042802149447476,1.5120187728192938,1.1110872713111068,0.5016784446368024,1.9764994135067404,1.5657446310669876,1.4512543359148378,1.349334670877,1.3173950946301036,0.7576325109196481,1.790576463422191,1.9169827760132874,1.6642776566878692,0.9930351365733072,1.5247577817630724,0.6426780684167879,1.5886184637405787,2.195676503302195,1.6756719461681484,0.6678101476740945,1.723359089259072,0.6433469441889317,1.54750006517677,2.3216530499074794,1.532637643411997,0.5159342694159792,1.8059594881484946,0.8660627799058028,1.4249682762168359,2.316730367180466,1.354533611096345,0.524255371830681,1.8647492425506447,0.9782840207588659,1.1600433514178876,2.1934096139756964,1.171575176975863,0.5811870487102948,1.8641022020218638,0.8662029185505684,0.804021630998415,1.9643768112546778,0.9610840764142381,0.6345311236319591,1.9000590480292194,0.8987894088062348
18.8,-0.43519373953816426,1.3404188211218564,0.4220903679089243,1.0490619622220043,0.38138373198973063,-2.3988489008833214,0.1154512723937422,0.9729935434993996,-1.204198950973284,1.1735733362255396,0.538915023347446,-1.5680762259610581,0.28859563973397506,1.0044771603638494,-0.4432083636662951,1.5560653338558939,0.6595867562517377,-0.5442721573808126,0.7217216148601908,0.9537891714631526,0.11004897794443735,1.7242974665846056,0.9387824292137692,0.29358992616000473,1.0592010385025064,1.026540487127054,0.2607591520401594,1.7233641707794556,1.3022712651461932,0.9709186031321279,1.2360327965126534,1.2033828740624228,0.6374394899630389,1.6147355233452432,1.6929903205524122,1.4374937481199246,1.124884363369557,1.4303971002018634,1.0389626866145456,1.506902745401213,2.021260141353327,1.6776975023550857,0.9142425260978968,1.6609268687230763,0.9763896163006304,1.3321588837541443,2.265795016719576,1.712282888321163,0.5979276405631146,1.8358390359899728,0.7518912162881023,1.1564130386431781,2.411742683383684,1.5944904848552655,0.4018427277213461,1.9387923431948464,0.6594958996701964,1.1276316594167257,2.4137723360061902,1.3783993702372843,0.282293153168805,1.9046217070081313,0.8569249379361719,0.9861579051648484,2.292858460977576,1.1645334423912401,0.36249438127230316,1.8629117689397015,0.9732562811899238,0.702178785223948,2.0698435614337107,0.9450061770235318,0.4490855312469011,1.7861828121528776,0.9489196959662903
18.85,-0.43682789690404167,1.3185017409488047,0.5034191886830877,1.0472879510271427,0.4201231867067112,-2.4871729899281365,0.14077713181128737,1.1170915993902335,-0.29981147061742064,1.0982864114123636,0.6094430493642666,-1.5655135213058837,-0.037587106568224504,1.0788768871407202,-0.1499994647893521,1.2191521694467045,0.8846648343741337,-0.5260079953370936,0.18429074814689628,1.1128423616797611,0.1299707512474848,1.4767217294117962,1.1031070094126205,0.2909782018633751,0.5762388662569804,1.103331183209818,0.21494683540894094,1.4947993953915706,1.446379948340779,0.9179265035214009,0.8356663312889101,1.2588681051219528,0.5420897223006645,1.3671832875758927,1.8120313340591299,1.3729816436314308,0.9226873146686138,1.5239839258297656,1.0663372185233189,1.1747598788074942,2.1357289565381232,1.636805120052619,0.7207502761511273,1.7769936903168857,1.1848044362845949,1.0322088965795606,2.351721851962123,1.7121699362735305,0.5158930391271352,1.9646454025914428,1.0424818346456983,0.8576103463561635,2.456992285497368,1.6280581326913401,0.23690739862700694,2.0324834824782547,0.7423458115637744,0.693640470045942,2.464983282797406,1.443731102691093,0.15293890625771311,2.009660861437847,0.6842030655624907,0.6665191893665989,2.3627801714781604,1.1955121136306035,0.06543507182064245,1.8756949403945926,0.9245482109820297,0.5146809010106068,2.1570256112032404,0.9459667679427008,0.2146786119204569,1.776087267069156,1.0437582832747765
18.900000000000002,-0.1044922748115003,1.1813003180333872,0.3443296818388886,1.2600959123263,0.3930059717713541,-2.6013516020610883,0.4989193412062749,1.1607511953061256,-0.1287106794210553,1.2502666939933271,0.5980226884683959,-1.6205392549094406,0.06580939283988463,1.1827597753956482,0.34553920069516497,1.2317267955268019,0.9246376915592025,-0.5291010703973155,-0.13831042571367957,1.1988565206961812,0.2322447046892897,1.2337096035278927,1.268222037902007,0.2746601249559381,0.09468133566832115,1.2586777852981752,0.18892046211178876,1.327780405141552,1.5616829575236268,0.878464133637924,0.41650232197868675,1.325145488550421,0.3309405069236788,1.210356995187567,1.918238240118515,1.2957056016362427,0.5944114723911008,1.5679924817438189,0.8536992896415572,0.9985065975777419,2.2326803737268164,1.551065179363305,0.6092440619028188,1.858310857008515,1.1661155139386534,0.7565477614895322,2.447514260415933,1.6506373921892752,0.3577008050604068,2.0663147524880325,1.1975063642624866,0.5701556877824521,2.5224380335029983,1.6153672090208808,0.15669584846223017,2.1424301007201723,0.9747568937683396,0.38218444717134314,2.487230198944115,1.4705806093783336,-0.09158882240662997,2.0813387162664445,0.7236228524101784,0.22206958557521084,2.3762615809026566,1.2561175335390617,-0.09028485328237756,1.951106765768766,0.7845373986160145,0.192586456356314,2.198440199548082,0.9774513983560529,-0.1385412137539952,1.756667478154271,1.0563617606986342
18.95,0.4814107995112419,0.9858843414324701,-0.029291960609841225,1.696058730539387,0.34838413902263277,-2.7404371621638894,0.6129872817349824,1.1412474768233696,-1.3779657345962402,1.6122976897268848,0.5429886970995801,-1.712962485036426,0.4607629192884839,1.2007315104414986,0.1809658991703338,1.4897743044788347,0.8864056178304391,-0.5787716883631483,-0.00036454423812237735,1.2751779168154147,0.334787853872878,1.3322678535278376,1.2817178475771906,0.26406690586149456,-0.2102710545504789,1.349608386529679,0.21035403426379018,1.2051105297600273,1.6519672835028332,0.8355739726822683,0.012680872128818521,1.4529879408828645,0.2222284391322421,1.139587979017267,1.9781102717711274,1.233582021840689,0.2599351895510976,1.6000018869497148,0.5190937635751371,0.9228864069152509,2.2974953670070386,1.4632991235307213,0.3683603092819986,1.880918476512329,0.9424542712818497,0.6605801218910434,2.519478434150051,1.5568066824162878,0.32919763777508737,2.1273542612593004,1.1629193235346647,0.36786704392344216,2.596630912906921,1.5430607505361964,0.03268023509829143,2.220464846452198,1.0979168299750666,0.12906107724263816,2.532097463942349,1.4483522596298426,-0.17321376061461513,2.168806913860772,0.8821248249631657,-0.07857712407438822,2.3780776035602913,1.2737340099095207,-0.3963490977719144,2.0024387312638305,0.778523388243084,-0.23717242185226972,2.1765792374560555,1.0265003565481279,-0.3415363080338246,1.8092099143866192,0.9608728784520615
19.0,1.0531748444317288,0.9340414371885655,-0.12848501239777793,2.2301074556294775,0.3589757792410553,-2.866829411245494,1.3499404399346966,1.0997078665571949,-2.1481652463199383,2.15451255241222,0.5008863640000172,-1.8643429184673646,0.7873062533836657,1.1827485232819717,-0.46775126957447855,1.9255862328740836,0.8272931564135022,-0.6739537864461476,0.4110428643044868,1.2804477325075447,0.30823276904830677,1.6429265930392178,1.2364549749336318,0.213952724372451,-0.06297303008908028,1.4013858199494693,0.2934073892432629,1.3741364258472366,1.644996202544129,0.8170295688208797,-0.2686754274446974,1.537217226491577,0.2518041393292546,1.1413983943185224,1.992211472241554,1.1773699501893142,-0.058268021615356824,1.6738600275795044,0.3491763876230485,0.9474228910102767,2.304457869246974,1.3942667276926062,0.13531528871759868,1.8677536239565349,0.6334881417975414,0.6642103845325664,2.5447500406921164,1.4717825575189603,0.17153620730878238,2.1167396339701985,0.9584549082026734,0.3520179005532986,2.6440160509461474,1.452983084858524,0.07536336367249374,2.258159049052106,1.0748284201892733,0.007490825615916741,2.5841128977429006,1.3750853438832666,-0.26289574729922016,2.219526717409636,0.9823229800079739,-0.28345716978694036,2.4033585195275853,1.2456974472566151,-0.48154544681613454,2.067534700629462,0.8521190944907069,-0.5102796688836486,2.1607543161945086,1.0336828601777015,-0.6832734453332654,1.8433822001876594,0.9320355785587071
19.05,1.6151167757766012,0.9891991099013541,0.019788179370771784,2.627911162147063,0.44460196453471656,-2.883699265089202,1.8397400032933278,1.029519368374883,-2.1864766156851183,2.711225503465453,0.5587616504768445,-2.023788865131663,1.4862058860321075,1.1643416478176323,-1.0714790795640328,2.473968967018332,0.8036107940571746,-0.8284043567373391,0.9409500643622555,1.2540609441034898,0.2033905253528121,2.071638298405847,1.1937333393443295,0.12298823764260218,0.3297476170665221,1.3898565372541438,0.39491783784237566,1.687958510724914,1.6069354032445204,0.7664423309904774,-0.138570521106695,1.5678363639835486,0.3732182412446845,1.3577481373744815,1.9714180440698326,1.152606892700188,-0.32069004440585624,1.7439863256768458,0.3930146669332888,1.060746741691756,2.2507102164138915,1.3379891408502655,-0.08955435126860323,1.8736800518183936,0.5135874877502328,0.7717020236719518,2.506900455402661,1.4085277450905147,0.026388970220689534,2.056742966399347,0.69654947214646,0.42626222382791124,2.635310827043935,1.380217281696115,-0.007369418084439361,2.215192795982418,0.9120563899604894,0.0652816126179312,2.6092611208706473,1.297299740233675,-0.16138455903006205,2.2362719846461485,0.985713071549837,-0.32474860765114855,2.433906378203213,1.1794814931719033,-0.534002384237225,2.089535009332554,0.9262593652823503,-0.6601746588325197,2.167959177570283,1.003524852037978,-0.7697279304604369,1.8870546408820579,0.9230991448454984
19.1,1.9974050689498086,1.153797029133902,0.10212911005998733,2.921785010629243,0.5964691275406508,-3.0141901142769387,2.212299812838605,1.0507064644282944,-2.1152624665524877,3.051523775569107,0.6936004942715868,-2.118347514729699,2.1509624239105394,1.097260847633926,-1.2149476533010772,2.9629935257319007,0.903284552163659,-0.9663499391773941,1.599921300634608,1.2163920302595426,0.011657304308638317,2.528748919479211,1.200108330945595,-0.00020064039221216745,0.897721621292134,1.3375553593244653,0.3982815668212579,2.047987737397423,1.5920865618494306,0.6898761087319124,0.18532767458506627,1.5370097222299,0.48901126458484767,1.636215321176988,1.9487320474900494,1.104450515771364,-0.2347075612215277,1.761108121050133,0.5261676579078924,1.2994643916845927,2.2224408539158147,1.3099846366602368,-0.3396548570181195,1.9346302614379551,0.602336420869316,0.9736707703987557,2.3989815524320868,1.3618592511641774,-0.12438056298746814,2.0037145144063486,0.6129151680129841,0.5993460763144354,2.5635877292314455,1.3303765080166323,-0.07986004712641315,2.1189880021914487,0.7054238583689477,0.19813945753093698,2.5735123568735783,1.2419278073602702,-0.17874076303583947,2.1685817591619356,0.8748380630777501,-0.20361962939031475,2.4396994468697963,1.118966979158199,-0.38554302790567385,2.0910337454548955,0.9578470634834849,-0.6274582587462163,2.1783351276151883,0.9499933235418612,-0.7816903999945221,1.8789565271817583,0.9574766305175543
19.150000000000002,1.8695629498278918,1.3870928886835856,0.04433024383217353,2.9143030667308656,0.8305157697854826,-3.152835392453054,2.1839791769619463,1.1255847663836807,-1.72967391239338,3.2171517999742028,0.8907081678082096,-2.1948565270077522,2.6825827390364836,1.0917991131872529,-1.0057059272354505,3.226948496236015,1.074028249955854,-1.024570052149722,2.4181905161755735,1.135216968418189,-0.10718356678059704,2.867717346334193,1.3303883255501137,-0.06543527753420361,1.4700852677648168,1.2605494368102113,0.20807675510089527,2.351963690383392,1.6311673129855442,0.6183817218391396,0.6413011793506291,1.4549497308262869,0.43401793139487177,1.8900097082812595,1.9647343624610913,1.0489705134026874,-0.018858326504890055,1.7183171828333066,0.633174159627965,1.5175947637811182,2.2182647367532646,1.2676771672332439,-0.32034509236458764,1.9481811244553469,0.7482984934624136,1.2124993536844242,2.3688286599403208,1.3339989637276939,-0.37489754764090044,2.057552202354372,0.6989822050691936,0.8644476502257081,2.417249648163163,1.2982693770510723,-0.1738433548054632,2.027417079043426,0.6448962487322175,0.41856917850313646,2.4788735987098174,1.208505849216427,-0.19176025412841402,2.051324663418656,0.7243975631830005,-0.025337395183822053,2.3834522258524347,1.0824893245382172,-0.3473120956838274,2.0089371150075754,0.8970901818975023,-0.45549792637762376,2.1675115293608505,0.9087719548336093,-0.5979773418867402,1.8724733966605553,1.0046495888469167
19.200000000000003,1.3780913638011791,1.5984219702275402,-0.07144254123888003,2.6661050646173123,1.0594293236813834,-3.121473252769072,1.9000524486871215,1.2423262445595535,-1.1848043919010345,3.0163671572856865,1.1656206384901024,-2.2121006494466955,2.5140186486790457,1.1678325981720306,-0.5357689738353706,3.2591969666355958,1.2934757628965765,-1.0385206362273685,2.951289015066483,1.1268278769711422,-0.22704920783674476,3.0149649552508384,1.5145989037897944,-0.05856232761636326,2.31373043982007,1.1802395087827056,-0.11743618034351677,2.4950550677598393,1.7767730031042828,0.6395281915840412,1.1067697903189035,1.350801687982428,0.16037548985839178,2.0145781065457724,2.0315544464219126,1.031738202280058,0.2646712739570132,1.6189466183785346,0.570291323344293,1.6500637653382055,2.261920958263389,1.2349818965559658,-0.2339962483918252,1.9041062022068276,0.8415435908923732,1.3584013661951744,2.3829238812672457,1.3005898160761198,-0.42637948484791277,2.0775540703978406,0.8302010341987967,1.08702795829835,2.390024351179275,1.2738236127750158,-0.4327867603057831,2.0810887951589256,0.7046765453466474,0.7229991929711543,2.308877822765701,1.191991496876852,-0.24162811366175463,1.9448862149975805,0.6778573543776912,0.22543993933074713,2.2751730368167853,1.065224958104688,-0.3109477759316155,1.8855296919000415,0.7983543556968687,-0.24513113768732886,2.096334557432088,0.8902478291223692,-0.5140025769711096,1.7871768420996352,0.9815943758848097
19.25,0.7162189682405651,1.7887810069240933,-0.13058205348539242,2.278356963894832,1.278543753741831,-2.992866556400836,1.4279801231089646,1.3506888684138163,-1.861344203986543,2.60308503630581,1.4062684186567054,-2.111419527471113,2.0443202044438626,1.336450174838982,-0.6803251965284673,2.8932055420800262,1.5667072864215714,-0.9869596303870245,2.7126801286990134,1.246412816510887,-0.4212229007055164,2.9096085123518556,1.724300841724895,-0.011066002842911316,2.7502873212914354,1.2076430880204434,-0.3330492944152092,2.5051056699716856,1.9517430929680324,0.7075147425759356,1.8944962927528293,1.2968011253180236,-0.025978244760311298,1.9522463744351937,2.1752897976185315,1.1240333560379212,0.6379242836047139,1.5067184079303266,0.3780572439810699,1.5984305668217402,2.3468192405785993,1.2622320460264038,-0.11172043431818679,1.800284247710728,0.767671480999325,1.3721590695059493,2.447766106624881,1.289128639040683,-0.4479913246877518,2.040971323562248,0.9200517574392919,1.1601521345364585,2.4203416700825686,1.2516655490349564,-0.5465349056263415,2.1137386711748785,0.8116393113294031,0.9190896877788424,2.288091101691048,1.1733569609683492,-0.5089389643098667,2.004366821472699,0.7040193273374884,0.5489048797871243,2.0936522981411465,1.0627896123333358,-0.3237877952312125,1.7850058073695048,0.7626725306225386,0.020857075902522837,1.9816898013870423,0.8870468191735204,-0.43575462926847697,1.6696172744388984,0.9246210868924262
19.3,0.005411250803598418,1.854931326927252,0.027856127145235245,1.8274042441136196,1.4403277891997213,-2.853239359878174,0.763646216362494,1.5216147263399813,-2.0101846167096773,2.092904324190572,1.6025778922733047,-1.97793963895172,1.315408663587191,1.5123532381094913,-1.0560576784038194,2.3656305202676586,1.7759633061935387,-0.8899594775647741,2.0439563417991162,1.4754796929860776,-0.5021110621411478,2.4283290971533056,1.9469576270613598,0.06242534722541465,2.4724875435964897,1.3843415444648393,-0.19410072694792152,2.2754359199187535,2.1236261039733817,0.7937615882932466,2.186119393058419,1.3680192328528216,0.23021708184390133,1.8282664421951944,2.3211554144993474,1.2301565873251028,1.3012429054947718,1.4782223593209944,0.4639462561313248,1.351529031956864,2.4725869996268983,1.3976859136125563,0.1518596772430647,1.6803636863390237,0.5968678361749472,1.1680224903517544,2.539749460517951,1.3467423123085747,-0.4244342751002739,1.9384500833912646,0.8628649643976923,1.0700686896567646,2.4991558209226326,1.2584293307094474,-0.64404497511467,2.0871882607877303,0.9068378512360613,0.9262838875260515,2.3314093077494644,1.1631819711162905,-0.6698300041836358,2.0526726316663235,0.7822987781131155,0.7130670576816822,2.0812216033539803,1.051122747245008,-0.5919213370581702,1.8519072979207793,0.7606914440412886,0.34665869848241826,1.7980591226408373,0.8959363940324505,-0.41380166087848613,1.5887203869599937,0.9040944816711958
19.35,-0.4706745742001818,1.7834784951844511,0.43154792948784754,1.4000898353129365,1.4005956035520994,-2.817419204298391,0.15011624051643024,1.5518030790946349,-1.8597180396292787,1.6038176648206726,1.6989802613572702,-1.863233028417245,0.5128036316578157,1.6687086187890525,-1.0551106019179226,1.8066592671335524,1.9157319237643222,-0.8026121916451576,1.15919272489464,1.685366925673606,-0.4822294806218517,1.8732806584244033,2.085397815500526,0.1126905343006071,1.697577971435555,1.638884705032289,-0.025095335599178314,1.7415208003049765,2.2621201609827954,0.8519149245933644,1.873182531399343,1.5630175527313874,0.6536208523026312,1.5052728488113676,2.435820058634992,1.3271892202941042,1.3952867651433078,1.5615645284445088,0.9668169181849765,1.117459624804793,2.575528307377948,1.5155725961580169,0.6246586235488123,1.6479156439699902,0.7401598721063078,0.7772960244694804,2.635437409496866,1.4983522231085817,-0.24574799992607188,1.8028196407007422,0.7014824041151791,0.7483644951130008,2.588591290149179,1.3330556187985347,-0.6701052441556778,1.9843768087355493,0.8777505338179654,0.7530754470598167,2.4172357357839105,1.1838721023066567,-0.8135215103923403,2.0354856382958504,0.882663097862998,0.6647831222670852,2.1335352103134917,1.0518613487357842,-0.7838458571079407,1.9169550838497131,0.808992578709699,0.4768189545205592,1.7943966215760827,0.8912655355935906,-0.6702415846608423,1.6591461381558292,0.8933512026343896
19.400000000000002,-0.6412063022163059,1.5326441939938213,0.5857496051180672,1.2464821780714663,1.260444277944938,-2.9025451222299523,-0.011195840862253448,1.5152583591480369,-1.5563441582417696,1.2757959449873013,1.5402243911704165,-1.8145569238271442,-0.08338229170290323,1.6143652012887153,-0.87970124328991,1.3482936037388038,1.9382388672449535,-0.7357891372454148,0.30035599179109185,1.8029457718771753,-0.41369865872886774,1.363644242574007,2.1458855545408766,0.13638994239533658,0.8320010442402243,1.8306424482028278,-0.08067093285652832,1.242354299013475,2.3120681509813372,0.842615297504577,1.119704584121171,1.792971733782208,0.6973906780614432,0.9832774261729771,2.476748940908228,1.3523657341892183,1.0694962558744066,1.7202651506119078,1.3536542052679277,0.7429799769131673,2.6247971849617593,1.602185073605104,0.5200224462290373,1.703167366458365,1.237348794675926,0.46920274361351044,2.6893786279787757,1.608435345382853,0.013123226263691556,1.7435675257682095,0.8184205916451422,0.262724670284018,2.647570467260286,1.4809527300385432,-0.5737728014067569,1.8249686248861574,0.7137221197513407,0.3511648344214402,2.4966052158763747,1.2640288309761838,-0.8663795259640668,1.930205884273088,0.8832025208564317,0.43031083391124714,2.2200332325739005,1.0813013152506845,-0.954076135657921,1.9089904210214172,0.9060288206344466,0.3848267532656813,1.8512755978989914,0.9004997349270893,-0.8795975558924138,1.7409808996609097,0.9170108148000524
19.450000000000003,-0.5941158238561858,1.243758083887657,0.4837286615168204,1.2357444592184397,1.1021151503461963,-3.051042203030645,0.02275872810256585,1.4516976655222305,-1.1097964824969304,1.268533345207823,1.3646601631742563,-1.8679284655558464,-0.24655312838688337,1.5428943695309776,-0.5995653046994496,1.1309472441804758,1.704149077000814,-0.6948887176581521,-0.26039244330891886,1.6871271951617528,-0.23308795005384497,1.011968415857507,2.0976011565681656,0.15594535586990926,0.058562971867630265,1.8950549934081549,-0.129168860317263,0.8568439108138515,2.291446602307305,0.8112386115382717,0.41892968181808227,1.9335024756952572,0.4265126334198312,0.6017633954871071,2.4412679404838977,1.2955402245452086,0.46993797562861084,1.894534353128455,1.2409623380551569,0.28668330442728873,2.573271256693246,1.59501144268174,0.24076032506062317,1.7980017766050325,1.5300483945121581,0.08605266048334226,2.6755827009067783,1.6744776442251936,-0.23456015208142622,1.751205135723553,1.2466721918702204,-0.08078770211824349,2.653622765140773,1.572815166873404,-0.5065347262232076,1.7290487018804293,0.7590387645428472,-0.18240382418368561,2.516973932365869,1.3952762425137255,-0.8571524745745596,1.748017530370813,0.7174319451745748,-0.017360602169151917,2.283926545311478,1.1576627628018155,-1.0327202311433281,1.8040369303459542,0.9324121523228952,0.10993083928616976,1.93291938895655,0.9333020448718665,-1.0679853658440057,1.7444798307187097,0.9961203813134947
19.5,-0.39472599303620476,0.9877928693121141,0.12936789402315635,1.3134938699144305,0.9910719326412066,-3.1436783536742063,-0.07294980208959978,1.4298537279781036,-1.0409508006395596,1.378669772653014,1.211339531520635,-1.9777427427327727,-0.20621032145716933,1.460284362357111,-0.2753196304606058,1.2405383603676912,1.5223769319167497,-0.7380326926841219,-0.43484988015886006,1.5936070093698214,-0.026673418098619006,0.919176143257121,1.837719928231712,0.1820455680028644,-0.4181615636372469,1.7483706676743682,0.003442140306867153,0.6563395686241957,2.187578037473099,0.7967635307192755,-0.18229718046487375,1.948995394815845,0.19562489595564458,0.38072817299529493,2.3530084749300926,1.2320740308882254,0.010409569314322853,1.980135541012765,0.8345151692189146,0.054751058985287315,2.4691559076693155,1.5139368045988004,-0.12686953764198106,1.9163223500322828,1.3348534506916832,-0.26890381490800586,2.5489167397962498,1.6458282598766139,-0.42295065392043685,1.782966751706267,1.4695364795851698,-0.43639011837209196,2.586338968267813,1.616751859448811,-0.8169884223325927,1.6901800399275566,1.0910797308441806,-0.5275988331776382,2.4809253686359245,1.4651191693500087,-0.933372194750548,1.6199727094405407,0.6768913824298138,-0.5591145763686445,2.267168289668644,1.2647222972430128,-1.1092961886207275,1.6115986579647776,0.7801498012431188,-0.3538442276325604,1.977926070007564,0.9988048886573886,-1.1825104330715779,1.6491495353736427,1.041532448192607
19.55,-0.022593839872446318,0.7265127907583185,-0.41904960586508516,1.4843927620191266,0.8906493471937962,-3.214752077062868,0.18577895771304132,1.3209417005224093,-1.75614620711539,1.5429075517823732,1.121402669670275,-2.042032306030829,-0.15684713296392316,1.4128240285563032,-0.11624284933337403,1.4387104080347068,1.39330535366934,-0.8309891186831387,-0.38876126863809457,1.497414053655237,0.15763320752450205,1.1123443351614837,1.6809065050834604,0.14357819819392442,-0.5781173596428779,1.651521290706395,0.18831145994901616,0.6833119305624624,1.9432935402634932,0.8066483488261988,-0.5557049269222598,1.8028649660825993,0.23455911388626294,0.343285903659587,2.2143351243367064,1.2007645660074366,-0.3948900054163439,1.9635128586562014,0.5014926460481501,0.005376181033414085,2.3338803485709936,1.4422208485312549,-0.3381332682850429,1.9666478374961796,0.9138414018101632,-0.3462875770683471,2.398360306099987,1.5623806987357969,-0.5645744949546169,1.8597953094293638,1.2634762469845973,-0.6725222644071271,2.406729623455844,1.578973802405591,-0.9023508599193222,1.6781279885854345,1.2718173413420113,-0.8299514109792527,2.37283428574437,1.4897197090988745,-1.2444480922370609,1.5477604563949738,0.8973028369640069,-0.8803715313035321,2.1970092552094203,1.3125714263376154,-1.2787916373303305,1.4652371049622432,0.6675155763318308,-0.8726768950303443,1.9279012020112052,1.0780980736432288,-1.3342514011022986,1.4670496425434942,0.9307892306864393
19.6,0.48699124802559035,0.6268927634781396,-0.5251569593594468,1.841711303843283,0.84812218336237,-3.242636893893436,0.2748143693926426,1.1905524630124915,-2.4200799815032092,1.7918101378855766,1.0548179391286086,-2.0896250139504318,0.08608007280179653,1.2904993564900482,-0.4385327622036641,1.6662555736740359,1.3425388862527854,-0.8879264293648944,-0.22805042619866267,1.4227123073002537,0.33293414155694345,1.3598196044214994,1.5951056795267706,0.06390154927832815,-0.5261668465068652,1.5508231917744537,0.40804669018581424,0.9232848096957946,1.831266212495798,0.7701185440691625,-0.6886228502361134,1.7179569972459456,0.4033799432852938,0.4713603289689816,2.0141653139716165,1.1959150934209413,-0.6688539133831211,1.8446735009322563,0.4842168140319747,0.11744516062863308,2.1808904293030795,1.407758727147073,-0.5620878525011174,1.9403412299040337,0.6356662363725474,-0.24032372717591066,2.2370966911826504,1.498648050757026,-0.5718662516278138,1.8922878203974616,0.9031324473264253,-0.608088120491157,2.2312475265456477,1.5069355263253592,-0.8572149035772181,1.7305460268522044,1.112846632734517,-0.9443382057850203,2.1616489508536016,1.452115677837561,-1.2323979881122438,1.512082242608684,1.049927382263,-1.1144442612301875,2.0608768562383473,1.3219854464320258,-1.5550733969764525,1.3746817262514037,0.7705299944226055,-1.1528066391363723,1.8322541629368128,1.1059217374987673,-1.5582450662258607,1.3183978859894183,0.7900715740364224
19.650000000000002,0.9925732541782896,0.7361558767255562,-0.1103387335193,2.172640589422241,0.9311218286016798,-3.225035339731537,0.6145664041035783,0.9631777808167818,-2.3178748949058563,2.217861117374227,1.0731134980246781,-2.1148013766671028,0.44992625666278396,1.1346764416301571,-0.88866027557461,1.9530356433420826,1.324271285232322,-0.9265137418598881,0.03373543853548666,1.294896637723263,0.40279687158163946,1.6188884402229942,1.596724346973637,0.012458269799749781,-0.3274263280855698,1.454822647856803,0.6459369659990066,1.1828685965213603,1.7965425805082902,0.7025134707972672,-0.6371415996331817,1.6200814287807563,0.6316614531586191,0.7242683974246678,1.9549487352016415,1.159587149448069,-0.7780319078709268,1.782796356719565,0.6549077082797976,0.32059077307529993,2.040116322814818,1.3902999778976215,-0.7510964220718563,1.867735335385152,0.6681538513696458,-0.006964590338256471,2.086542688140811,1.468110449697461,-0.6575268054530524,1.8716786845870643,0.7239030242768538,-0.3747527499341752,2.061846560653887,1.4578914645772478,-0.7096913228764306,1.7595558024361195,0.857775854319193,-0.7598309296440942,1.9786862694721452,1.3971091078216413,-1.0415705371798731,1.5489032192299326,0.9713257213832068,-1.1141277747772804,1.8357955851448737,1.2899883047932759,-1.4582111386664285,1.3241874442496144,0.8892632576108661,-1.3126831791631144,1.6794751262649021,1.1042961079509894,-1.7855202195391418,1.2187147190852032,0.7855859046704362
19.700000000000003,1.5286621102020768,1.020581902027542,0.37660704304080495,2.438548178474327,1.0835851503471599,-3.222998735596765,0.9094105365050078,1.1400276374806915,-1.929063050143107,2.565410140416353,1.2381383813604856,-2.106852316307181,0.9305330879653186,0.9344917794083574,-0.8127295972481012,2.3626268269177153,1.3994217315558326,-0.9336322625680207,0.5596787135310355,1.1002255819504705,0.25917466839348813,1.8990538270315582,1.6337747226946497,-0.0152336478835618,-0.05167825634324541,1.3242746970045456,0.6867471391194604,1.4423223613123115,1.851197897650072,0.6571609838396366,-0.45145299373926884,1.5131330360169506,0.8272859481529372,0.9656621499394813,1.9691511165242082,1.1028771388334624,-0.7332964887036779,1.6940644445687916,0.8743222406483822,0.5593794715391942,2.0324174129117023,1.3530813814461635,-0.8466308102666109,1.8366507658168898,0.8910141163531866,0.24404471858762822,2.0097344806470216,1.4401005721749687,-0.7906357613524988,1.8521255508906431,0.7973262230663599,-0.05284202352338507,1.925805865598551,1.4326283398153794,-0.6981001367904753,1.75390508111684,0.7810242658828291,-0.43026230176731683,1.8143620127348359,1.3627552416334632,-0.78114052371228,1.5795231565491892,0.8330099679046015,-0.834481819164048,1.6578354998417444,1.2521856198108827,-1.1558283181012392,1.3416342755485315,0.8921019299093192,-1.2112038032083428,1.4539243866820484,1.080369753208823,-1.620612840177542,1.1467310358678096,0.8431487836598858
19.75,1.7355086192582627,1.47272182509441,0.36053043881795366,2.5734838277397554,1.3385864805601349,-3.427905611935499,1.1588111004126822,0.9296622674482438,-1.7422744878962337,2.806623767807803,1.4699017231231626,-2.1096458338819857,1.305279259778556,1.1079534395949808,-0.5377623540060319,2.662444980606451,1.6249863209685944,-0.9056562777417995,1.102369945438061,0.9758669814751662,0.06458400544233589,2.2142975042863666,1.7530161345229094,0.014745835554516862,0.4410336278593596,1.1152083628737377,0.32495172107041737,1.6807760453527854,1.9377993369570967,0.6410086886476998,-0.19018380543644264,1.3837288335714757,0.700902797455201,1.1997084487819887,2.067696383607823,1.064189851565495,-0.5744951864230934,1.5877348345612408,1.0044411407253329,0.7615439019929582,2.086808437312316,1.3059328425868557,-0.8149545182550608,1.7629963928262375,1.1418008860495,0.4500290669655671,2.0466055084322154,1.4020630231369646,-0.8873359594661725,1.8523637977910867,1.0375586236396215,0.22241794925291103,1.910319118845205,1.3964115320565684,-0.7993710345264382,1.7875711387061697,0.8749260312832047,-0.05093801295990019,1.7003719107086024,1.341294028653871,-0.7049836342272225,1.5905761727647327,0.8376148932153639,-0.4385048727004337,1.507292239557656,1.2294095061264199,-0.8149830903413695,1.3675723099111523,0.8543641829371168,-0.8618258830639869,1.289092086550041,1.0574077566452977,-1.2339553974413229,1.1316050902795036,0.8917674969777016
19.8,1.449765803891182,1.7917480020066856,-0.2199071659538959,2.412617025924395,1.6254767609250687,-3.6611562776250715,1.0405276074353706,1.1358243413609668,-1.9864363727351686,2.8265828509411017,1.7972009811131273,-2.2577410711511883,1.4948946619714154,1.1100579988702766,-0.6247934646594164,2.838670631285698,1.9068608407485876,-0.8935616788602213,1.5374601575579487,1.1414841603317478,-0.2568186109427244,2.411043661467316,2.005748749092183,0.08325843523608087,0.945469325682355,1.089269684509314,-0.23155282404077884,1.8548066043166278,2.0807748923485323,0.7099732046761398,0.17713819951521037,1.1957944893099808,0.1560619585003814,1.3741812341927684,2.1895012368118847,1.058151325884294,-0.35066351179927824,1.4639335744730482,0.7830746133144293,0.9520999965326427,2.214828111854341,1.2741215780049608,-0.6778249478124914,1.6674048140013649,1.2453304048209948,0.6011921805686704,2.129687791340662,1.3637482753463464,-0.8737703350187331,1.7941191016352969,1.293670744578295,0.38533063793158906,1.9826251783771864,1.359090029726761,-0.9061886496644411,1.8178977475604745,1.108699198146995,0.23026701886847967,1.7393113815344896,1.2999423172781455,-0.7904807220169421,1.672883646886143,0.933724117771165,-0.02874609841496678,1.4191095364567619,1.2098645655255946,-0.6967989063550132,1.3902576394045163,0.9098494399051935,-0.4265326520282464,1.1574262056365558,1.0426901206682482,-0.8361531839842885,1.1373188566102033,0.918601748363102
19.85,0.996119733924612,1.9996036287342345,-0.5967816441360895,2.1500274068700387,1.8782828086443437,-3.671570784711986,1.0594261443671775,1.4716644816383182,-2.5410291173232573,2.51603523548388,2.1305451039178855,-2.3931992470992056,1.411111090379121,1.5153423305469265,-1.098844163779601,2.731868182149273,2.2492770682001804,-0.9784916528386175,1.7508172455436646,1.385019065334775,-0.6957217643686788,2.4923264852742077,2.2961324067374034,0.1227562697320736,1.4142927160862078,1.293417400911213,-0.5126776499083272,1.919164465517058,2.325059492281184,0.8157743373851883,0.616801488350482,1.252470835393427,-0.24793867271013303,1.392324795420672,2.3338489194086707,1.1560351650454426,-0.09233615007428542,1.3095409550014203,0.25233687973517016,1.0529402608646654,2.3541913550627136,1.2760922900048657,-0.511072055417916,1.5463548676173002,0.9830370992204662,0.7381941884804943,2.2718843600615357,1.3392532534462143,-0.7554715598125934,1.707151142241186,1.3794678580813495,0.4817633195366122,2.0833217214207256,1.329856456678851,-0.9143582481819565,1.7747745486766047,1.3565051686270995,0.34649718152236275,1.837678920897634,1.2656941243746722,-0.9101992940066217,1.7313974993791363,1.1487645112407712,0.24516848307523986,1.5033741353021202,1.1671067595721751,-0.7744191950277675,1.5137296074415096,0.9968715177814815,-0.008862166135958915,1.0959139115704453,1.0241385972672634,-0.688181027035661,1.1624788110295827,0.9943940246807241
19.900000000000002,0.4195466314005253,2.167661631307392,-0.5383379589099786,1.8926123229126102,2.0805876009903854,-3.5094068693639535,0.9275556806007584,1.794452225136491,-2.6795994826512954,2.1162361728088452,2.3806308012834365,-2.3492128566798924,1.3409895807800953,1.9642760030480737,-1.3563150124850205,2.3006991545722766,2.5529489123269333,-1.0486867431630125,1.7107805851636817,1.9042471450961225,-0.70865219651127,2.263204511066683,2.5902741451795928,0.09554919166091747,1.7137481543785498,1.6636620051161475,-0.3337102735077079,1.8955965309390521,2.5834707751139474,0.8774136741086416,1.1147128803349027,1.4933569786723624,0.02797005994944557,1.3224912138891654,2.539206094208437,1.2829940474240624,0.29891060971346306,1.3994553530972942,0.11862177755255221,0.926310220161688,2.4805013844319457,1.3892830406277168,-0.31337906235404067,1.408346678528055,0.4522789291062843,0.7658165285020413,2.4123341464879666,1.34792614530636,-0.6379620187593225,1.5828152843160153,1.1004000189665741,0.5622911817482912,2.2267076478870673,1.3136070971711948,-0.8141740904764991,1.6921237809120262,1.4346937791572214,0.390033810856254,1.9466528454056187,1.2461212364885998,-0.9417514964045095,1.7040709895630928,1.3804393504439452,0.31560977904208976,1.619042419096235,1.1383323681240398,-0.9045548093483395,1.5984100624564783,1.1886542770035857,0.24856687047829062,1.215254619856927,0.9840094728073256,-0.7581257472190253,1.3179119463671676,1.067680483582232
19.950000000000003,-0.15266208705240727,2.1857885430170816,0.016392485856343165,1.3709828186688933,2.1024257719162254,-3.3969018005063134,0.42067910441678247,1.8686525305445327,-2.4455999253262664,1.7583990889974555,2.5293400415075684,-2.1824867673272705,0.9791549337751206,2.2506716200890544,-1.2076025488211302,1.8170513358617013,2.737381997412771,-0.9886219571059226,1.4825832161890533,2.3472120814008397,-0.5129326336839296,1.7648412076235864,2.7924776589371914,0.06316241114582899,1.6975597209814017,2.1533495455277123,-0.015306937403342658,1.5678393758760123,2.781532256879111,0.8890552226865217,1.4791653727335943,1.8486050194662225,0.6799691972927563,1.2039926359864506,2.7349364217239525,1.3536956040645645,0.7830137258378631,1.6292243596118245,0.6969001169731839,0.7418044296679582,2.6265624516972874,1.5198524902171855,0.025028672947484676,1.467152385322875,0.37090556509610884,0.5212667464813103,2.5071861965390485,1.4652518273314807,-0.46733838029336106,1.435974086767633,0.553638267229439,0.5239583630255096,2.355727765237614,1.3287210418650568,-0.7378261413649176,1.5579246490479566,1.1572511746020655,0.4161970144353999,2.0815790820881297,1.2388913057187867,-0.8603879380850215,1.6238484932977597,1.458926173916867,0.3113359342237043,1.7289009086627827,1.1286701354610473,-0.9596690925635984,1.5893273691656702,1.3978507194796783,0.27701224730188656,1.3402701385476035,0.9626134602704983,-0.8913875570704692,1.4262166169444481,1.236504935747977
